Cancer,Transcript,Tx_Label,Feature,Rho,P_value,N,FDR
ACC,ENST00000336517.8,FL canonical (9-exon),M2_Macrophage,0.1361,0.23799379164124318,77,0.9974652639965785
ACC,ENST00000336517.8,FL canonical (9-exon),T_cell_exhaustion,0.0204,0.860389577781653,77,0.9974652639965785
ACC,ENST00000336517.8,FL canonical (9-exon),Cytolytic_activity,-0.0686,0.5532141209491037,77,0.9974652639965785
ACC,ENST00000336517.8,FL canonical (9-exon),Treg,0.0119,0.9183044823766355,77,0.9974652639965785
ACC,ENST00000336517.8,FL canonical (9-exon),IFN_gamma,-0.0004,0.9974652639965785,77,0.9974652639965785
ACC,ENST00000336517.8,FL canonical (9-exon),Checkpoint,0.0392,0.7350149462733371,77,0.9974652639965785
ACC,ENST00000336517.8,FL canonical (9-exon),Myeloid,-0.0266,0.8183405830684314,77,0.9974652639965785
ACC,ENST00000466960.5,Retained-intron,M2_Macrophage,-0.1596,0.1656606159637502,77,0.8059344208496274
ACC,ENST00000466960.5,Retained-intron,T_cell_exhaustion,-0.0644,0.5781645162190889,77,0.8059344208496274
ACC,ENST00000466960.5,Retained-intron,Cytolytic_activity,0.096,0.4061888360930489,77,0.8059344208496274
ACC,ENST00000466960.5,Retained-intron,Treg,-0.0599,0.604891038535265,77,0.8059344208496274
ACC,ENST00000466960.5,Retained-intron,IFN_gamma,-0.0023,0.9844304214815287,77,0.9844304214815287
ACC,ENST00000466960.5,Retained-intron,Checkpoint,-0.0658,0.5694812378168292,77,0.8059344208496274
ACC,ENST00000466960.5,Retained-intron,Myeloid,-0.0461,0.6908009321568235,77,0.8059344208496274
ACC,ENST00000394860.3,5-exon truncated,M2_Macrophage,-0.2048,0.07395361343459647,77,0.2742918155980994
ACC,ENST00000394860.3,5-exon truncated,T_cell_exhaustion,-0.1335,0.24708040710895854,77,0.34591256995254194
ACC,ENST00000394860.3,5-exon truncated,Cytolytic_activity,-0.0638,0.5817484501392407,77,0.5817484501392407
ACC,ENST00000394860.3,5-exon truncated,Treg,-0.1798,0.11755363525632832,77,0.2742918155980994
ACC,ENST00000394860.3,5-exon truncated,IFN_gamma,-0.1932,0.09223146928226975,77,0.2742918155980994
ACC,ENST00000394860.3,5-exon truncated,Checkpoint,-0.1375,0.23299671329607569,77,0.34591256995254194
ACC,ENST00000394860.3,5-exon truncated,Myeloid,-0.1068,0.3554074357838616,77,0.4146420084145052
ACC,ENST00000467555.1,Short isoform,M2_Macrophage,0.1069,0.3548120017122387,77,0.4967368023971342
ACC,ENST00000467555.1,Short isoform,T_cell_exhaustion,0.1512,0.18941096867572343,77,0.33612596408702805
ACC,ENST00000467555.1,Short isoform,Cytolytic_activity,0.0667,0.564239181826866,77,0.564239181826866
ACC,ENST00000467555.1,Short isoform,Treg,0.0716,0.5359722906096974,77,0.564239181826866
ACC,ENST00000467555.1,Short isoform,IFN_gamma,0.1644,0.15310591188429462,77,0.33612596408702805
ACC,ENST00000467555.1,Short isoform,Checkpoint,0.1503,0.19207197947830174,77,0.33612596408702805
ACC,ENST00000467555.1,Short isoform,Myeloid,0.2401,0.03546040472680717,77,0.2482228330876502
ACC,ENST00000394857.7,Alt-exon isoform,M2_Macrophage,0.1112,0.3355098166687276,77,0.8245212184990331
ACC,ENST00000394857.7,Alt-exon isoform,T_cell_exhaustion,0.0325,0.7792355454835421,77,0.8245212184990331
ACC,ENST00000394857.7,Alt-exon isoform,Cytolytic_activity,0.1046,0.3655029193874457,77,0.8245212184990331
ACC,ENST00000394857.7,Alt-exon isoform,Treg,0.0257,0.8245212184990331,77,0.8245212184990331
ACC,ENST00000394857.7,Alt-exon isoform,IFN_gamma,-0.0602,0.6029867579366623,77,0.8245212184990331
ACC,ENST00000394857.7,Alt-exon isoform,Checkpoint,0.1053,0.3619979239636709,77,0.8245212184990331
ACC,ENST00000394857.7,Alt-exon isoform,Myeloid,0.0629,0.586595002144936,77,0.8245212184990331
ACC,ENST00000416245.5,Mid isoform,M2_Macrophage,0.0395,0.7327908107420694,77,0.8782559697533731
ACC,ENST00000416245.5,Mid isoform,T_cell_exhaustion,0.0565,0.6255264865922718,77,0.8782559697533731
ACC,ENST00000416245.5,Mid isoform,Cytolytic_activity,0.183,0.11114933125654358,77,0.7780453187958051
ACC,ENST00000416245.5,Mid isoform,Treg,0.0338,0.7707121939579729,77,0.8782559697533731
ACC,ENST00000416245.5,Mid isoform,IFN_gamma,-0.034,0.7693231692984415,77,0.8782559697533731
ACC,ENST00000416245.5,Mid isoform,Checkpoint,0.0924,0.42397091779053564,77,0.8782559697533731
ACC,ENST00000416245.5,Mid isoform,Myeloid,-0.0177,0.8782559697533731,77,0.8782559697533731
ACC,ENST00000479793.5,Alt-terminal isoform,M2_Macrophage,0.1831,0.11104492691108789,77,0.3886572441888076
ACC,ENST00000479793.5,Alt-terminal isoform,T_cell_exhaustion,0.1296,0.2613469614197487,77,0.39129404092506775
ACC,ENST00000479793.5,Alt-terminal isoform,Cytolytic_activity,0.1141,0.3231293999815025,77,0.39129404092506775
ACC,ENST00000479793.5,Alt-terminal isoform,Treg,0.0503,0.6638578362994276,77,0.6638578362994275
ACC,ENST00000479793.5,Alt-terminal isoform,IFN_gamma,0.1113,0.33539489222148666,77,0.39129404092506775
ACC,ENST00000479793.5,Alt-terminal isoform,Checkpoint,0.1551,0.1779143866133454,77,0.39129404092506775
ACC,ENST00000479793.5,Alt-terminal isoform,Myeloid,0.1859,0.10556908934081528,77,0.3886572441888076
BLCA,ENST00000336517.8,FL canonical (9-exon),M2_Macrophage,0.0069,0.8890071703217666,407,0.9992973562595286
BLCA,ENST00000336517.8,FL canonical (9-exon),T_cell_exhaustion,0.0093,0.8511112613996887,407,0.9992973562595286
BLCA,ENST00000336517.8,FL canonical (9-exon),Cytolytic_activity,-0.0275,0.5808110699183526,407,0.9992973562595286
BLCA,ENST00000336517.8,FL canonical (9-exon),Treg,0.0026,0.9585198030485873,407,0.9992973562595286
BLCA,ENST00000336517.8,FL canonical (9-exon),IFN_gamma,0.0616,0.21495686269769046,407,0.9992973562595286
BLCA,ENST00000336517.8,FL canonical (9-exon),Checkpoint,0.0,0.9992973562595286,407,0.9992973562595286
BLCA,ENST00000336517.8,FL canonical (9-exon),Myeloid,0.0529,0.2869656936201111,407,0.9992973562595286
BLCA,ENST00000466960.5,Retained-intron,M2_Macrophage,-0.084,0.09071354435904944,407,0.105832468418891
BLCA,ENST00000466960.5,Retained-intron,T_cell_exhaustion,-0.1224,0.01349580098603587,407,0.031490202300750364
BLCA,ENST00000466960.5,Retained-intron,Cytolytic_activity,-0.0787,0.11289699150749954,407,0.11289699150749954
BLCA,ENST00000466960.5,Retained-intron,Treg,-0.0974,0.049636703834594974,407,0.06949138536843297
BLCA,ENST00000466960.5,Retained-intron,IFN_gamma,-0.1539,0.001844257241902435,407,0.006454900346658523
BLCA,ENST00000466960.5,Retained-intron,Checkpoint,-0.1093,0.02740310472756171,407,0.04795543327323299
BLCA,ENST00000466960.5,Retained-intron,Myeloid,-0.1613,0.0010903013950571694,407,0.006454900346658523
BLCA,ENST00000394860.3,5-exon truncated,M2_Macrophage,0.0244,0.6240209507598542,407,0.9503955192674935
BLCA,ENST00000394860.3,5-exon truncated,T_cell_exhaustion,0.0031,0.9503955192674935,407,0.9503955192674935
BLCA,ENST00000394860.3,5-exon truncated,Cytolytic_activity,0.0042,0.9330929355243122,407,0.9503955192674935
BLCA,ENST00000394860.3,5-exon truncated,Treg,0.0041,0.9338500719796214,407,0.9503955192674935
BLCA,ENST00000394860.3,5-exon truncated,IFN_gamma,-0.0438,0.3778084148157216,407,0.9503955192674935
BLCA,ENST00000394860.3,5-exon truncated,Checkpoint,0.0058,0.9076516281806355,407,0.9503955192674935
BLCA,ENST00000394860.3,5-exon truncated,Myeloid,-0.0204,0.6808849349758614,407,0.9503955192674935
BLCA,ENST00000467555.1,Short isoform,M2_Macrophage,0.1398,0.0047100592219349365,407,0.005495069092257426
BLCA,ENST00000467555.1,Short isoform,T_cell_exhaustion,0.1623,0.0010142419851293454,407,0.003549846947952709
BLCA,ENST00000467555.1,Short isoform,Cytolytic_activity,0.1433,0.0037658926738955664,407,0.005272249743453793
BLCA,ENST00000467555.1,Short isoform,Treg,0.1354,0.006239652451476363,407,0.006239652451476363
BLCA,ENST00000467555.1,Short isoform,IFN_gamma,0.1455,0.0032509949039280814,407,0.005272249743453793
BLCA,ENST00000467555.1,Short isoform,Checkpoint,0.15,0.002413194443953126,407,0.005272249743453793
BLCA,ENST00000467555.1,Short isoform,Myeloid,0.2078,2.384677383455766e-05,407,0.00016692741684190361
BLCA,ENST00000394857.7,Alt-exon isoform,M2_Macrophage,-0.0476,0.33804857678744604,407,0.7887800125040408
BLCA,ENST00000394857.7,Alt-exon isoform,T_cell_exhaustion,-0.0324,0.5144166131153138,407,0.8109486096268617
BLCA,ENST00000394857.7,Alt-exon isoform,Cytolytic_activity,-0.0276,0.5792490068763297,407,0.8109486096268617
BLCA,ENST00000394857.7,Alt-exon isoform,Treg,-0.0014,0.9781779082790278,407,0.9781779082790278
BLCA,ENST00000394857.7,Alt-exon isoform,IFN_gamma,-0.0509,0.3054074025571848,407,0.7887800125040408
BLCA,ENST00000394857.7,Alt-exon isoform,Checkpoint,-0.0156,0.7533681817543189,407,0.8789295453800386
BLCA,ENST00000394857.7,Alt-exon isoform,Myeloid,-0.0654,0.18764179339284223,407,0.7887800125040408
BLCA,ENST00000416245.5,Mid isoform,M2_Macrophage,-0.2051,3.0630385394933045e-05,407,6.738579660784832e-05
BLCA,ENST00000416245.5,Mid isoform,T_cell_exhaustion,-0.2001,4.7794876162784364e-05,407,6.738579660784832e-05
BLCA,ENST00000416245.5,Mid isoform,Cytolytic_activity,-0.2115,1.690002923861707e-05,407,5.915010233515974e-05
BLCA,ENST00000416245.5,Mid isoform,Treg,-0.1869,0.00014857930401130276,407,0.0001733425213465199
BLCA,ENST00000416245.5,Mid isoform,IFN_gamma,-0.1845,0.00018184576352667226,407,0.00018184576352667223
BLCA,ENST00000416245.5,Mid isoform,Checkpoint,-0.2,4.81327118627488e-05,407,6.738579660784832e-05
BLCA,ENST00000416245.5,Mid isoform,Myeloid,-0.2293,2.942855952750469e-06,407,2.0599991669253283e-05
BLCA,ENST00000479793.5,Alt-terminal isoform,M2_Macrophage,-0.0218,0.6612832990639329,407,0.9265687634891888
BLCA,ENST00000479793.5,Alt-terminal isoform,T_cell_exhaustion,-0.017,0.7330458581798335,407,0.9265687634891888
BLCA,ENST00000479793.5,Alt-terminal isoform,Cytolytic_activity,-0.0067,0.8926460261950689,407,0.9265687634891888
BLCA,ENST00000479793.5,Alt-terminal isoform,Treg,0.0046,0.9265687634891888,407,0.9265687634891888
BLCA,ENST00000479793.5,Alt-terminal isoform,IFN_gamma,-0.055,0.26799327595261596,407,0.9265687634891888
BLCA,ENST00000479793.5,Alt-terminal isoform,Checkpoint,-0.0103,0.8363279229846522,407,0.9265687634891888
BLCA,ENST00000479793.5,Alt-terminal isoform,Myeloid,-0.0067,0.8920686370300746,407,0.9265687634891888
BRCA,ENST00000336517.8,FL canonical (9-exon),M2_Macrophage,0.1223,5.0475838463626925e-05,1092,0.00035333086924538846
BRCA,ENST00000336517.8,FL canonical (9-exon),T_cell_exhaustion,0.0483,0.11049538363760364,1092,0.12891128091053758
BRCA,ENST00000336517.8,FL canonical (9-exon),Cytolytic_activity,0.0016,0.9585186619721333,1092,0.9585186619721332
BRCA,ENST00000336517.8,FL canonical (9-exon),Treg,0.0697,0.02125170275990501,1092,0.03931204872148737
BRCA,ENST00000336517.8,FL canonical (9-exon),IFN_gamma,0.0691,0.02246402784084993,1092,0.03931204872148737
BRCA,ENST00000336517.8,FL canonical (9-exon),Checkpoint,0.0527,0.08163644188768933,1092,0.11429101864276506
BRCA,ENST00000336517.8,FL canonical (9-exon),Myeloid,0.0994,0.0010070497050067384,1092,0.0035246739675235846
BRCA,ENST00000466960.5,Retained-intron,M2_Macrophage,-0.0937,0.001942053579703162,1092,0.013594375057922135
BRCA,ENST00000466960.5,Retained-intron,T_cell_exhaustion,-0.0403,0.18314700181176163,1092,0.2136715021137219
BRCA,ENST00000466960.5,Retained-intron,Cytolytic_activity,-0.0006,0.983261085584176,1092,0.983261085584176
BRCA,ENST00000466960.5,Retained-intron,Treg,-0.0586,0.05291772265795286,1092,0.0926060146514175
BRCA,ENST00000466960.5,Retained-intron,IFN_gamma,-0.0649,0.03201712895705858,1092,0.07470663423313668
BRCA,ENST00000466960.5,Retained-intron,Checkpoint,-0.0406,0.17983532084462645,1092,0.2136715021137219
BRCA,ENST00000466960.5,Retained-intron,Myeloid,-0.0864,0.00429506303532951,1092,0.015032720623653285
BRCA,ENST00000394860.3,5-exon truncated,M2_Macrophage,-0.0222,0.46413632192210963,1092,0.6497908506909534
BRCA,ENST00000394860.3,5-exon truncated,T_cell_exhaustion,-0.0303,0.3170352676692093,1092,0.5998340909236892
BRCA,ENST00000394860.3,5-exon truncated,Cytolytic_activity,-0.0118,0.6975258232118201,1092,0.8137801270804568
BRCA,ENST00000394860.3,5-exon truncated,Treg,-0.0338,0.2640989559461263,1092,0.5998340909236892
BRCA,ENST00000394860.3,5-exon truncated,IFN_gamma,0.0041,0.8914695377801737,1092,0.8914695377801737
BRCA,ENST00000394860.3,5-exon truncated,Checkpoint,-0.0348,0.25056168385554617,1092,0.5998340909236892
BRCA,ENST00000394860.3,5-exon truncated,Myeloid,-0.0287,0.34276233767067954,1092,0.5998340909236892
BRCA,ENST00000467555.1,Short isoform,M2_Macrophage,0.1728,9.075580023837024e-09,1092,3.1764530083429585e-08
BRCA,ENST00000467555.1,Short isoform,T_cell_exhaustion,0.1707,1.3717930858881853e-08,1092,3.200850533739099e-08
BRCA,ENST00000467555.1,Short isoform,Cytolytic_activity,0.1491,7.517495904026774e-07,1092,7.517495904026774e-07
BRCA,ENST00000467555.1,Short isoform,Treg,0.157,1.8586026056276444e-07,1092,2.168369706565585e-07
BRCA,ENST00000467555.1,Short isoform,IFN_gamma,0.1572,1.770410324611422e-07,1092,2.168369706565585e-07
BRCA,ENST00000467555.1,Short isoform,Checkpoint,0.1646,4.4986852985939776e-08,1092,7.872699272539461e-08
BRCA,ENST00000467555.1,Short isoform,Myeloid,0.2086,3.325619346429931e-12,1092,2.327933542500952e-11
BRCA,ENST00000394857.7,Alt-exon isoform,M2_Macrophage,-0.032,0.2903864295243045,1092,0.964485972526169
BRCA,ENST00000394857.7,Alt-exon isoform,T_cell_exhaustion,-0.0055,0.8555058505477807,1092,0.964485972526169
BRCA,ENST00000394857.7,Alt-exon isoform,Cytolytic_activity,0.0099,0.7436983041442222,1092,0.964485972526169
BRCA,ENST00000394857.7,Alt-exon isoform,Treg,-0.0062,0.8382185440890174,1092,0.964485972526169
BRCA,ENST00000394857.7,Alt-exon isoform,IFN_gamma,0.0013,0.964485972526169,1092,0.964485972526169
BRCA,ENST00000394857.7,Alt-exon isoform,Checkpoint,-0.0084,0.782668758665664,1092,0.964485972526169
BRCA,ENST00000394857.7,Alt-exon isoform,Myeloid,-0.0253,0.4028887252545489,1092,0.964485972526169
BRCA,ENST00000416245.5,Mid isoform,M2_Macrophage,-0.0139,0.6471778976721817,1092,0.8200792809946807
BRCA,ENST00000416245.5,Mid isoform,T_cell_exhaustion,-0.0116,0.7029250979954407,1092,0.8200792809946807
BRCA,ENST00000416245.5,Mid isoform,Cytolytic_activity,-0.0169,0.5760140856523074,1092,0.8200792809946807
BRCA,ENST00000416245.5,Mid isoform,Treg,0.0311,0.30429321897410666,1092,0.7100175109395822
BRCA,ENST00000416245.5,Mid isoform,IFN_gamma,-0.0604,0.04606916748711099,1092,0.32248417240977695
BRCA,ENST00000416245.5,Mid isoform,Checkpoint,0.0,0.9992095305602124,1092,0.9992095305602124
BRCA,ENST00000416245.5,Mid isoform,Myeloid,-0.0312,0.3037301291508502,1092,0.7100175109395822
BRCA,ENST00000479793.5,Alt-terminal isoform,M2_Macrophage,-0.0745,0.013798687162196569,1092,0.09659081013537599
BRCA,ENST00000479793.5,Alt-terminal isoform,T_cell_exhaustion,-0.0025,0.9348955848376259,1092,0.9348955848376258
BRCA,ENST00000479793.5,Alt-terminal isoform,Cytolytic_activity,0.0217,0.47329184779240363,1092,0.853721429912777
BRCA,ENST00000479793.5,Alt-terminal isoform,Treg,-0.0106,0.7273977951515298,1092,0.9348955848376258
BRCA,ENST00000479793.5,Alt-terminal isoform,IFN_gamma,-0.0368,0.22458754160797242,1092,0.7860563956279035
BRCA,ENST00000479793.5,Alt-terminal isoform,Checkpoint,0.003,0.9217567966935966,1092,0.9348955848376258
BRCA,ENST00000479793.5,Alt-terminal isoform,Myeloid,-0.021,0.4878408170930154,1092,0.853721429912777
CESC,ENST00000336517.8,FL canonical (9-exon),M2_Macrophage,0.0871,0.12977283626152072,304,0.6736301886210505
CESC,ENST00000336517.8,FL canonical (9-exon),T_cell_exhaustion,-0.0519,0.3675973511668994,304,0.695252105267868
CESC,ENST00000336517.8,FL canonical (9-exon),Cytolytic_activity,-0.075,0.192465768177443,304,0.6736301886210505
CESC,ENST00000336517.8,FL canonical (9-exon),Treg,-0.0082,0.8872483251686083,304,0.8872483251686083
CESC,ENST00000336517.8,FL canonical (9-exon),IFN_gamma,0.0129,0.8226589720269333,304,0.8872483251686083
CESC,ENST00000336517.8,FL canonical (9-exon),Checkpoint,-0.0486,0.3986131480680243,304,0.695252105267868
CESC,ENST00000336517.8,FL canonical (9-exon),Myeloid,0.0391,0.49660864661990567,304,0.695252105267868
CESC,ENST00000466960.5,Retained-intron,M2_Macrophage,-0.1453,0.011220740670908884,304,0.0365586856466293
CESC,ENST00000466960.5,Retained-intron,T_cell_exhaustion,-0.0666,0.24694056012559518,304,0.43214598021979156
CESC,ENST00000466960.5,Retained-intron,Cytolytic_activity,-0.034,0.5545315738830903,304,0.5545315738830903
CESC,ENST00000466960.5,Retained-intron,Treg,-0.0458,0.42580050773590483,304,0.49676725902522234
CESC,ENST00000466960.5,Retained-intron,IFN_gamma,-0.1385,0.0156680081342697,304,0.0365586856466293
CESC,ENST00000466960.5,Retained-intron,Checkpoint,-0.0545,0.3435454628043725,304,0.4809636479261215
CESC,ENST00000466960.5,Retained-intron,Myeloid,-0.1996,0.0004636232008513474,304,0.0032453624059594318
CESC,ENST00000394860.3,5-exon truncated,M2_Macrophage,-0.1298,0.023653691643361115,304,0.09833546527224846
CESC,ENST00000394860.3,5-exon truncated,T_cell_exhaustion,-0.0494,0.39026785284383914,304,0.61485752074484
CESC,ENST00000394860.3,5-exon truncated,Cytolytic_activity,-0.0228,0.6918985046972399,304,0.8072149221467799
CESC,ENST00000394860.3,5-exon truncated,Treg,-0.0076,0.8955209872861986,304,0.8955209872861986
CESC,ENST00000394860.3,5-exon truncated,IFN_gamma,-0.0755,0.1890743227044947,304,0.441173419643821
CESC,ENST00000394860.3,5-exon truncated,Checkpoint,-0.0445,0.43918394338917144,304,0.61485752074484
CESC,ENST00000394860.3,5-exon truncated,Myeloid,-0.126,0.028095847220642418,304,0.09833546527224846
CESC,ENST00000467555.1,Short isoform,M2_Macrophage,0.2231,8.705905071638897e-05,304,0.00011533076974952639
CESC,ENST00000467555.1,Short isoform,T_cell_exhaustion,0.2615,3.829456210299352e-06,304,8.935397824031821e-06
CESC,ENST00000467555.1,Short isoform,Cytolytic_activity,0.2214,9.885494549959404e-05,304,0.00011533076974952639
CESC,ENST00000467555.1,Short isoform,Treg,0.202,0.00039471599232185453,304,0.00039471599232185453
CESC,ENST00000467555.1,Short isoform,IFN_gamma,0.2664,2.4544010057449217e-06,304,8.590403520107227e-06
CESC,ENST00000467555.1,Short isoform,Checkpoint,0.2578,5.28762417097228e-06,304,9.25334229920149e-06
CESC,ENST00000467555.1,Short isoform,Myeloid,0.3925,1.2239963020666648e-12,304,8.567974114466653e-12
CESC,ENST00000394857.7,Alt-exon isoform,M2_Macrophage,0.0104,0.8568497167083193,304,0.9917272739769807
CESC,ENST00000394857.7,Alt-exon isoform,T_cell_exhaustion,0.0119,0.8363522034567553,304,0.9917272739769807
CESC,ENST00000394857.7,Alt-exon isoform,Cytolytic_activity,-0.0203,0.7243195183015798,304,0.9917272739769807
CESC,ENST00000394857.7,Alt-exon isoform,Treg,-0.0089,0.8773677285208946,304,0.9917272739769807
CESC,ENST00000394857.7,Alt-exon isoform,IFN_gamma,0.0064,0.9108995807806224,304,0.9917272739769807
CESC,ENST00000394857.7,Alt-exon isoform,Checkpoint,-0.0006,0.9917272739769807,304,0.9917272739769807
CESC,ENST00000394857.7,Alt-exon isoform,Myeloid,0.0321,0.5776630151869111,304,0.9917272739769807
CESC,ENST00000416245.5,Mid isoform,M2_Macrophage,0.0028,0.9607107864526208,304,0.9607107864526208
CESC,ENST00000416245.5,Mid isoform,T_cell_exhaustion,-0.1153,0.04447353690306773,304,0.11585378117330397
CESC,ENST00000416245.5,Mid isoform,Cytolytic_activity,-0.1581,0.005740888718724466,304,0.04018622103107126
CESC,ENST00000416245.5,Mid isoform,Treg,-0.063,0.2738381364404693,304,0.383373391016657
CESC,ENST00000416245.5,Mid isoform,IFN_gamma,-0.0913,0.11220892256383912,304,0.19636561448671846
CESC,ENST00000416245.5,Mid isoform,Checkpoint,-0.1127,0.04965162050284456,304,0.11585378117330397
CESC,ENST00000416245.5,Mid isoform,Myeloid,-0.0304,0.5971155664312502,304,0.6966348275031252
CESC,ENST00000479793.5,Alt-terminal isoform,M2_Macrophage,-0.1093,0.05704374432362165,304,0.39930621026535157
CESC,ENST00000479793.5,Alt-terminal isoform,T_cell_exhaustion,-0.0074,0.8973283205130054,304,0.9953014135953021
CESC,ENST00000479793.5,Alt-terminal isoform,Cytolytic_activity,0.0723,0.20853296941621385,304,0.7298653929567485
CESC,ENST00000479793.5,Alt-terminal isoform,Treg,-0.0303,0.5986201527083381,304,0.9953014135953021
CESC,ENST00000479793.5,Alt-terminal isoform,IFN_gamma,0.0003,0.995301413595302,304,0.9953014135953021
CESC,ENST00000479793.5,Alt-terminal isoform,Checkpoint,0.0053,0.927024483124909,304,0.9953014135953021
CESC,ENST00000479793.5,Alt-terminal isoform,Myeloid,-0.0333,0.5626374747618814,304,0.9953014135953021
CHOL,ENST00000336517.8,FL canonical (9-exon),M2_Macrophage,0.2844,0.09271204085142322,36,0.5902499623390767
CHOL,ENST00000336517.8,FL canonical (9-exon),T_cell_exhaustion,0.0288,0.8674463953990601,36,0.9750398473755058
CHOL,ENST00000336517.8,FL canonical (9-exon),Cytolytic_activity,-0.0965,0.5754646078975394,36,0.9743247332481764
CHOL,ENST00000336517.8,FL canonical (9-exon),Treg,0.0054,0.9750398473755058,36,0.9750398473755058
CHOL,ENST00000336517.8,FL canonical (9-exon),IFN_gamma,0.1269,0.4608131225915505,36,0.9743247332481764
CHOL,ENST00000336517.8,FL canonical (9-exon),Checkpoint,-0.0674,0.6959462380344117,36,0.9743247332481764
CHOL,ENST00000336517.8,FL canonical (9-exon),Myeloid,0.2345,0.16864284638259333,36,0.5902499623390767
CHOL,ENST00000466960.5,Retained-intron,M2_Macrophage,-0.1591,0.35409497118626276,36,0.6978715206276659
CHOL,ENST00000466960.5,Retained-intron,T_cell_exhaustion,0.0973,0.5723980761996779,36,0.6978715206276659
CHOL,ENST00000466960.5,Retained-intron,Cytolytic_activity,0.2154,0.20697563590073378,36,0.6978715206276659
CHOL,ENST00000466960.5,Retained-intron,Treg,0.0909,0.5981755891094279,36,0.6978715206276659
CHOL,ENST00000466960.5,Retained-intron,IFN_gamma,0.0288,0.8674463953990601,36,0.8674463953990601
CHOL,ENST00000466960.5,Retained-intron,Checkpoint,0.1678,0.3278888660739361,36,0.6978715206276659
CHOL,ENST00000466960.5,Retained-intron,Myeloid,-0.1346,0.4337508942024786,36,0.6978715206276659
CHOL,ENST00000394860.3,5-exon truncated,M2_Macrophage,0.0095,0.9560370036644701,36,0.9560370036644701
CHOL,ENST00000394860.3,5-exon truncated,T_cell_exhaustion,0.1143,0.5068861175687999,36,0.7465143739937643
CHOL,ENST00000394860.3,5-exon truncated,Cytolytic_activity,0.2685,0.11337965654324225,36,0.7465143739937643
CHOL,ENST00000394860.3,5-exon truncated,Treg,0.1073,0.5332245528526888,36,0.7465143739937643
CHOL,ENST00000394860.3,5-exon truncated,IFN_gamma,0.2088,0.22177488774959697,36,0.7465143739937643
CHOL,ENST00000394860.3,5-exon truncated,Checkpoint,0.1109,0.519485539477333,36,0.7465143739937643
CHOL,ENST00000394860.3,5-exon truncated,Myeloid,-0.0165,0.9240290912893814,36,0.9560370036644701
CHOL,ENST00000467555.1,Short isoform,M2_Macrophage,-0.0829,0.6308185009619164,36,0.8666943681799478
CHOL,ENST00000467555.1,Short isoform,T_cell_exhaustion,-0.1184,0.4915925569530186,36,0.8666943681799478
CHOL,ENST00000467555.1,Short isoform,Cytolytic_activity,-0.0613,0.72264269082785,36,0.8666943681799478
CHOL,ENST00000467555.1,Short isoform,Treg,-0.0566,0.7428808870113839,36,0.8666943681799478
CHOL,ENST00000467555.1,Short isoform,IFN_gamma,-0.0903,0.600259342775709,36,0.8666943681799478
CHOL,ENST00000467555.1,Short isoform,Checkpoint,-0.1467,0.3931738152650477,36,0.8666943681799478
CHOL,ENST00000467555.1,Short isoform,Myeloid,0.0046,0.9786046990181331,36,0.9786046990181331
CHOL,ENST00000394857.7,Alt-exon isoform,M2_Macrophage,0.0,1.0,36,1.0
CHOL,ENST00000394857.7,Alt-exon isoform,T_cell_exhaustion,0.1112,0.518510904170888,36,0.7259152658392432
CHOL,ENST00000394857.7,Alt-exon isoform,Cytolytic_activity,0.1225,0.47653912135165033,36,0.7259152658392432
CHOL,ENST00000394857.7,Alt-exon isoform,Treg,0.1938,0.25735111969762253,36,0.7259152658392432
CHOL,ENST00000394857.7,Alt-exon isoform,IFN_gamma,0.1354,0.4310938674916788,36,0.7259152658392432
CHOL,ENST00000394857.7,Alt-exon isoform,Checkpoint,0.1305,0.44807341502475617,36,0.7259152658392432
CHOL,ENST00000394857.7,Alt-exon isoform,Myeloid,-0.026,0.8803663200683816,36,1.0
CHOL,ENST00000416245.5,Mid isoform,M2_Macrophage,-0.0466,0.7873004286667751,36,0.9536631134608327
CHOL,ENST00000416245.5,Mid isoform,T_cell_exhaustion,-0.01,0.9536631134608327,36,0.9536631134608327
CHOL,ENST00000416245.5,Mid isoform,Cytolytic_activity,-0.0852,0.6212667426433112,36,0.9536631134608327
CHOL,ENST00000416245.5,Mid isoform,Treg,0.0229,0.8944954430291031,36,0.9536631134608327
CHOL,ENST00000416245.5,Mid isoform,IFN_gamma,0.0978,0.5703578492288104,36,0.9536631134608327
CHOL,ENST00000416245.5,Mid isoform,Checkpoint,-0.0335,0.8463789316546749,36,0.9536631134608327
CHOL,ENST00000416245.5,Mid isoform,Myeloid,-0.0929,0.5898721335006827,36,0.9536631134608327
CHOL,ENST00000479793.5,Alt-terminal isoform,M2_Macrophage,-0.0085,0.9607858815052872,36,0.9690995196112221
CHOL,ENST00000479793.5,Alt-terminal isoform,T_cell_exhaustion,-0.0142,0.9346878091083928,36,0.9690995196112221
CHOL,ENST00000479793.5,Alt-terminal isoform,Cytolytic_activity,-0.0288,0.8674463953990601,36,0.9690995196112221
CHOL,ENST00000479793.5,Alt-terminal isoform,Treg,0.0538,0.755333750779238,36,0.9690995196112221
CHOL,ENST00000479793.5,Alt-terminal isoform,IFN_gamma,-0.0067,0.969099519611222,36,0.9690995196112221
CHOL,ENST00000479793.5,Alt-terminal isoform,Checkpoint,0.0219,0.8992124820038562,36,0.9690995196112221
CHOL,ENST00000479793.5,Alt-terminal isoform,Myeloid,0.0481,0.7804195922480031,36,0.9690995196112221
COAD,ENST00000336517.8,FL canonical (9-exon),M2_Macrophage,0.1347,0.022264817456211783,288,0.07792686109674124
COAD,ENST00000336517.8,FL canonical (9-exon),T_cell_exhaustion,0.0714,0.22677059193742594,288,0.358762026126087
COAD,ENST00000336517.8,FL canonical (9-exon),Cytolytic_activity,0.0297,0.6158366648834775,288,0.6158366648834775
COAD,ENST00000336517.8,FL canonical (9-exon),Treg,0.0877,0.13766973222351295,288,0.3212293751881969
COAD,ENST00000336517.8,FL canonical (9-exon),IFN_gamma,0.0589,0.3195907504034589,288,0.3728558754707021
COAD,ENST00000336517.8,FL canonical (9-exon),Checkpoint,0.0671,0.25625859009006213,288,0.358762026126087
COAD,ENST00000336517.8,FL canonical (9-exon),Myeloid,0.1388,0.01845570075293547,288,0.07792686109674124
COAD,ENST00000466960.5,Retained-intron,M2_Macrophage,-0.1623,0.0057714262117628595,288,0.040399983482340016
COAD,ENST00000466960.5,Retained-intron,T_cell_exhaustion,-0.0826,0.16218967477699966,288,0.2447493052258105
COAD,ENST00000466960.5,Retained-intron,Cytolytic_activity,-0.0112,0.849871082058445,288,0.849871082058445
COAD,ENST00000466960.5,Retained-intron,Treg,-0.0901,0.12732757347278653,288,0.2447493052258105
COAD,ENST00000466960.5,Retained-intron,IFN_gamma,-0.0802,0.17482093230415036,288,0.2447493052258105
COAD,ENST00000466960.5,Retained-intron,Checkpoint,-0.0704,0.23341055858630627,288,0.27231231835069064
COAD,ENST00000466960.5,Retained-intron,Myeloid,-0.1229,0.03706349887436667,288,0.12972224606028335
COAD,ENST00000394860.3,5-exon truncated,M2_Macrophage,-0.0115,0.8455090651754238,288,0.8455090651754238
COAD,ENST00000394860.3,5-exon truncated,T_cell_exhaustion,-0.0165,0.7797507470271485,288,0.8455090651754238
COAD,ENST00000394860.3,5-exon truncated,Cytolytic_activity,-0.0849,0.15048615897899642,288,0.8455090651754238
COAD,ENST00000394860.3,5-exon truncated,Treg,-0.0423,0.4748690506393415,288,0.8455090651754238
COAD,ENST00000394860.3,5-exon truncated,IFN_gamma,-0.026,0.6609600583140196,288,0.8455090651754238
COAD,ENST00000394860.3,5-exon truncated,Checkpoint,-0.0166,0.7796139523584455,288,0.8455090651754238
COAD,ENST00000394860.3,5-exon truncated,Myeloid,-0.0346,0.55845094182264,288,0.8455090651754238
COAD,ENST00000467555.1,Short isoform,M2_Macrophage,0.3514,8.582631551786176e-10,288,6.0078420862503235e-09
COAD,ENST00000467555.1,Short isoform,T_cell_exhaustion,0.2886,6.243949663491762e-07,288,1.4569215881480778e-06
COAD,ENST00000467555.1,Short isoform,Cytolytic_activity,0.2137,0.00025841996744163117,288,0.00025841996744163117
COAD,ENST00000467555.1,Short isoform,Treg,0.2796,1.4233908168557647e-06,288,1.9927471435980705e-06
COAD,ENST00000467555.1,Short isoform,IFN_gamma,0.2237,0.00012873734723524587,288,0.0001501935717744535
COAD,ENST00000467555.1,Short isoform,Checkpoint,0.2843,9.368540899350725e-07,288,1.6394946573863768e-06
COAD,ENST00000467555.1,Short isoform,Myeloid,0.3258,1.513518159317627e-08,288,5.2973135576116944e-08
COAD,ENST00000394857.7,Alt-exon isoform,M2_Macrophage,-0.1139,0.053538162857433416,288,0.053538162857433416
COAD,ENST00000394857.7,Alt-exon isoform,T_cell_exhaustion,-0.1907,0.0011462497616685418,288,0.002005937082919948
COAD,ENST00000394857.7,Alt-exon isoform,Cytolytic_activity,-0.231,7.585454961237525e-05,288,0.0005309818472866267
COAD,ENST00000394857.7,Alt-exon isoform,Treg,-0.1537,0.008991592276268338,288,0.010490190988979728
COAD,ENST00000394857.7,Alt-exon isoform,IFN_gamma,-0.2,0.000642038267316006,288,0.001542026146589265
COAD,ENST00000394857.7,Alt-exon isoform,Checkpoint,-0.1995,0.0006608683485382564,288,0.001542026146589265
COAD,ENST00000394857.7,Alt-exon isoform,Myeloid,-0.1756,0.0027823077882108325,288,0.003895230903495166
COAD,ENST00000416245.5,Mid isoform,M2_Macrophage,-0.1797,0.0021990427161292176,288,0.0021990427161292176
COAD,ENST00000416245.5,Mid isoform,T_cell_exhaustion,-0.2278,9.627321900977321e-05,288,0.00033695626653420624
COAD,ENST00000416245.5,Mid isoform,Cytolytic_activity,-0.2096,0.0003414458280734611,288,0.00047802415930284556
COAD,ENST00000416245.5,Mid isoform,Treg,-0.188,0.0013473074322467755,288,0.0015718586709545714
COAD,ENST00000416245.5,Mid isoform,IFN_gamma,-0.2119,0.00029223942732797684,288,0.00047802415930284556
COAD,ENST00000416245.5,Mid isoform,Checkpoint,-0.2186,0.0001852963162272207,288,0.00043235807119684826
COAD,ENST00000416245.5,Mid isoform,Myeloid,-0.232,7.037016593938996e-05,288,0.00033695626653420624
COAD,ENST00000479793.5,Alt-terminal isoform,M2_Macrophage,-0.1025,0.08233268054553944,288,0.28816438190938803
COAD,ENST00000479793.5,Alt-terminal isoform,T_cell_exhaustion,-0.0671,0.2566333561062594,288,0.39697190054710385
COAD,ENST00000479793.5,Alt-terminal isoform,Cytolytic_activity,-0.0372,0.5291529570843229,288,0.6173451165983767
COAD,ENST00000479793.5,Alt-terminal isoform,Treg,-0.0839,0.15545435717684242,288,0.3627268334126323
COAD,ENST00000479793.5,Alt-terminal isoform,IFN_gamma,-0.0221,0.7086197112358847,288,0.7086197112358847
COAD,ENST00000479793.5,Alt-terminal isoform,Checkpoint,-0.0634,0.28355135753364563,288,0.39697190054710385
COAD,ENST00000479793.5,Alt-terminal isoform,Myeloid,-0.1179,0.04561785551591722,288,0.28816438190938803
DLBC,ENST00000336517.8,FL canonical (9-exon),M2_Macrophage,0.2912,0.04707404429910567,47,0.08237957752343493
DLBC,ENST00000336517.8,FL canonical (9-exon),T_cell_exhaustion,0.3055,0.036775535464200676,47,0.08237957752343493
DLBC,ENST00000336517.8,FL canonical (9-exon),Cytolytic_activity,0.1595,0.2843374506122698,47,0.3317270257143147
DLBC,ENST00000336517.8,FL canonical (9-exon),Treg,0.3587,0.013290818933375038,47,0.059833494798744905
DLBC,ENST00000336517.8,FL canonical (9-exon),IFN_gamma,0.2268,0.12533641164374348,47,0.1754709763012409
DLBC,ENST00000336517.8,FL canonical (9-exon),Checkpoint,0.3463,0.01709528422821283,47,0.059833494798744905
DLBC,ENST00000336517.8,FL canonical (9-exon),Myeloid,0.131,0.380060001932917,47,0.38006000193291695
DLBC,ENST00000466960.5,Retained-intron,M2_Macrophage,-0.105,0.48244579864159687,47,0.9146056098779674
DLBC,ENST00000466960.5,Retained-intron,T_cell_exhaustion,-0.0793,0.5961013169214777,47,0.9146056098779674
DLBC,ENST00000466960.5,Retained-intron,Cytolytic_activity,0.0482,0.7475586240569584,47,0.9146056098779674
DLBC,ENST00000466960.5,Retained-intron,Treg,-0.0612,0.6829416361414562,47,0.9146056098779674
DLBC,ENST00000466960.5,Retained-intron,IFN_gamma,-0.0161,0.9146056098779674,47,0.9146056098779674
DLBC,ENST00000466960.5,Retained-intron,Checkpoint,-0.0306,0.8379875265619343,47,0.9146056098779674
DLBC,ENST00000466960.5,Retained-intron,Myeloid,-0.2464,0.09497755392481891,47,0.6648428774737324
DLBC,ENST00000394860.3,5-exon truncated,M2_Macrophage,0.0093,0.9507913120238624,47,0.9507913120238624
DLBC,ENST00000394860.3,5-exon truncated,T_cell_exhaustion,0.2407,0.10307475175794496,47,0.24653208909332558
DLBC,ENST00000394860.3,5-exon truncated,Cytolytic_activity,0.1438,0.33472109909146286,47,0.46860953872804795
DLBC,ENST00000394860.3,5-exon truncated,Treg,0.3312,0.02297380491762897,47,0.1608166344234028
DLBC,ENST00000394860.3,5-exon truncated,IFN_gamma,0.1696,0.25431730707944233,47,0.4450552873890241
DLBC,ENST00000394860.3,5-exon truncated,Checkpoint,0.239,0.10565660961142524,47,0.24653208909332558
DLBC,ENST00000394860.3,5-exon truncated,Myeloid,0.0561,0.7080897462701784,47,0.8261047039818749
DLBC,ENST00000467555.1,Short isoform,M2_Macrophage,0.0013,0.9932297339051009,47,0.9932297339051009
DLBC,ENST00000467555.1,Short isoform,T_cell_exhaustion,-0.0945,0.5276174525574284,47,0.9233305419754998
DLBC,ENST00000467555.1,Short isoform,Cytolytic_activity,-0.0394,0.7924357754834225,47,0.9405158710799609
DLBC,ENST00000467555.1,Short isoform,Treg,-0.2571,0.08111371803154505,47,0.4297450010194024
DLBC,ENST00000467555.1,Short isoform,IFN_gamma,-0.0368,0.8061564609256808,47,0.9405158710799609
DLBC,ENST00000467555.1,Short isoform,Checkpoint,-0.1599,0.2829246566531275,47,0.6601575321906309
DLBC,ENST00000467555.1,Short isoform,Myeloid,0.2283,0.12278428600554353,47,0.4297450010194024
DLBC,ENST00000394857.7,Alt-exon isoform,M2_Macrophage,0.0038,0.9796910855813424,47,0.9796910855813424
DLBC,ENST00000394857.7,Alt-exon isoform,T_cell_exhaustion,0.1018,0.4961246376211371,47,0.9796910855813424
DLBC,ENST00000394857.7,Alt-exon isoform,Cytolytic_activity,-0.086,0.5652996105866848,47,0.9796910855813424
DLBC,ENST00000394857.7,Alt-exon isoform,Treg,0.0911,0.5424377700206938,47,0.9796910855813424
DLBC,ENST00000394857.7,Alt-exon isoform,IFN_gamma,0.0056,0.9704631995929947,47,0.9796910855813424
DLBC,ENST00000394857.7,Alt-exon isoform,Checkpoint,0.1035,0.48877193554650933,47,0.9796910855813424
DLBC,ENST00000394857.7,Alt-exon isoform,Myeloid,0.0361,0.8097454524790633,47,0.9796910855813424
DLBC,ENST00000416245.5,Mid isoform,M2_Macrophage,0.0961,0.5205349461054969,47,0.7287489245476957
DLBC,ENST00000416245.5,Mid isoform,T_cell_exhaustion,0.1577,0.2896764484717795,47,0.6759117131008189
DLBC,ENST00000416245.5,Mid isoform,Cytolytic_activity,0.1169,0.43387842278829525,47,0.7287489245476957
DLBC,ENST00000416245.5,Mid isoform,Treg,0.2142,0.1483289958758899,47,0.5951472484902811
DLBC,ENST00000416245.5,Mid isoform,IFN_gamma,0.0726,0.6276202423552186,47,0.7322236160810883
DLBC,ENST00000416245.5,Mid isoform,Checkpoint,0.2035,0.17004207099722318,47,0.5951472484902811
DLBC,ENST00000416245.5,Mid isoform,Myeloid,-0.0299,0.8416082452448399,47,0.8416082452448398
DLBC,ENST00000479793.5,Alt-terminal isoform,M2_Macrophage,0.0442,0.7681330139766267,47,0.7900557709504129
DLBC,ENST00000479793.5,Alt-terminal isoform,T_cell_exhaustion,0.1118,0.45428342409961664,47,0.7900557709504129
DLBC,ENST00000479793.5,Alt-terminal isoform,Cytolytic_activity,0.1427,0.33866169979692995,47,0.7900557709504129
DLBC,ENST00000479793.5,Alt-terminal isoform,Treg,0.0483,0.7469732541385291,47,0.7900557709504129
DLBC,ENST00000479793.5,Alt-terminal isoform,IFN_gamma,0.0399,0.7900557709504129,47,0.7900557709504129
DLBC,ENST00000479793.5,Alt-terminal isoform,Checkpoint,0.1327,0.37372887000571575,47,0.7900557709504129
DLBC,ENST00000479793.5,Alt-terminal isoform,Myeloid,0.0804,0.5912736004491579,47,0.7900557709504129
ESCA,ENST00000336517.8,FL canonical (9-exon),M2_Macrophage,-0.027,0.7182412831406637,181,0.7643213654897953
ESCA,ENST00000336517.8,FL canonical (9-exon),T_cell_exhaustion,0.0244,0.7447148614175328,181,0.7643213654897953
ESCA,ENST00000336517.8,FL canonical (9-exon),Cytolytic_activity,-0.0349,0.6405878780015228,181,0.7643213654897953
ESCA,ENST00000336517.8,FL canonical (9-exon),Treg,0.081,0.2786229103992946,181,0.7643213654897953
ESCA,ENST00000336517.8,FL canonical (9-exon),IFN_gamma,0.0264,0.7241755411915901,181,0.7643213654897953
ESCA,ENST00000336517.8,FL canonical (9-exon),Checkpoint,0.0224,0.7643213654897953,181,0.7643213654897953
ESCA,ENST00000336517.8,FL canonical (9-exon),Myeloid,-0.0355,0.6349441190416898,181,0.7643213654897953
ESCA,ENST00000466960.5,Retained-intron,M2_Macrophage,0.0069,0.9270749780884685,181,0.9270749780884685
ESCA,ENST00000466960.5,Retained-intron,T_cell_exhaustion,0.0156,0.8345604306724612,181,0.9270749780884685
ESCA,ENST00000466960.5,Retained-intron,Cytolytic_activity,0.0448,0.5491486724788518,181,0.9270749780884685
ESCA,ENST00000466960.5,Retained-intron,Treg,-0.03,0.6883702244465713,181,0.9270749780884685
ESCA,ENST00000466960.5,Retained-intron,IFN_gamma,-0.0181,0.8084353643656361,181,0.9270749780884685
ESCA,ENST00000466960.5,Retained-intron,Checkpoint,0.0288,0.6999793569156689,181,0.9270749780884685
ESCA,ENST00000466960.5,Retained-intron,Myeloid,0.0326,0.6631902346187248,181,0.9270749780884685
ESCA,ENST00000394860.3,5-exon truncated,M2_Macrophage,0.0564,0.45103167859913385,181,0.5262036250323229
ESCA,ENST00000394860.3,5-exon truncated,T_cell_exhaustion,-0.0636,0.3950859157911156,181,0.5262036250323229
ESCA,ENST00000394860.3,5-exon truncated,Cytolytic_activity,-0.0861,0.2488988319904517,181,0.5262036250323229
ESCA,ENST00000394860.3,5-exon truncated,Treg,-0.0621,0.40628790866460585,181,0.5262036250323229
ESCA,ENST00000394860.3,5-exon truncated,IFN_gamma,-0.09,0.22848651891049887,181,0.5262036250323229
ESCA,ENST00000394860.3,5-exon truncated,Checkpoint,-0.0608,0.4163063031818022,181,0.5262036250323229
ESCA,ENST00000394860.3,5-exon truncated,Myeloid,-0.0054,0.9426422306488413,181,0.9426422306488413
ESCA,ENST00000467555.1,Short isoform,M2_Macrophage,0.1776,0.016753917919372776,181,0.058638712717804714
ESCA,ENST00000467555.1,Short isoform,T_cell_exhaustion,0.0422,0.5731418075887899,181,0.5923661634840064
ESCA,ENST00000467555.1,Short isoform,Cytolytic_activity,0.1042,0.16270525532192576,181,0.37964559575116014
ESCA,ENST00000467555.1,Short isoform,Treg,0.0401,0.5923661634840065,181,0.5923661634840064
ESCA,ENST00000467555.1,Short isoform,IFN_gamma,0.0519,0.48742771804728235,181,0.5923661634840064
ESCA,ENST00000467555.1,Short isoform,Checkpoint,0.0471,0.5292504884289473,181,0.5923661634840064
ESCA,ENST00000467555.1,Short isoform,Myeloid,0.2166,0.00340967108191862,181,0.023867697573430338
ESCA,ENST00000394857.7,Alt-exon isoform,M2_Macrophage,-0.1297,0.08185522465169712,181,0.19099552418729326
ESCA,ENST00000394857.7,Alt-exon isoform,T_cell_exhaustion,-0.1076,0.14941645841482132,181,0.19419832487819413
ESCA,ENST00000394857.7,Alt-exon isoform,Cytolytic_activity,-0.1059,0.15605380997102672,181,0.19419832487819413
ESCA,ENST00000394857.7,Alt-exon isoform,Treg,-0.1665,0.025099001850985774,181,0.08784650647845021
ESCA,ENST00000394857.7,Alt-exon isoform,IFN_gamma,-0.0835,0.2636657002971422,181,0.2636657002971422
ESCA,ENST00000394857.7,Alt-exon isoform,Checkpoint,-0.1033,0.1664557070384521,181,0.19419832487819413
ESCA,ENST00000394857.7,Alt-exon isoform,Myeloid,-0.202,0.006387637750923529,181,0.044713464256464705
ESCA,ENST00000416245.5,Mid isoform,M2_Macrophage,0.0037,0.9604719858852078,181,0.984295562966083
ESCA,ENST00000416245.5,Mid isoform,T_cell_exhaustion,0.0656,0.3800977102553049,181,0.7516372582717852
ESCA,ENST00000416245.5,Mid isoform,Cytolytic_activity,0.0015,0.984295562966083,181,0.984295562966083
ESCA,ENST00000416245.5,Mid isoform,Treg,0.0626,0.40281775982112533,181,0.7516372582717852
ESCA,ENST00000416245.5,Mid isoform,IFN_gamma,0.049,0.5126836122506941,181,0.7516372582717852
ESCA,ENST00000416245.5,Mid isoform,Checkpoint,0.0462,0.536883755908418,181,0.7516372582717852
ESCA,ENST00000416245.5,Mid isoform,Myeloid,-0.0851,0.2548282600996032,181,0.7516372582717852
ESCA,ENST00000479793.5,Alt-terminal isoform,M2_Macrophage,0.0384,0.6078778590145283,181,0.7149663957040996
ESCA,ENST00000479793.5,Alt-terminal isoform,T_cell_exhaustion,0.0629,0.39998755119249974,181,0.7149663957040996
ESCA,ENST00000479793.5,Alt-terminal isoform,Cytolytic_activity,0.1212,0.10412954241845357,181,0.7149663957040996
ESCA,ENST00000479793.5,Alt-terminal isoform,Treg,0.0666,0.3727208071670792,181,0.7149663957040996
ESCA,ENST00000479793.5,Alt-terminal isoform,IFN_gamma,0.0152,0.8385949335404825,181,0.8385949335404825
ESCA,ENST00000479793.5,Alt-terminal isoform,Checkpoint,0.0561,0.4529547885874494,181,0.7149663957040996
ESCA,ENST00000479793.5,Alt-terminal isoform,Myeloid,0.0379,0.6128283391749425,181,0.7149663957040996
GBM,ENST00000336517.8,FL canonical (9-exon),M2_Macrophage,0.1499,0.0644212354105126,153,0.09018972957471764
GBM,ENST00000336517.8,FL canonical (9-exon),T_cell_exhaustion,0.202,0.0122750730178026,153,0.0286418370415394
GBM,ENST00000336517.8,FL canonical (9-exon),Cytolytic_activity,0.1532,0.058725184547084676,153,0.09018972957471764
GBM,ENST00000336517.8,FL canonical (9-exon),Treg,0.2085,0.00969557526564962,153,0.0286418370415394
GBM,ENST00000336517.8,FL canonical (9-exon),IFN_gamma,0.0668,0.4117841964660619,153,0.4117841964660619
GBM,ENST00000336517.8,FL canonical (9-exon),Checkpoint,0.2444,0.002331630837443928,153,0.016321415862107495
GBM,ENST00000336517.8,FL canonical (9-exon),Myeloid,0.1395,0.08550923749091106,153,0.09976077707272957
GBM,ENST00000466960.5,Retained-intron,M2_Macrophage,-0.0997,0.21995999041536352,153,0.26405324663670243
GBM,ENST00000466960.5,Retained-intron,T_cell_exhaustion,-0.1466,0.07061948274682538,153,0.19714265173516488
GBM,ENST00000466960.5,Retained-intron,Cytolytic_activity,-0.1241,0.12642255691670343,153,0.221239474604231
GBM,ENST00000466960.5,Retained-intron,Treg,-0.1399,0.08448970788649923,153,0.19714265173516488
GBM,ENST00000466960.5,Retained-intron,IFN_gamma,-0.069,0.396448245255268,153,0.396448245255268
GBM,ENST00000466960.5,Retained-intron,Checkpoint,-0.1878,0.020101407540672432,153,0.14070985278470702
GBM,ENST00000466960.5,Retained-intron,Myeloid,-0.0984,0.22633135426003065,153,0.26405324663670243
GBM,ENST00000394860.3,5-exon truncated,M2_Macrophage,-0.0841,0.3012412562422103,153,0.8174394905117843
GBM,ENST00000394860.3,5-exon truncated,T_cell_exhaustion,-0.0344,0.6732155924714085,153,0.8174394905117843
GBM,ENST00000394860.3,5-exon truncated,Cytolytic_activity,-0.04,0.6230546722921828,153,0.8174394905117843
GBM,ENST00000394860.3,5-exon truncated,Treg,0.0002,0.998458538767699,153,0.998458538767699
GBM,ENST00000394860.3,5-exon truncated,IFN_gamma,0.0497,0.5416670597220081,153,0.8174394905117843
GBM,ENST00000394860.3,5-exon truncated,Checkpoint,-0.0313,0.7006624204386722,153,0.8174394905117843
GBM,ENST00000394860.3,5-exon truncated,Myeloid,-0.0668,0.41192519318872045,153,0.8174394905117843
GBM,ENST00000467555.1,Short isoform,M2_Macrophage,-0.1017,0.21101371326953136,153,0.4450061122879892
GBM,ENST00000467555.1,Short isoform,T_cell_exhaustion,-0.0813,0.31786150877713515,153,0.4450061122879892
GBM,ENST00000467555.1,Short isoform,Cytolytic_activity,-0.0044,0.9568271399924086,153,0.9568271399924086
GBM,ENST00000467555.1,Short isoform,Treg,-0.0517,0.525291002913282,153,0.612839503398829
GBM,ENST00000467555.1,Short isoform,IFN_gamma,-0.0924,0.2561531476327248,153,0.4450061122879892
GBM,ENST00000467555.1,Short isoform,Checkpoint,-0.1002,0.21800402757449472,153,0.4450061122879892
GBM,ENST00000467555.1,Short isoform,Myeloid,-0.0981,0.22778070300430028,153,0.4450061122879892
GBM,ENST00000394857.7,Alt-exon isoform,M2_Macrophage,-0.0147,0.8565648902529539,153,0.9883574500337999
GBM,ENST00000394857.7,Alt-exon isoform,T_cell_exhaustion,0.016,0.8443195530175451,153,0.9883574500337999
GBM,ENST00000394857.7,Alt-exon isoform,Cytolytic_activity,0.0412,0.6127033191884591,153,0.9883574500337999
GBM,ENST00000394857.7,Alt-exon isoform,Treg,0.0012,0.9883574500337999,153,0.9883574500337999
GBM,ENST00000394857.7,Alt-exon isoform,IFN_gamma,-0.0094,0.9084988755975866,153,0.9883574500337999
GBM,ENST00000394857.7,Alt-exon isoform,Checkpoint,0.0438,0.5907228200870358,153,0.9883574500337999
GBM,ENST00000394857.7,Alt-exon isoform,Myeloid,-0.0054,0.9473003079432395,153,0.9883574500337999
GBM,ENST00000416245.5,Mid isoform,M2_Macrophage,0.0299,0.7139365885250106,153,0.7677017307351576
GBM,ENST00000416245.5,Mid isoform,T_cell_exhaustion,0.1834,0.023224959666294842,153,0.09089190163541032
GBM,ENST00000416245.5,Mid isoform,Cytolytic_activity,0.1391,0.08628605922712657,153,0.15100060364747148
GBM,ENST00000416245.5,Mid isoform,Treg,0.1628,0.0443053122121935,153,0.10337906182845151
GBM,ENST00000416245.5,Mid isoform,IFN_gamma,0.1113,0.17068114380751945,153,0.2389536013305272
GBM,ENST00000416245.5,Mid isoform,Checkpoint,0.18,0.025969114752974375,153,0.09089190163541032
GBM,ENST00000416245.5,Mid isoform,Myeloid,0.0241,0.7677017307351576,153,0.7677017307351576
GBM,ENST00000479793.5,Alt-terminal isoform,M2_Macrophage,-0.1185,0.1446592671761735,153,0.35987707170885713
GBM,ENST00000479793.5,Alt-terminal isoform,T_cell_exhaustion,-0.1198,0.14005981675474144,153,0.35987707170885713
GBM,ENST00000479793.5,Alt-terminal isoform,Cytolytic_activity,-0.0373,0.6466954353948846,153,0.7544780079606986
GBM,ENST00000479793.5,Alt-terminal isoform,Treg,-0.1016,0.2112557070718188,153,0.35987707170885713
GBM,ENST00000479793.5,Alt-terminal isoform,IFN_gamma,-0.0193,0.8123754547971749,153,0.8123754547971748
GBM,ENST00000479793.5,Alt-terminal isoform,Checkpoint,-0.0971,0.2326861184214576,153,0.35987707170885713
GBM,ENST00000479793.5,Alt-terminal isoform,Myeloid,-0.0922,0.25705505122061223,153,0.35987707170885713
HNSC,ENST00000336517.8,FL canonical (9-exon),M2_Macrophage,0.1847,2.3420448839171355e-05,518,0.00016394314187419948
HNSC,ENST00000336517.8,FL canonical (9-exon),T_cell_exhaustion,0.0035,0.9367826569517947,518,0.9915676304337872
HNSC,ENST00000336517.8,FL canonical (9-exon),Cytolytic_activity,-0.0841,0.05588807711792105,518,0.19560826991272368
HNSC,ENST00000336517.8,FL canonical (9-exon),Treg,0.0355,0.4199728195261284,518,0.7232548776235395
HNSC,ENST00000336517.8,FL canonical (9-exon),IFN_gamma,0.0286,0.5166106268739568,518,0.7232548776235395
HNSC,ENST00000336517.8,FL canonical (9-exon),Checkpoint,0.0005,0.9915676304337872,518,0.9915676304337872
HNSC,ENST00000336517.8,FL canonical (9-exon),Myeloid,0.0676,0.12453229522238239,518,0.29057535551889224
HNSC,ENST00000466960.5,Retained-intron,M2_Macrophage,-0.0847,0.05413460872583557,518,0.378942261080849
HNSC,ENST00000466960.5,Retained-intron,T_cell_exhaustion,-0.0042,0.9232388058639942,518,0.9457952307773365
HNSC,ENST00000466960.5,Retained-intron,Cytolytic_activity,0.053,0.2288661550677008,518,0.41597013592295706
HNSC,ENST00000466960.5,Retained-intron,Treg,0.0144,0.7445423763955292,518,0.9457952307773365
HNSC,ENST00000466960.5,Retained-intron,IFN_gamma,-0.0594,0.17708046822425821,518,0.41597013592295706
HNSC,ENST00000466960.5,Retained-intron,Checkpoint,0.003,0.9457952307773365,518,0.9457952307773365
HNSC,ENST00000466960.5,Retained-intron,Myeloid,-0.052,0.23769722052740405,518,0.41597013592295706
HNSC,ENST00000394860.3,5-exon truncated,M2_Macrophage,-0.0766,0.08137976881355409,518,0.5696583816948786
HNSC,ENST00000394860.3,5-exon truncated,T_cell_exhaustion,-0.0019,0.9653618772328212,518,0.9653618772328212
HNSC,ENST00000394860.3,5-exon truncated,Cytolytic_activity,0.0065,0.8823286433930427,518,0.9653618772328212
HNSC,ENST00000394860.3,5-exon truncated,Treg,-0.0196,0.656640534035409,518,0.9653618772328212
HNSC,ENST00000394860.3,5-exon truncated,IFN_gamma,-0.0253,0.5657154399542723,518,0.9653618772328212
HNSC,ENST00000394860.3,5-exon truncated,Checkpoint,-0.0051,0.9074594465320616,518,0.9653618772328212
HNSC,ENST00000394860.3,5-exon truncated,Myeloid,-0.0497,0.2591224993441188,518,0.9069287477044158
HNSC,ENST00000467555.1,Short isoform,M2_Macrophage,-0.0925,0.03541510720018039,518,0.21824302024091555
HNSC,ENST00000467555.1,Short isoform,T_cell_exhaustion,0.0216,0.6231829982215868,518,0.727046831258518
HNSC,ENST00000467555.1,Short isoform,Cytolytic_activity,0.0336,0.44531102918768073,518,0.6234354408627529
HNSC,ENST00000467555.1,Short isoform,Treg,-0.0619,0.15974597903816984,518,0.2795554633167972
HNSC,ENST00000467555.1,Short isoform,IFN_gamma,0.0819,0.062355148640261586,518,0.21824302024091555
HNSC,ENST00000467555.1,Short isoform,Checkpoint,0.007,0.8735812284226867,518,0.8735812284226867
HNSC,ENST00000467555.1,Short isoform,Myeloid,0.0619,0.15919498869989823,518,0.2795554633167972
HNSC,ENST00000394857.7,Alt-exon isoform,M2_Macrophage,-0.0081,0.854532177658386,518,0.854532177658386
HNSC,ENST00000394857.7,Alt-exon isoform,T_cell_exhaustion,0.0763,0.08294918924568463,518,0.19354810823993082
HNSC,ENST00000394857.7,Alt-exon isoform,Cytolytic_activity,0.0618,0.1600684920015231,518,0.2801198610026654
HNSC,ENST00000394857.7,Alt-exon isoform,Treg,0.1269,0.003820910099496697,518,0.02674637069647688
HNSC,ENST00000394857.7,Alt-exon isoform,IFN_gamma,0.0317,0.47192024208806516,518,0.5505736157694093
HNSC,ENST00000394857.7,Alt-exon isoform,Checkpoint,0.0768,0.08075274851037437,518,0.19354810823993082
HNSC,ENST00000394857.7,Alt-exon isoform,Myeloid,-0.0542,0.21793390810990543,518,0.3051074713538676
HNSC,ENST00000416245.5,Mid isoform,M2_Macrophage,0.1155,0.008507502735375006,518,0.05955251914762504
HNSC,ENST00000416245.5,Mid isoform,T_cell_exhaustion,0.0069,0.8749266037704853,518,0.9710457774003516
HNSC,ENST00000416245.5,Mid isoform,Cytolytic_activity,-0.0483,0.27278471209388594,518,0.4773732461643004
HNSC,ENST00000416245.5,Mid isoform,Treg,0.0559,0.20423210299368616,518,0.47654157365193434
HNSC,ENST00000416245.5,Mid isoform,IFN_gamma,-0.0583,0.18560619770833228,518,0.47654157365193434
HNSC,ENST00000416245.5,Mid isoform,Checkpoint,0.0074,0.8670711904808849,518,0.9710457774003516
HNSC,ENST00000416245.5,Mid isoform,Myeloid,-0.0016,0.9710457774003516,518,0.9710457774003516
HNSC,ENST00000479793.5,Alt-terminal isoform,M2_Macrophage,-0.0708,0.10751356472170956,518,0.12543249217532781
HNSC,ENST00000479793.5,Alt-terminal isoform,T_cell_exhaustion,-0.0896,0.041447684867170334,518,0.07364604932902338
HNSC,ENST00000479793.5,Alt-terminal isoform,Cytolytic_activity,-0.0541,0.21912503471253933,518,0.21912503471253933
HNSC,ENST00000479793.5,Alt-terminal isoform,Treg,-0.0879,0.045505431352729914,518,0.07364604932902338
HNSC,ENST00000479793.5,Alt-terminal isoform,IFN_gamma,-0.0852,0.05260432094930241,518,0.07364604932902338
HNSC,ENST00000479793.5,Alt-terminal isoform,Checkpoint,-0.0864,0.04943708290692312,518,0.07364604932902338
HNSC,ENST00000479793.5,Alt-terminal isoform,Myeloid,-0.0998,0.023152386637600792,518,0.07364604932902338
KICH,ENST00000336517.8,FL canonical (9-exon),M2_Macrophage,-0.0467,0.7094067696291686,66,0.9621871985466109
KICH,ENST00000336517.8,FL canonical (9-exon),T_cell_exhaustion,-0.0059,0.9621871985466108,66,0.9621871985466109
KICH,ENST00000336517.8,FL canonical (9-exon),Cytolytic_activity,0.035,0.7799523555610093,66,0.9621871985466109
KICH,ENST00000336517.8,FL canonical (9-exon),Treg,0.0257,0.8374636625539165,66,0.9621871985466109
KICH,ENST00000336517.8,FL canonical (9-exon),IFN_gamma,0.0148,0.906110534656753,66,0.9621871985466109
KICH,ENST00000336517.8,FL canonical (9-exon),Checkpoint,-0.0461,0.7133794176660778,66,0.9621871985466109
KICH,ENST00000336517.8,FL canonical (9-exon),Myeloid,-0.134,0.2834406039330812,66,0.9621871985466109
KICH,ENST00000466960.5,Retained-intron,M2_Macrophage,0.1435,0.2503116269332854,66,0.6530841636785013
KICH,ENST00000466960.5,Retained-intron,T_cell_exhaustion,0.0849,0.4979269190672292,66,0.6530841636785013
KICH,ENST00000466960.5,Retained-intron,Cytolytic_activity,-0.0171,0.8918887145851156,66,0.8918887145851156
KICH,ENST00000466960.5,Retained-intron,Treg,0.0731,0.559786426010144,66,0.6530841636785013
KICH,ENST00000466960.5,Retained-intron,IFN_gamma,0.0984,0.43173034171410496,66,0.6530841636785013
KICH,ENST00000466960.5,Retained-intron,Checkpoint,0.0825,0.5103088180878388,66,0.6530841636785013
KICH,ENST00000466960.5,Retained-intron,Myeloid,0.2399,0.052390798758675354,66,0.36673559131072747
KICH,ENST00000394860.3,5-exon truncated,M2_Macrophage,0.0795,0.5258952354305603,66,0.7768877260213324
KICH,ENST00000394860.3,5-exon truncated,T_cell_exhaustion,0.0394,0.75325501025054,66,0.7768877260213324
KICH,ENST00000394860.3,5-exon truncated,Cytolytic_activity,0.0357,0.7761220960442524,66,0.7768877260213324
KICH,ENST00000394860.3,5-exon truncated,Treg,0.0355,0.7768877260213324,66,0.7768877260213324
KICH,ENST00000394860.3,5-exon truncated,IFN_gamma,-0.0611,0.6262459373197513,66,0.7768877260213324
KICH,ENST00000394860.3,5-exon truncated,Checkpoint,0.0851,0.49707878777131675,66,0.7768877260213324
KICH,ENST00000394860.3,5-exon truncated,Myeloid,0.0921,0.4621462419528386,66,0.7768877260213324
KICH,ENST00000467555.1,Short isoform,M2_Macrophage,-0.161,0.19665740537687998,66,0.5568969050758408
KICH,ENST00000467555.1,Short isoform,T_cell_exhaustion,-0.1213,0.33210120337713134,66,0.5568969050758408
KICH,ENST00000467555.1,Short isoform,Cytolytic_activity,0.0349,0.7809746436506113,66,0.7809746436506113
KICH,ENST00000467555.1,Short isoform,Treg,-0.1181,0.3448292577139176,66,0.5568969050758408
KICH,ENST00000467555.1,Short isoform,IFN_gamma,-0.1058,0.39778350362560055,66,0.5568969050758408
KICH,ENST00000467555.1,Short isoform,Checkpoint,-0.0889,0.4777809892607867,66,0.5574111541375845
KICH,ENST00000467555.1,Short isoform,Myeloid,-0.1759,0.15780188646429594,66,0.5568969050758408
KICH,ENST00000394857.7,Alt-exon isoform,M2_Macrophage,-0.064,0.6095553390015527,66,0.7111478955018115
KICH,ENST00000394857.7,Alt-exon isoform,T_cell_exhaustion,0.1394,0.26435697792496693,66,0.5207891807295344
KICH,ENST00000394857.7,Alt-exon isoform,Cytolytic_activity,0.211,0.08897968650553366,66,0.5207891807295344
KICH,ENST00000394857.7,Alt-exon isoform,Treg,0.0757,0.5459288660184902,66,0.7111478955018115
KICH,ENST00000394857.7,Alt-exon isoform,IFN_gamma,0.1302,0.29759381755973396,66,0.5207891807295344
KICH,ENST00000394857.7,Alt-exon isoform,Checkpoint,0.1475,0.23732044739612201,66,0.5207891807295344
KICH,ENST00000394857.7,Alt-exon isoform,Myeloid,-0.0436,0.7278432941600991,66,0.7278432941600991
KICH,ENST00000416245.5,Mid isoform,M2_Macrophage,-0.1247,0.3183657887016254,66,0.8413663846640322
KICH,ENST00000416245.5,Mid isoform,T_cell_exhaustion,-0.069,0.5820239520604727,66,0.8413663846640322
KICH,ENST00000416245.5,Mid isoform,Cytolytic_activity,0.1081,0.38774847298473347,66,0.8413663846640322
KICH,ENST00000416245.5,Mid isoform,Treg,-0.044,0.725592536651811,66,0.8413663846640322
KICH,ENST00000416245.5,Mid isoform,IFN_gamma,-0.0251,0.8413663846640322,66,0.8413663846640322
KICH,ENST00000416245.5,Mid isoform,Checkpoint,-0.0257,0.8377237236783773,66,0.8413663846640322
KICH,ENST00000416245.5,Mid isoform,Myeloid,-0.1427,0.25310722849143436,66,0.8413663846640322
KICH,ENST00000479793.5,Alt-terminal isoform,M2_Macrophage,-0.158,0.20525849969023147,66,0.7184047489158101
KICH,ENST00000479793.5,Alt-terminal isoform,T_cell_exhaustion,-0.0808,0.5187220804712906,66,0.726210912659807
KICH,ENST00000479793.5,Alt-terminal isoform,Cytolytic_activity,0.1078,0.38904074370226405,66,0.726210912659807
KICH,ENST00000479793.5,Alt-terminal isoform,Treg,-0.0414,0.7413954027698179,66,0.7413954027698179
KICH,ENST00000479793.5,Alt-terminal isoform,IFN_gamma,-0.2288,0.06466431885750211,66,0.45265023200251475
KICH,ENST00000479793.5,Alt-terminal isoform,Checkpoint,-0.0515,0.6810856346963736,66,0.7413954027698179
KICH,ENST00000479793.5,Alt-terminal isoform,Myeloid,-0.0841,0.5019657878304237,66,0.726210912659807
KIRC,ENST00000336517.8,FL canonical (9-exon),M2_Macrophage,0.2739,1.4280387997712763e-10,530,9.996271598398934e-10
KIRC,ENST00000336517.8,FL canonical (9-exon),T_cell_exhaustion,0.1093,0.011780659859325825,530,0.013744103169213462
KIRC,ENST00000336517.8,FL canonical (9-exon),Cytolytic_activity,0.0289,0.5062765452915396,530,0.5062765452915396
KIRC,ENST00000336517.8,FL canonical (9-exon),Treg,0.1294,0.002838287440966132,530,0.004967003021690731
KIRC,ENST00000336517.8,FL canonical (9-exon),IFN_gamma,0.1516,0.00046345507793588527,530,0.0010813951818503989
KIRC,ENST00000336517.8,FL canonical (9-exon),Checkpoint,0.1193,0.005944407610203655,530,0.008322170654285116
KIRC,ENST00000336517.8,FL canonical (9-exon),Myeloid,0.2559,2.2851935210267884e-09,530,7.998177323593759e-09
KIRC,ENST00000466960.5,Retained-intron,M2_Macrophage,-0.2076,1.4323132142784114e-06,530,1.002619249994888e-05
KIRC,ENST00000466960.5,Retained-intron,T_cell_exhaustion,-0.0765,0.07853277328002191,530,0.09162156882669222
KIRC,ENST00000466960.5,Retained-intron,Cytolytic_activity,-0.0121,0.7806262382616016,530,0.7806262382616016
KIRC,ENST00000466960.5,Retained-intron,Treg,-0.1088,0.012208261126690264,530,0.02848594262894395
KIRC,ENST00000466960.5,Retained-intron,IFN_gamma,-0.1042,0.016371928222022544,530,0.02865087438853945
KIRC,ENST00000466960.5,Retained-intron,Checkpoint,-0.0866,0.04618913256789771,530,0.0646647855950568
KIRC,ENST00000466960.5,Retained-intron,Myeloid,-0.1977,4.503260408838634e-06,530,1.576141143093522e-05
KIRC,ENST00000394860.3,5-exon truncated,M2_Macrophage,-0.0556,0.20127262706684337,530,0.7169649953916297
KIRC,ENST00000394860.3,5-exon truncated,T_cell_exhaustion,-0.0326,0.4542940449613425,530,0.7169649953916297
KIRC,ENST00000394860.3,5-exon truncated,Cytolytic_activity,0.0176,0.6867286099839698,530,0.7169649953916297
KIRC,ENST00000394860.3,5-exon truncated,Treg,-0.0158,0.7169649953916297,530,0.7169649953916297
KIRC,ENST00000394860.3,5-exon truncated,IFN_gamma,-0.0262,0.5478354923052954,530,0.7169649953916297
KIRC,ENST00000394860.3,5-exon truncated,Checkpoint,-0.0218,0.6164524025896414,530,0.7169649953916297
KIRC,ENST00000394860.3,5-exon truncated,Myeloid,-0.0334,0.4435280911458247,530,0.7169649953916297
KIRC,ENST00000467555.1,Short isoform,M2_Macrophage,0.0856,0.048909508185564825,530,0.2308963990468695
KIRC,ENST00000467555.1,Short isoform,T_cell_exhaustion,-0.0211,0.6273250800188335,530,0.8617786238301476
KIRC,ENST00000467555.1,Short isoform,Cytolytic_activity,-0.0541,0.21371066255537768,530,0.49865821262921456
KIRC,ENST00000467555.1,Short isoform,Treg,0.0145,0.7386673918544122,530,0.8617786238301476
KIRC,ENST00000467555.1,Short isoform,IFN_gamma,-0.0011,0.9798125613572892,530,0.9798125613572892
KIRC,ENST00000467555.1,Short isoform,Checkpoint,-0.0191,0.6610978307031574,530,0.8617786238301476
KIRC,ENST00000467555.1,Short isoform,Myeloid,0.0799,0.065970399727677,530,0.2308963990468695
KIRC,ENST00000394857.7,Alt-exon isoform,M2_Macrophage,0.0209,0.6317339090589191,530,0.6317339090589191
KIRC,ENST00000394857.7,Alt-exon isoform,T_cell_exhaustion,0.0949,0.028957275114279056,530,0.09434131807534012
KIRC,ENST00000394857.7,Alt-exon isoform,Cytolytic_activity,0.089,0.040431993460860044,530,0.09434131807534012
KIRC,ENST00000394857.7,Alt-exon isoform,Treg,0.0802,0.06512883158377863,530,0.10094698363235595
KIRC,ENST00000394857.7,Alt-exon isoform,IFN_gamma,0.0782,0.07210498830882567,530,0.10094698363235595
KIRC,ENST00000394857.7,Alt-exon isoform,Checkpoint,0.0928,0.03270263532283762,530,0.09434131807534012
KIRC,ENST00000394857.7,Alt-exon isoform,Myeloid,-0.0224,0.6071445894493714,530,0.6317339090589191
KIRC,ENST00000416245.5,Mid isoform,M2_Macrophage,0.0797,0.06676777680109489,530,0.11684360940191604
KIRC,ENST00000416245.5,Mid isoform,T_cell_exhaustion,0.1501,0.0005280746887610456,530,0.0018482614106636597
KIRC,ENST00000416245.5,Mid isoform,Cytolytic_activity,0.0441,0.31062420296382154,530,0.3623949034577918
KIRC,ENST00000416245.5,Mid isoform,Treg,0.1554,0.0003292470445620451,530,0.0018482614106636597
KIRC,ENST00000416245.5,Mid isoform,IFN_gamma,0.0751,0.08406630784955632,530,0.11769283098937885
KIRC,ENST00000416245.5,Mid isoform,Checkpoint,0.1243,0.004149210834284003,530,0.009681491946662674
KIRC,ENST00000416245.5,Mid isoform,Myeloid,0.0096,0.8251070478270967,530,0.8251070478270967
KIRC,ENST00000479793.5,Alt-terminal isoform,M2_Macrophage,-0.0477,0.2729692415080602,530,0.8750300665485735
KIRC,ENST00000479793.5,Alt-terminal isoform,T_cell_exhaustion,-0.0068,0.8750300665485735,530,0.8750300665485735
KIRC,ENST00000479793.5,Alt-terminal isoform,Cytolytic_activity,0.0228,0.6007613038634296,530,0.8750300665485735
KIRC,ENST00000479793.5,Alt-terminal isoform,Treg,-0.0379,0.3836031041760021,530,0.8750300665485735
KIRC,ENST00000479793.5,Alt-terminal isoform,IFN_gamma,0.01,0.8179627988628274,530,0.8750300665485735
KIRC,ENST00000479793.5,Alt-terminal isoform,Checkpoint,-0.0097,0.8239222842905997,530,0.8750300665485735
KIRC,ENST00000479793.5,Alt-terminal isoform,Myeloid,-0.0326,0.4535759431827824,530,0.8750300665485735
KIRP,ENST00000336517.8,FL canonical (9-exon),M2_Macrophage,0.1433,0.014903685632663604,288,0.052162899714322614
KIRP,ENST00000336517.8,FL canonical (9-exon),T_cell_exhaustion,0.0366,0.5361617485357072,288,0.7364396911761405
KIRP,ENST00000336517.8,FL canonical (9-exon),Cytolytic_activity,-0.0803,0.1742956670459053,288,0.3050174173303343
KIRP,ENST00000336517.8,FL canonical (9-exon),Treg,-0.0057,0.9237148015582752,288,0.9237148015582752
KIRP,ENST00000336517.8,FL canonical (9-exon),IFN_gamma,0.1085,0.0658926348926978,288,0.15374948141629485
KIRP,ENST00000336517.8,FL canonical (9-exon),Checkpoint,0.0284,0.6312340210081204,288,0.7364396911761405
KIRP,ENST00000336517.8,FL canonical (9-exon),Myeloid,0.1937,0.0009512203740230618,288,0.0066585426181614326
KIRP,ENST00000466960.5,Retained-intron,M2_Macrophage,-0.0754,0.20203179483304545,288,0.47140752127710606
KIRP,ENST00000466960.5,Retained-intron,T_cell_exhaustion,-0.0157,0.7907551975860263,288,0.9753314968633092
KIRP,ENST00000466960.5,Retained-intron,Cytolytic_activity,0.0802,0.17493751604242982,288,0.47140752127710606
KIRP,ENST00000466960.5,Retained-intron,Treg,0.0049,0.9344812334202137,288,0.9753314968633092
KIRP,ENST00000466960.5,Retained-intron,IFN_gamma,-0.0606,0.3055307714269713,288,0.5346788499971998
KIRP,ENST00000466960.5,Retained-intron,Checkpoint,-0.0018,0.9753314968633092,288,0.9753314968633092
KIRP,ENST00000466960.5,Retained-intron,Myeloid,-0.1133,0.05468124887772647,288,0.3827687421440853
KIRP,ENST00000394860.3,5-exon truncated,M2_Macrophage,-0.0817,0.1669362365802169,288,0.5842768280307591
KIRP,ENST00000394860.3,5-exon truncated,T_cell_exhaustion,-0.0174,0.7688030011254015,288,0.7688030011254015
KIRP,ENST00000394860.3,5-exon truncated,Cytolytic_activity,-0.0412,0.4860989319098936,288,0.5902926480578224
KIRP,ENST00000394860.3,5-exon truncated,Treg,-0.0399,0.5001889391495304,288,0.5902926480578224
KIRP,ENST00000394860.3,5-exon truncated,IFN_gamma,-0.0466,0.43035847657049897,288,0.5902926480578224
KIRP,ENST00000394860.3,5-exon truncated,Checkpoint,-0.0393,0.5059651269067049,288,0.5902926480578224
KIRP,ENST00000394860.3,5-exon truncated,Myeloid,-0.0998,0.09085847871888719,288,0.5842768280307591
KIRP,ENST00000467555.1,Short isoform,M2_Macrophage,-0.0451,0.4456577855104189,288,0.6581786238846344
KIRP,ENST00000467555.1,Short isoform,T_cell_exhaustion,0.0427,0.4701275884890246,288,0.6581786238846344
KIRP,ENST00000467555.1,Short isoform,Cytolytic_activity,-0.0036,0.9516936761888553,288,0.9516936761888554
KIRP,ENST00000467555.1,Short isoform,Treg,0.0671,0.25642629572490044,288,0.6581786238846344
KIRP,ENST00000467555.1,Short isoform,IFN_gamma,0.047,0.42652594899266605,288,0.6581786238846344
KIRP,ENST00000467555.1,Short isoform,Checkpoint,0.0179,0.7628929905168387,288,0.890041822269645
KIRP,ENST00000467555.1,Short isoform,Myeloid,-0.1192,0.043186334046898235,288,0.3023043383282876
KIRP,ENST00000394857.7,Alt-exon isoform,M2_Macrophage,-0.0235,0.6907394908713547,288,0.9715612660937065
KIRP,ENST00000394857.7,Alt-exon isoform,T_cell_exhaustion,0.008,0.8921373622871226,288,0.9715612660937065
KIRP,ENST00000394857.7,Alt-exon isoform,Cytolytic_activity,-0.0153,0.7961945534659668,288,0.9715612660937065
KIRP,ENST00000394857.7,Alt-exon isoform,Treg,0.0844,0.15334526796973685,288,0.8947592675378957
KIRP,ENST00000394857.7,Alt-exon isoform,IFN_gamma,-0.0672,0.25564550501082733,288,0.8947592675378957
KIRP,ENST00000394857.7,Alt-exon isoform,Checkpoint,0.0021,0.9715612660937065,288,0.9715612660937065
KIRP,ENST00000394857.7,Alt-exon isoform,Myeloid,-0.0166,0.7795162460367853,288,0.9715612660937065
KIRP,ENST00000416245.5,Mid isoform,M2_Macrophage,-0.0408,0.4908787049629404,288,0.93544387713418
KIRP,ENST00000416245.5,Mid isoform,T_cell_exhaustion,-0.0064,0.9138038558250017,288,0.9725088442142538
KIRP,ENST00000416245.5,Mid isoform,Cytolytic_activity,-0.044,0.4572738732427545,288,0.93544387713418
KIRP,ENST00000416245.5,Mid isoform,Treg,-0.002,0.9725088442142538,288,0.9725088442142538
KIRP,ENST00000416245.5,Mid isoform,IFN_gamma,-0.0988,0.09431277622810799,288,0.660189433596756
KIRP,ENST00000416245.5,Mid isoform,Checkpoint,-0.0367,0.5345393583623885,288,0.93544387713418
KIRP,ENST00000416245.5,Mid isoform,Myeloid,-0.0231,0.6968025139884486,288,0.9725088442142538
KIRP,ENST00000479793.5,Alt-terminal isoform,M2_Macrophage,-0.0363,0.539020885529047,288,0.7161649214341788
KIRP,ENST00000479793.5,Alt-terminal isoform,T_cell_exhaustion,-0.0215,0.7161649214341788,288,0.7161649214341788
KIRP,ENST00000479793.5,Alt-terminal isoform,Cytolytic_activity,0.0317,0.5921174410773387,288,0.7161649214341788
KIRP,ENST00000479793.5,Alt-terminal isoform,Treg,-0.0452,0.44445177447046524,288,0.7161649214341788
KIRP,ENST00000479793.5,Alt-terminal isoform,IFN_gamma,-0.0798,0.17708147660827558,288,0.7161649214341788
KIRP,ENST00000479793.5,Alt-terminal isoform,Checkpoint,-0.0269,0.6490023318631442,288,0.7161649214341788
KIRP,ENST00000479793.5,Alt-terminal isoform,Myeloid,0.0363,0.5389984313862258,288,0.7161649214341788
LGG,ENST00000336517.8,FL canonical (9-exon),M2_Macrophage,0.3384,4.1953826303296715e-15,509,2.93676784123077e-14
LGG,ENST00000336517.8,FL canonical (9-exon),T_cell_exhaustion,0.2527,7.402359175922683e-09,509,1.2954128557864696e-08
LGG,ENST00000336517.8,FL canonical (9-exon),Cytolytic_activity,0.1605,0.00027684743983416,509,0.00027684743983416
LGG,ENST00000336517.8,FL canonical (9-exon),Treg,0.1954,8.97436834554988e-06,509,1.1195523050845558e-05
LGG,ENST00000336517.8,FL canonical (9-exon),IFN_gamma,0.1948,9.596162615010478e-06,509,1.1195523050845558e-05
LGG,ENST00000336517.8,FL canonical (9-exon),Checkpoint,0.282,9.209265110679383e-11,509,2.1488285258251894e-10
LGG,ENST00000336517.8,FL canonical (9-exon),Myeloid,0.3002,4.648077637140733e-12,509,1.6268271729992567e-11
LGG,ENST00000466960.5,Retained-intron,M2_Macrophage,-0.2123,1.3470185578094857e-06,509,9.4291299046664e-06
LGG,ENST00000466960.5,Retained-intron,T_cell_exhaustion,-0.1154,0.00914873529647964,509,0.012808229415071495
LGG,ENST00000466960.5,Retained-intron,Cytolytic_activity,-0.1078,0.014921015465486041,509,0.01740785137640038
LGG,ENST00000466960.5,Retained-intron,Treg,-0.1288,0.0035986944614937034,509,0.006297715307613981
LGG,ENST00000466960.5,Retained-intron,IFN_gamma,-0.0821,0.06407868483007591,509,0.06407868483007591
LGG,ENST00000466960.5,Retained-intron,Checkpoint,-0.1484,0.0007816502604344886,509,0.0018238506076804736
LGG,ENST00000466960.5,Retained-intron,Myeloid,-0.1857,2.4772805689476354e-05,509,8.670481991316724e-05
LGG,ENST00000394860.3,5-exon truncated,M2_Macrophage,-0.0361,0.4160098187899651,509,0.4160098187899651
LGG,ENST00000394860.3,5-exon truncated,T_cell_exhaustion,-0.048,0.2801376531495715,509,0.4160098187899651
LGG,ENST00000394860.3,5-exon truncated,Cytolytic_activity,-0.0613,0.16713022459188376,509,0.4160098187899651
LGG,ENST00000394860.3,5-exon truncated,Treg,-0.04,0.36756851646367505,509,0.4160098187899651
LGG,ENST00000394860.3,5-exon truncated,IFN_gamma,-0.0485,0.27517440924606096,509,0.4160098187899651
LGG,ENST00000394860.3,5-exon truncated,Checkpoint,-0.06,0.17623412575127748,509,0.4160098187899651
LGG,ENST00000394860.3,5-exon truncated,Myeloid,-0.0364,0.4121488853801164,509,0.4160098187899651
LGG,ENST00000467555.1,Short isoform,M2_Macrophage,-0.0301,0.4983977001832772,509,0.5814639835471568
LGG,ENST00000467555.1,Short isoform,T_cell_exhaustion,-0.0977,0.02745137240334089,509,0.19215960682338623
LGG,ENST00000467555.1,Short isoform,Cytolytic_activity,-0.0476,0.283843410114416,509,0.42030677010365636
LGG,ENST00000467555.1,Short isoform,Treg,-0.0082,0.853421322018899,509,0.853421322018899
LGG,ENST00000467555.1,Short isoform,IFN_gamma,-0.0733,0.09877734585819141,509,0.23048047366911328
LGG,ENST00000467555.1,Short isoform,Checkpoint,-0.079,0.07501335712276941,509,0.23048047366911328
LGG,ENST00000467555.1,Short isoform,Myeloid,-0.046,0.3002191215026117,509,0.42030677010365636
LGG,ENST00000394857.7,Alt-exon isoform,M2_Macrophage,0.0224,0.6138063254175983,509,0.9029952352264281
LGG,ENST00000394857.7,Alt-exon isoform,T_cell_exhaustion,0.0145,0.744957829125654,509,0.9029952352264281
LGG,ENST00000394857.7,Alt-exon isoform,Cytolytic_activity,0.0576,0.19460792909361116,509,0.9029952352264281
LGG,ENST00000394857.7,Alt-exon isoform,Treg,0.0224,0.6136825593078552,509,0.9029952352264281
LGG,ENST00000394857.7,Alt-exon isoform,IFN_gamma,0.015,0.7357981492432493,509,0.9029952352264281
LGG,ENST00000394857.7,Alt-exon isoform,Checkpoint,0.0054,0.9029952352264281,509,0.9029952352264281
LGG,ENST00000394857.7,Alt-exon isoform,Myeloid,0.01,0.8211256921918971,509,0.9029952352264281
LGG,ENST00000416245.5,Mid isoform,M2_Macrophage,0.0543,0.22172282154271214,509,0.9487748629164591
LGG,ENST00000416245.5,Mid isoform,T_cell_exhaustion,0.0133,0.7655405376693679,509,0.9487748629164591
LGG,ENST00000416245.5,Mid isoform,Cytolytic_activity,0.0029,0.948774862916459,509,0.9487748629164591
LGG,ENST00000416245.5,Mid isoform,Treg,-0.0222,0.6173988610718016,509,0.9487748629164591
LGG,ENST00000416245.5,Mid isoform,IFN_gamma,-0.0112,0.8009729997861397,509,0.9487748629164591
LGG,ENST00000416245.5,Mid isoform,Checkpoint,0.0487,0.27260684082477005,509,0.9487748629164591
LGG,ENST00000416245.5,Mid isoform,Myeloid,0.0032,0.9430859945445976,509,0.9487748629164591
LGG,ENST00000479793.5,Alt-terminal isoform,M2_Macrophage,0.0243,0.5836862171875283,509,0.7190819291251811
LGG,ENST00000479793.5,Alt-terminal isoform,T_cell_exhaustion,-0.0553,0.21262215855007335,509,0.7190819291251811
LGG,ENST00000479793.5,Alt-terminal isoform,Cytolytic_activity,-0.0208,0.6402123768512263,509,0.7190819291251811
LGG,ENST00000479793.5,Alt-terminal isoform,Treg,-0.0328,0.46066447568005875,509,0.7190819291251811
LGG,ENST00000479793.5,Alt-terminal isoform,IFN_gamma,-0.0513,0.24841857362217626,509,0.7190819291251811
LGG,ENST00000479793.5,Alt-terminal isoform,Checkpoint,-0.0294,0.50851130783907,509,0.7190819291251811
LGG,ENST00000479793.5,Alt-terminal isoform,Myeloid,0.016,0.7190819291251811,509,0.7190819291251811
LIHC,ENST00000336517.8,FL canonical (9-exon),M2_Macrophage,0.238,3.769832134898209e-06,369,2.6388824944287464e-05
LIHC,ENST00000336517.8,FL canonical (9-exon),T_cell_exhaustion,0.1162,0.025653649676929534,369,0.02992925795641779
LIHC,ENST00000336517.8,FL canonical (9-exon),Cytolytic_activity,0.032,0.5405162049657005,369,0.5405162049657005
LIHC,ENST00000336517.8,FL canonical (9-exon),Treg,0.1199,0.021222215982499234,369,0.029711102375498927
LIHC,ENST00000336517.8,FL canonical (9-exon),IFN_gamma,0.2151,3.08270959136075e-05,369,0.00010789483569762626
LIHC,ENST00000336517.8,FL canonical (9-exon),Checkpoint,0.1212,0.019820450545755174,369,0.029711102375498927
LIHC,ENST00000336517.8,FL canonical (9-exon),Myeloid,0.1642,0.0015558943906034777,369,0.003630420244741448
LIHC,ENST00000466960.5,Retained-intron,M2_Macrophage,-0.1575,0.0024059514109172316,369,0.008420829938210311
LIHC,ENST00000466960.5,Retained-intron,T_cell_exhaustion,-0.1131,0.02977983793686493,369,0.03779153909076707
LIHC,ENST00000466960.5,Retained-intron,Cytolytic_activity,-0.0859,0.09925926901242922,369,0.09925926901242922
LIHC,ENST00000466960.5,Retained-intron,Treg,-0.1381,0.007907818989471373,369,0.014904818485409699
LIHC,ENST00000466960.5,Retained-intron,IFN_gamma,-0.1714,0.0009441923237066443,369,0.00660934626594651
LIHC,ENST00000466960.5,Retained-intron,Checkpoint,-0.1368,0.008517039134519828,369,0.014904818485409699
LIHC,ENST00000466960.5,Retained-intron,Myeloid,-0.1114,0.03239274779208606,369,0.03779153909076707
LIHC,ENST00000394860.3,5-exon truncated,M2_Macrophage,-0.028,0.5921500849134173,369,0.9679369150431302
LIHC,ENST00000394860.3,5-exon truncated,T_cell_exhaustion,-0.0003,0.9959979049021064,369,0.9959979049021064
LIHC,ENST00000394860.3,5-exon truncated,Cytolytic_activity,-0.0169,0.7468943526052003,369,0.9679369150431302
LIHC,ENST00000394860.3,5-exon truncated,Treg,-0.0269,0.6062537438973066,369,0.9679369150431302
LIHC,ENST00000394860.3,5-exon truncated,IFN_gamma,-0.0588,0.26013108226682985,369,0.9679369150431302
LIHC,ENST00000394860.3,5-exon truncated,Checkpoint,-0.019,0.7167161001816883,369,0.9679369150431302
LIHC,ENST00000394860.3,5-exon truncated,Myeloid,-0.0112,0.8296602128941116,369,0.9679369150431302
LIHC,ENST00000467555.1,Short isoform,M2_Macrophage,0.0665,0.2025904341486613,369,0.2785449029765877
LIHC,ENST00000467555.1,Short isoform,T_cell_exhaustion,0.0681,0.19169590605737297,369,0.2785449029765877
LIHC,ENST00000467555.1,Short isoform,Cytolytic_activity,0.1459,0.004993146766728803,369,0.034952027367101624
LIHC,ENST00000467555.1,Short isoform,Treg,0.0733,0.1597296810951589,369,0.2785449029765877
LIHC,ENST00000467555.1,Short isoform,IFN_gamma,0.028,0.5924695265850427,369,0.5924695265850427
LIHC,ENST00000467555.1,Short isoform,Checkpoint,0.0615,0.2387527739799323,369,0.2785449029765877
LIHC,ENST00000467555.1,Short isoform,Myeloid,0.0886,0.08937563043277612,369,0.2785449029765877
LIHC,ENST00000394857.7,Alt-exon isoform,M2_Macrophage,-0.057,0.2748149734356105,369,0.5622531197528491
LIHC,ENST00000394857.7,Alt-exon isoform,T_cell_exhaustion,-0.0471,0.36728777641796784,369,0.5622531197528491
LIHC,ENST00000394857.7,Alt-exon isoform,Cytolytic_activity,-0.0367,0.48193124550244204,369,0.5622531197528491
LIHC,ENST00000394857.7,Alt-exon isoform,Treg,-0.0104,0.8419193491433445,369,0.8419193491433445
LIHC,ENST00000394857.7,Alt-exon isoform,IFN_gamma,-0.0428,0.4118464599866427,369,0.5622531197528491
LIHC,ENST00000394857.7,Alt-exon isoform,Checkpoint,-0.0409,0.4336510898305336,369,0.5622531197528491
LIHC,ENST00000394857.7,Alt-exon isoform,Myeloid,-0.0441,0.3984540349865924,369,0.5622531197528491
LIHC,ENST00000416245.5,Mid isoform,M2_Macrophage,0.0368,0.4807627062529567,369,0.9376457235726086
LIHC,ENST00000416245.5,Mid isoform,T_cell_exhaustion,0.0086,0.8689315709665819,369,0.9376457235726086
LIHC,ENST00000416245.5,Mid isoform,Cytolytic_activity,-0.0041,0.9376457235726086,369,0.9376457235726086
LIHC,ENST00000416245.5,Mid isoform,Treg,0.0185,0.7231048972600573,369,0.9376457235726086
LIHC,ENST00000416245.5,Mid isoform,IFN_gamma,0.0884,0.09006708220612067,369,0.6304695754428447
LIHC,ENST00000416245.5,Mid isoform,Checkpoint,0.0138,0.7913014607069435,369,0.9376457235726086
LIHC,ENST00000416245.5,Mid isoform,Myeloid,0.0111,0.8316893253204553,369,0.9376457235726086
LIHC,ENST00000479793.5,Alt-terminal isoform,M2_Macrophage,0.0879,0.09195853965915864,369,0.12874195552282208
LIHC,ENST00000479793.5,Alt-terminal isoform,T_cell_exhaustion,0.1184,0.02295966311063011,369,0.040179410443602695
LIHC,ENST00000479793.5,Alt-terminal isoform,Cytolytic_activity,0.1377,0.008090687828597209,369,0.02509096414176194
LIHC,ENST00000479793.5,Alt-terminal isoform,Treg,0.145,0.005274045293626531,369,0.02509096414176194
LIHC,ENST00000479793.5,Alt-terminal isoform,IFN_gamma,0.0778,0.13582075532312002,369,0.13582075532312002
LIHC,ENST00000479793.5,Alt-terminal isoform,Checkpoint,0.1326,0.010753270346469402,369,0.02509096414176194
LIHC,ENST00000479793.5,Alt-terminal isoform,Myeloid,0.0779,0.13541514609786803,369,0.13582075532312002
LUAD,ENST00000336517.8,FL canonical (9-exon),M2_Macrophage,0.0167,0.7056210668295353,513,0.9265810460911998
LUAD,ENST00000336517.8,FL canonical (9-exon),T_cell_exhaustion,0.0041,0.9265810460911998,513,0.9265810460911998
LUAD,ENST00000336517.8,FL canonical (9-exon),Cytolytic_activity,0.0301,0.4966673697341246,513,0.8914693570834765
LUAD,ENST00000336517.8,FL canonical (9-exon),Treg,-0.0292,0.509411061190558,513,0.8914693570834765
LUAD,ENST00000336517.8,FL canonical (9-exon),IFN_gamma,0.0782,0.07679989022781682,513,0.3524850280607842
LUAD,ENST00000336517.8,FL canonical (9-exon),Checkpoint,0.0092,0.8345499093304158,513,0.9265810460911998
LUAD,ENST00000336517.8,FL canonical (9-exon),Myeloid,0.0726,0.1007100080173669,513,0.3524850280607842
LUAD,ENST00000466960.5,Retained-intron,M2_Macrophage,-0.0944,0.03257413675790939,513,0.07600631910178858
LUAD,ENST00000466960.5,Retained-intron,T_cell_exhaustion,-0.0514,0.24522085037056157,513,0.31066481029499476
LUAD,ENST00000466960.5,Retained-intron,Cytolytic_activity,-0.0572,0.19557134485209335,513,0.31066481029499476
LUAD,ENST00000466960.5,Retained-intron,Treg,-0.03,0.49806712852364665,513,0.49806712852364665
LUAD,ENST00000466960.5,Retained-intron,IFN_gamma,-0.1209,0.006097306328400852,513,0.02134057214940298
LUAD,ENST00000466960.5,Retained-intron,Checkpoint,-0.0492,0.2662841231099955,513,0.31066481029499476
LUAD,ENST00000466960.5,Retained-intron,Myeloid,-0.1298,0.0032223860578743926,513,0.02134057214940298
LUAD,ENST00000394860.3,5-exon truncated,M2_Macrophage,0.004,0.9278337007752897,513,0.9825753653124202
LUAD,ENST00000394860.3,5-exon truncated,T_cell_exhaustion,0.036,0.41556117332955234,513,0.9696427377689555
LUAD,ENST00000394860.3,5-exon truncated,Cytolytic_activity,0.0226,0.6094121231943799,513,0.9825753653124202
LUAD,ENST00000394860.3,5-exon truncated,Treg,0.0731,0.09801058102032431,513,0.6860740671422701
LUAD,ENST00000394860.3,5-exon truncated,IFN_gamma,0.0152,0.73173189620067,513,0.9825753653124202
LUAD,ENST00000394860.3,5-exon truncated,Checkpoint,0.0411,0.3531336383104956,513,0.9696427377689555
LUAD,ENST00000394860.3,5-exon truncated,Myeloid,0.001,0.9825753653124202,513,0.9825753653124202
LUAD,ENST00000467555.1,Short isoform,M2_Macrophage,0.1891,1.617026631754308e-05,513,5.6851726034818246e-05
LUAD,ENST00000467555.1,Short isoform,T_cell_exhaustion,0.1284,0.003572624448282687,513,0.006252092784494703
LUAD,ENST00000467555.1,Short isoform,Cytolytic_activity,0.0807,0.06796447913517299,513,0.06796447913517299
LUAD,ENST00000467555.1,Short isoform,Treg,0.1183,0.007326520875268751,513,0.008547607687813543
LUAD,ENST00000467555.1,Short isoform,IFN_gamma,0.1334,0.0024556105128044924,513,0.005729757863210482
LUAD,ENST00000467555.1,Short isoform,Checkpoint,0.12,0.006491914196330577,513,0.008547607687813543
LUAD,ENST00000467555.1,Short isoform,Myeloid,0.1891,1.6243350295662357e-05,513,5.6851726034818246e-05
LUAD,ENST00000394857.7,Alt-exon isoform,M2_Macrophage,-0.0227,0.6085035876882086,513,0.9306093206758284
LUAD,ENST00000394857.7,Alt-exon isoform,T_cell_exhaustion,-0.0041,0.926295434199615,513,0.9306093206758284
LUAD,ENST00000394857.7,Alt-exon isoform,Cytolytic_activity,-0.0114,0.7970605245627085,513,0.9306093206758284
LUAD,ENST00000394857.7,Alt-exon isoform,Treg,0.018,0.6847376155698852,513,0.9306093206758284
LUAD,ENST00000394857.7,Alt-exon isoform,IFN_gamma,-0.0542,0.220391990185419,513,0.7713719656489665
LUAD,ENST00000394857.7,Alt-exon isoform,Checkpoint,0.0039,0.9306093206758284,513,0.9306093206758284
LUAD,ENST00000394857.7,Alt-exon isoform,Myeloid,-0.0571,0.1968430239838715,513,0.7713719656489665
LUAD,ENST00000416245.5,Mid isoform,M2_Macrophage,-0.1384,0.001676498887480718,513,0.011735492212365027
LUAD,ENST00000416245.5,Mid isoform,T_cell_exhaustion,-0.0512,0.2469981777680801,513,0.39991068737846214
LUAD,ENST00000416245.5,Mid isoform,Cytolytic_activity,-0.0753,0.08854292196831821,513,0.20660015125940914
LUAD,ENST00000416245.5,Mid isoform,Treg,-0.0361,0.4139945908185295,513,0.4139945908185295
LUAD,ENST00000416245.5,Mid isoform,IFN_gamma,-0.045,0.30896955910169893,513,0.39991068737846214
LUAD,ENST00000416245.5,Mid isoform,Checkpoint,-0.042,0.342780589181539,513,0.39991068737846214
LUAD,ENST00000416245.5,Mid isoform,Myeloid,-0.1263,0.004165942367243723,513,0.01458079828535303
LUAD,ENST00000479793.5,Alt-terminal isoform,M2_Macrophage,-0.0267,0.5461309255224757,513,0.7476490643422974
LUAD,ENST00000479793.5,Alt-terminal isoform,T_cell_exhaustion,-0.0213,0.6305690537413604,513,0.7476490643422974
LUAD,ENST00000479793.5,Alt-terminal isoform,Cytolytic_activity,-0.0206,0.6408420551505407,513,0.7476490643422974
LUAD,ENST00000479793.5,Alt-terminal isoform,Treg,-0.0372,0.40027014513266646,513,0.7476490643422974
LUAD,ENST00000479793.5,Alt-terminal isoform,IFN_gamma,-0.0703,0.11159360525000189,513,0.7476490643422974
LUAD,ENST00000479793.5,Alt-terminal isoform,Checkpoint,-0.0307,0.48721757024076917,513,0.7476490643422974
LUAD,ENST00000479793.5,Alt-terminal isoform,Myeloid,0.0038,0.9310722728067511,513,0.9310722728067511
LUSC,ENST00000336517.8,FL canonical (9-exon),M2_Macrophage,0.0173,0.699561087964157,498,0.699561087964157
LUSC,ENST00000336517.8,FL canonical (9-exon),T_cell_exhaustion,-0.0959,0.03242120327420685,498,0.06805950439236119
LUSC,ENST00000336517.8,FL canonical (9-exon),Cytolytic_activity,-0.134,0.0027336408006915255,498,0.019135485604840678
LUSC,ENST00000336517.8,FL canonical (9-exon),Treg,-0.1192,0.007727355558633078,498,0.027045744455215775
LUSC,ENST00000336517.8,FL canonical (9-exon),IFN_gamma,-0.0926,0.038891145367063534,498,0.06805950439236119
LUSC,ENST00000336517.8,FL canonical (9-exon),Checkpoint,-0.0882,0.04904536945818929,498,0.06866351724146501
LUSC,ENST00000336517.8,FL canonical (9-exon),Myeloid,-0.0597,0.18356529500219693,498,0.21415951083589643
LUSC,ENST00000466960.5,Retained-intron,M2_Macrophage,-0.1094,0.014550767463053898,498,0.06217871574181746
LUSC,ENST00000466960.5,Retained-intron,T_cell_exhaustion,-0.0413,0.357495651101961,498,0.5260130650394823
LUSC,ENST00000466960.5,Retained-intron,Cytolytic_activity,-0.0004,0.9920646511610153,498,0.9920646511610153
LUSC,ENST00000466960.5,Retained-intron,Treg,-0.0156,0.727804440160731,498,0.8491051801875195
LUSC,ENST00000466960.5,Retained-intron,IFN_gamma,-0.043,0.3377911225157999,498,0.5260130650394823
LUSC,ENST00000466960.5,Retained-intron,Checkpoint,-0.0398,0.3757236178853445,498,0.5260130650394823
LUSC,ENST00000466960.5,Retained-intron,Myeloid,-0.1062,0.017765347354804988,498,0.06217871574181746
LUSC,ENST00000394860.3,5-exon truncated,M2_Macrophage,-0.0549,0.22142626881577215,498,0.552250772109481
LUSC,ENST00000394860.3,5-exon truncated,T_cell_exhaustion,-0.0408,0.3634453532598355,498,0.552250772109481
LUSC,ENST00000394860.3,5-exon truncated,Cytolytic_activity,-0.0227,0.612530069992923,498,0.612530069992923
LUSC,ENST00000394860.3,5-exon truncated,Treg,-0.0322,0.47335780466526944,498,0.552250772109481
LUSC,ENST00000394860.3,5-exon truncated,IFN_gamma,-0.0332,0.4598670783917391,498,0.552250772109481
LUSC,ENST00000394860.3,5-exon truncated,Checkpoint,-0.0496,0.26937840792376094,498,0.552250772109481
LUSC,ENST00000394860.3,5-exon truncated,Myeloid,-0.0496,0.268783267060067,498,0.552250772109481
LUSC,ENST00000467555.1,Short isoform,M2_Macrophage,0.1885,2.2957299067822726e-05,498,2.2957299067822726e-05
LUSC,ENST00000467555.1,Short isoform,T_cell_exhaustion,0.2097,2.343519713340783e-06,498,5.468212664461826e-06
LUSC,ENST00000467555.1,Short isoform,Cytolytic_activity,0.1886,2.2769626280814154e-05,498,2.2957299067822726e-05
LUSC,ENST00000467555.1,Short isoform,Treg,0.2266,3.2246674865366614e-07,498,1.1286336202878314e-06
LUSC,ENST00000467555.1,Short isoform,IFN_gamma,0.1923,1.556520007734954e-05,498,2.1791280108289355e-05
LUSC,ENST00000467555.1,Short isoform,Checkpoint,0.2,6.89374817700309e-06,498,1.2064059309755408e-05
LUSC,ENST00000467555.1,Short isoform,Myeloid,0.371,1.0629292285705395e-17,498,7.440504599993776e-17
LUSC,ENST00000394857.7,Alt-exon isoform,M2_Macrophage,0.0188,0.6748263535840839,498,0.9447568950177174
LUSC,ENST00000394857.7,Alt-exon isoform,T_cell_exhaustion,0.0447,0.31896568281979876,498,0.7843155034911575
LUSC,ENST00000394857.7,Alt-exon isoform,Cytolytic_activity,0.001,0.9815551217878137,498,0.9815551217878137
LUSC,ENST00000394857.7,Alt-exon isoform,Treg,0.0421,0.3487438282667983,498,0.7843155034911575
LUSC,ENST00000394857.7,Alt-exon isoform,IFN_gamma,0.0341,0.4481802877092329,498,0.7843155034911575
LUSC,ENST00000394857.7,Alt-exon isoform,Checkpoint,0.0361,0.4213883976372187,498,0.7843155034911575
LUSC,ENST00000394857.7,Alt-exon isoform,Myeloid,-0.0035,0.9380684096893857,498,0.9815551217878137
LUSC,ENST00000416245.5,Mid isoform,M2_Macrophage,-0.1627,0.0002657593365070649,498,0.0006201051185164848
LUSC,ENST00000416245.5,Mid isoform,T_cell_exhaustion,-0.1128,0.011780877616053086,498,0.013744357218728598
LUSC,ENST00000416245.5,Mid isoform,Cytolytic_activity,-0.1545,0.0005400716270199564,498,0.0009451253472849237
LUSC,ENST00000416245.5,Mid isoform,Treg,-0.126,0.004863194519852892,498,0.006808472327794049
LUSC,ENST00000416245.5,Mid isoform,IFN_gamma,-0.1701,0.0001363701327604354,498,0.0004772954646615239
LUSC,ENST00000416245.5,Mid isoform,Checkpoint,-0.1078,0.016121827022642112,498,0.016121827022642112
LUSC,ENST00000416245.5,Mid isoform,Myeloid,-0.2026,5.204559320790195e-06,498,3.6431915245531365e-05
LUSC,ENST00000479793.5,Alt-terminal isoform,M2_Macrophage,-0.0597,0.1833567061812054,498,0.9731821325723391
LUSC,ENST00000479793.5,Alt-terminal isoform,T_cell_exhaustion,0.0015,0.9731821325723391,498,0.9731821325723391
LUSC,ENST00000479793.5,Alt-terminal isoform,Cytolytic_activity,0.0017,0.9705090104731604,498,0.9731821325723391
LUSC,ENST00000479793.5,Alt-terminal isoform,Treg,-0.0106,0.8138239416633449,498,0.9731821325723391
LUSC,ENST00000479793.5,Alt-terminal isoform,IFN_gamma,-0.018,0.6891067662307588,498,0.9731821325723391
LUSC,ENST00000479793.5,Alt-terminal isoform,Checkpoint,-0.0032,0.9427061283320032,498,0.9731821325723391
LUSC,ENST00000479793.5,Alt-terminal isoform,Myeloid,-0.0323,0.4719113044805834,498,0.9731821325723391
MESO,ENST00000336517.8,FL canonical (9-exon),M2_Macrophage,0.0539,0.620175054790177,87,0.9554447672528733
MESO,ENST00000336517.8,FL canonical (9-exon),T_cell_exhaustion,-0.0249,0.81895265764532,87,0.9554447672528733
MESO,ENST00000336517.8,FL canonical (9-exon),Cytolytic_activity,-0.0569,0.6005249574711576,87,0.9554447672528733
MESO,ENST00000336517.8,FL canonical (9-exon),Treg,-0.122,0.26028830256159385,87,0.9554447672528733
MESO,ENST00000336517.8,FL canonical (9-exon),IFN_gamma,0.0036,0.9738041496508747,87,0.9738041496508748
MESO,ENST00000336517.8,FL canonical (9-exon),Checkpoint,-0.0271,0.803355357585195,87,0.9554447672528733
MESO,ENST00000336517.8,FL canonical (9-exon),Myeloid,0.0422,0.6976264943139974,87,0.9554447672528733
MESO,ENST00000466960.5,Retained-intron,M2_Macrophage,-0.0814,0.45347303170926234,87,0.5634917555270121
MESO,ENST00000466960.5,Retained-intron,T_cell_exhaustion,0.0779,0.47338675043986267,87,0.5634917555270121
MESO,ENST00000466960.5,Retained-intron,Cytolytic_activity,0.0935,0.38904064530834825,87,0.5634917555270121
MESO,ENST00000466960.5,Retained-intron,Treg,0.1423,0.18873572363193408,87,0.5634917555270121
MESO,ENST00000466960.5,Retained-intron,IFN_gamma,0.0434,0.6895753403628074,87,0.6895753403628074
MESO,ENST00000466960.5,Retained-intron,Checkpoint,0.0846,0.43581611676319465,87,0.5634917555270121
MESO,ENST00000466960.5,Retained-intron,Myeloid,-0.0762,0.4829929333088676,87,0.5634917555270121
MESO,ENST00000394860.3,5-exon truncated,M2_Macrophage,-0.1697,0.11617723283717772,87,0.4713121962556973
MESO,ENST00000394860.3,5-exon truncated,T_cell_exhaustion,-0.1244,0.25079541627159535,87,0.4713121962556973
MESO,ENST00000394860.3,5-exon truncated,Cytolytic_activity,-0.0868,0.4239064062969069,87,0.4713121962556973
MESO,ENST00000394860.3,5-exon truncated,Treg,-0.0782,0.4713121962556973,87,0.4713121962556973
MESO,ENST00000394860.3,5-exon truncated,IFN_gamma,-0.0938,0.3872787872383211,87,0.4713121962556973
MESO,ENST00000394860.3,5-exon truncated,Checkpoint,-0.1092,0.3139003258409404,87,0.4713121962556973
MESO,ENST00000394860.3,5-exon truncated,Myeloid,-0.1519,0.16009106078083504,87,0.4713121962556973
MESO,ENST00000467555.1,Short isoform,M2_Macrophage,0.2801,0.008600511543895397,87,0.03536886842971771
MESO,ENST00000467555.1,Short isoform,T_cell_exhaustion,0.0729,0.5021916021504006,87,0.736580971589572
MESO,ENST00000467555.1,Short isoform,Cytolytic_activity,0.0522,0.6313551185053474,87,0.736580971589572
MESO,ENST00000467555.1,Short isoform,Treg,-0.0042,0.9689948618312423,87,0.9689948618312423
MESO,ENST00000467555.1,Short isoform,IFN_gamma,0.0817,0.4518516575743494,87,0.736580971589572
MESO,ENST00000467555.1,Short isoform,Checkpoint,0.0687,0.5271477735002628,87,0.736580971589572
MESO,ENST00000467555.1,Short isoform,Myeloid,0.2744,0.010105390979919346,87,0.03536886842971771
MESO,ENST00000394857.7,Alt-exon isoform,M2_Macrophage,0.2843,0.007609739321097978,87,0.053268175247685845
MESO,ENST00000394857.7,Alt-exon isoform,T_cell_exhaustion,0.1356,0.21059343663610242,87,0.2868401792228055
MESO,ENST00000394857.7,Alt-exon isoform,Cytolytic_activity,0.0978,0.3673178688864849,87,0.3673178688864849
MESO,ENST00000394857.7,Alt-exon isoform,Treg,0.1257,0.24586301076240472,87,0.2868401792228055
MESO,ENST00000394857.7,Alt-exon isoform,IFN_gamma,0.1268,0.2418836145188583,87,0.2868401792228055
MESO,ENST00000394857.7,Alt-exon isoform,Checkpoint,0.1341,0.2155247445959622,87,0.2868401792228055
MESO,ENST00000394857.7,Alt-exon isoform,Myeloid,0.2371,0.02703885953323151,87,0.09463600836631028
MESO,ENST00000416245.5,Mid isoform,M2_Macrophage,-0.0534,0.6231402094903193,87,0.6231402094903193
MESO,ENST00000416245.5,Mid isoform,T_cell_exhaustion,-0.1745,0.1059632475685971,87,0.2282111399100282
MESO,ENST00000416245.5,Mid isoform,Cytolytic_activity,-0.1243,0.25128535772972177,87,0.3517995008216105
MESO,ENST00000416245.5,Mid isoform,Treg,-0.195,0.07028387927969036,87,0.2282111399100282
MESO,ENST00000416245.5,Mid isoform,IFN_gamma,-0.2012,0.061701545533018945,87,0.2282111399100282
MESO,ENST00000416245.5,Mid isoform,Checkpoint,-0.1634,0.13040636566287325,87,0.2282111399100282
MESO,ENST00000416245.5,Mid isoform,Myeloid,-0.098,0.3666904160990101,87,0.4278054854488451
MESO,ENST00000479793.5,Alt-terminal isoform,M2_Macrophage,-0.045,0.6789760003983194,87,0.9445163210901447
MESO,ENST00000479793.5,Alt-terminal isoform,T_cell_exhaustion,-0.1222,0.25964317312342106,87,0.5810283239108965
MESO,ENST00000479793.5,Alt-terminal isoform,Cytolytic_activity,-0.0262,0.8095854180772669,87,0.9445163210901447
MESO,ENST00000479793.5,Alt-terminal isoform,Treg,-0.1052,0.33201618509194086,87,0.5810283239108965
MESO,ENST00000479793.5,Alt-terminal isoform,IFN_gamma,-0.1803,0.09475409388386863,87,0.5810283239108965
MESO,ENST00000479793.5,Alt-terminal isoform,Checkpoint,-0.1342,0.21539890195713948,87,0.5810283239108965
MESO,ENST00000479793.5,Alt-terminal isoform,Myeloid,-0.0065,0.9525725253987575,87,0.9525725253987575
OV,ENST00000336517.8,FL canonical (9-exon),M2_Macrophage,0.1042,0.03271351946292504,420,0.1940130289880693
OV,ENST00000336517.8,FL canonical (9-exon),T_cell_exhaustion,0.0522,0.28550503803063826,420,0.3330892110357446
OV,ENST00000336517.8,FL canonical (9-exon),Cytolytic_activity,0.0145,0.7669707871719637,420,0.7669707871719637
OV,ENST00000336517.8,FL canonical (9-exon),Treg,0.0653,0.1816084034442996,420,0.3178147060275243
OV,ENST00000336517.8,FL canonical (9-exon),IFN_gamma,0.0565,0.24797114149926655,420,0.3330892110357446
OV,ENST00000336517.8,FL canonical (9-exon),Checkpoint,0.0683,0.16218641815970325,420,0.3178147060275243
OV,ENST00000336517.8,FL canonical (9-exon),Myeloid,0.0935,0.05543229399659123,420,0.1940130289880693
OV,ENST00000466960.5,Retained-intron,M2_Macrophage,-0.0567,0.2466643779365284,420,0.43166266138892473
OV,ENST00000466960.5,Retained-intron,T_cell_exhaustion,-0.0729,0.1357872206181034,420,0.43166266138892473
OV,ENST00000466960.5,Retained-intron,Cytolytic_activity,0.0148,0.7621224315698572,420,0.8891428368315001
OV,ENST00000466960.5,Retained-intron,Treg,-0.0014,0.9775551231950743,420,0.9775551231950743
OV,ENST00000466960.5,Retained-intron,IFN_gamma,-0.0646,0.1861279773632016,420,0.43166266138892473
OV,ENST00000466960.5,Retained-intron,Checkpoint,-0.0734,0.13321861264837406,420,0.43166266138892473
OV,ENST00000466960.5,Retained-intron,Myeloid,-0.0363,0.45780274899909656,420,0.6409238485987352
OV,ENST00000394860.3,5-exon truncated,M2_Macrophage,-0.1062,0.029485984245041313,420,0.1032009448576446
OV,ENST00000394860.3,5-exon truncated,T_cell_exhaustion,-0.0729,0.13581423964606743,420,0.237674919380618
OV,ENST00000394860.3,5-exon truncated,Cytolytic_activity,-0.022,0.6531643931642711,420,0.6531643931642711
OV,ENST00000394860.3,5-exon truncated,Treg,-0.0641,0.18952178037754822,420,0.2653304925285675
OV,ENST00000394860.3,5-exon truncated,IFN_gamma,-0.0477,0.32936547797109006,420,0.3842597242996051
OV,ENST00000394860.3,5-exon truncated,Checkpoint,-0.0893,0.06750327016914276,420,0.15750763039466645
OV,ENST00000394860.3,5-exon truncated,Myeloid,-0.1088,0.025733486814130492,420,0.1032009448576446
OV,ENST00000467555.1,Short isoform,M2_Macrophage,0.0701,0.15176776523079302,420,0.2655935891538878
OV,ENST00000467555.1,Short isoform,T_cell_exhaustion,0.0348,0.47683001582139284,420,0.5563016851249584
OV,ENST00000467555.1,Short isoform,Cytolytic_activity,0.0797,0.10286959256509501,420,0.24002904931855504
OV,ENST00000467555.1,Short isoform,Treg,0.098,0.04466502643907601,420,0.1801322348327717
OV,ENST00000467555.1,Short isoform,IFN_gamma,0.0215,0.659806712346155,420,0.659806712346155
OV,ENST00000467555.1,Short isoform,Checkpoint,0.0417,0.39432578568756405,420,0.5520560999625896
OV,ENST00000467555.1,Short isoform,Myeloid,0.0951,0.05146635280936334,420,0.1801322348327717
OV,ENST00000394857.7,Alt-exon isoform,M2_Macrophage,0.0153,0.7541229092965247,420,0.9112211665150648
OV,ENST00000394857.7,Alt-exon isoform,T_cell_exhaustion,0.058,0.2356905464673446,420,0.7300555814113409
OV,ENST00000394857.7,Alt-exon isoform,Cytolytic_activity,0.0399,0.41468508742733157,420,0.7300555814113409
OV,ENST00000394857.7,Alt-exon isoform,Treg,0.0116,0.8120439596285567,420,0.9112211665150648
OV,ENST00000394857.7,Alt-exon isoform,IFN_gamma,0.0397,0.41717461794933763,420,0.7300555814113409
OV,ENST00000394857.7,Alt-exon isoform,Checkpoint,0.0424,0.38582054062046767,420,0.7300555814113409
OV,ENST00000394857.7,Alt-exon isoform,Myeloid,-0.0055,0.9112211665150647,420,0.9112211665150648
OV,ENST00000416245.5,Mid isoform,M2_Macrophage,0.0733,0.133902698677268,420,0.5514291197245965
OV,ENST00000416245.5,Mid isoform,T_cell_exhaustion,0.0613,0.20993853819009664,420,0.5514291197245965
OV,ENST00000416245.5,Mid isoform,Cytolytic_activity,0.0096,0.8444283993196241,420,0.9332544749732782
OV,ENST00000416245.5,Mid isoform,Treg,0.0252,0.6068405419277226,420,0.9332544749732782
OV,ENST00000416245.5,Mid isoform,IFN_gamma,0.0041,0.9332544749732782,420,0.9332544749732782
OV,ENST00000416245.5,Mid isoform,Checkpoint,0.0579,0.23632676559625568,420,0.5514291197245965
OV,ENST00000416245.5,Mid isoform,Myeloid,0.0134,0.783601081175034,420,0.9332544749732782
OV,ENST00000479793.5,Alt-terminal isoform,M2_Macrophage,0.0055,0.9099694829190832,420,0.9741687677500676
OV,ENST00000479793.5,Alt-terminal isoform,T_cell_exhaustion,0.0016,0.9741687677500676,420,0.9741687677500676
OV,ENST00000479793.5,Alt-terminal isoform,Cytolytic_activity,0.065,0.18361707513186812,420,0.9741687677500676
OV,ENST00000479793.5,Alt-terminal isoform,Treg,0.0515,0.2927263152722934,420,0.9741687677500676
OV,ENST00000479793.5,Alt-terminal isoform,IFN_gamma,0.0041,0.9337070862691923,420,0.9741687677500676
OV,ENST00000479793.5,Alt-terminal isoform,Checkpoint,-0.0057,0.9073356431009219,420,0.9741687677500676
OV,ENST00000479793.5,Alt-terminal isoform,Myeloid,0.0376,0.44216894877894675,420,0.9741687677500676
PAAD,ENST00000336517.8,FL canonical (9-exon),M2_Macrophage,0.0019,0.980243399924852,178,0.980243399924852
PAAD,ENST00000336517.8,FL canonical (9-exon),T_cell_exhaustion,-0.0505,0.5029789217856864,178,0.980243399924852
PAAD,ENST00000336517.8,FL canonical (9-exon),Cytolytic_activity,-0.0999,0.1844267442643677,178,0.980243399924852
PAAD,ENST00000336517.8,FL canonical (9-exon),Treg,0.0053,0.9440085805771719,178,0.980243399924852
PAAD,ENST00000336517.8,FL canonical (9-exon),IFN_gamma,0.0362,0.6311077368810621,178,0.980243399924852
PAAD,ENST00000336517.8,FL canonical (9-exon),Checkpoint,-0.0191,0.7999832851175932,178,0.980243399924852
PAAD,ENST00000336517.8,FL canonical (9-exon),Myeloid,0.0335,0.6567181372806199,178,0.980243399924852
PAAD,ENST00000466960.5,Retained-intron,M2_Macrophage,-0.0155,0.8370984107617583,178,0.9308017989808242
PAAD,ENST00000466960.5,Retained-intron,T_cell_exhaustion,0.0193,0.7985239157373857,178,0.9308017989808242
PAAD,ENST00000466960.5,Retained-intron,Cytolytic_activity,0.0411,0.5863425402467699,178,0.9308017989808242
PAAD,ENST00000466960.5,Retained-intron,Treg,-0.0184,0.8069847140408469,178,0.9308017989808242
PAAD,ENST00000466960.5,Retained-intron,IFN_gamma,-0.0378,0.6162172249330686,178,0.9308017989808242
PAAD,ENST00000466960.5,Retained-intron,Checkpoint,0.0066,0.9308017989808242,178,0.9308017989808242
PAAD,ENST00000466960.5,Retained-intron,Myeloid,-0.0452,0.5492353994103594,178,0.9308017989808242
PAAD,ENST00000394860.3,5-exon truncated,M2_Macrophage,0.0475,0.5286443185305212,178,0.9366277400100372
PAAD,ENST00000394860.3,5-exon truncated,T_cell_exhaustion,0.0333,0.6589220875769992,178,0.9366277400100372
PAAD,ENST00000394860.3,5-exon truncated,Cytolytic_activity,0.0323,0.6690198142928838,178,0.9366277400100372
PAAD,ENST00000394860.3,5-exon truncated,Treg,-0.0033,0.9647113275928945,178,0.9647113275928945
PAAD,ENST00000394860.3,5-exon truncated,IFN_gamma,0.0806,0.28485115677044703,178,0.9366277400100372
PAAD,ENST00000394860.3,5-exon truncated,Checkpoint,0.0343,0.649799159734405,178,0.9366277400100372
PAAD,ENST00000394860.3,5-exon truncated,Myeloid,0.0186,0.804845551887631,178,0.9389864772022362
PAAD,ENST00000467555.1,Short isoform,M2_Macrophage,0.066,0.38158182952613795,178,0.5587073746745148
PAAD,ENST00000467555.1,Short isoform,T_cell_exhaustion,0.0472,0.531678318055726,178,0.5587073746745148
PAAD,ENST00000467555.1,Short isoform,Cytolytic_activity,0.0584,0.43876245468438824,178,0.5587073746745148
PAAD,ENST00000467555.1,Short isoform,Treg,0.0502,0.50584619345121,178,0.5587073746745148
PAAD,ENST00000467555.1,Short isoform,IFN_gamma,0.1066,0.15653647948664356,178,0.5478776782032525
PAAD,ENST00000467555.1,Short isoform,Checkpoint,0.0441,0.5587073746745148,178,0.5587073746745148
PAAD,ENST00000467555.1,Short isoform,Myeloid,0.125,0.09653588164786409,178,0.5478776782032525
PAAD,ENST00000394857.7,Alt-exon isoform,M2_Macrophage,-0.0593,0.43156161406383176,178,0.6154161994135959
PAAD,ENST00000394857.7,Alt-exon isoform,T_cell_exhaustion,-0.0584,0.4390799866366458,178,0.6154161994135959
PAAD,ENST00000394857.7,Alt-exon isoform,Cytolytic_activity,-0.0544,0.4708091588580434,178,0.6154161994135959
PAAD,ENST00000394857.7,Alt-exon isoform,Treg,-0.0162,0.8301889289094699,178,0.8301889289094699
PAAD,ENST00000394857.7,Alt-exon isoform,IFN_gamma,-0.0788,0.29554583860126565,178,0.6154161994135959
PAAD,ENST00000394857.7,Alt-exon isoform,Checkpoint,-0.0709,0.3470187187198288,178,0.6154161994135959
PAAD,ENST00000394857.7,Alt-exon isoform,Myeloid,-0.0477,0.5274995994973679,178,0.6154161994135959
PAAD,ENST00000416245.5,Mid isoform,M2_Macrophage,-0.3127,2.1401093950018244e-05,178,0.0001498076576501277
PAAD,ENST00000416245.5,Mid isoform,T_cell_exhaustion,-0.2935,7.005046281411781e-05,178,0.0002451766198494123
PAAD,ENST00000416245.5,Mid isoform,Cytolytic_activity,-0.2772,0.0001797620679870828,178,0.0003145836189773949
PAAD,ENST00000416245.5,Mid isoform,Treg,-0.2463,0.000918954961132356,178,0.0010721141213210822
PAAD,ENST00000416245.5,Mid isoform,IFN_gamma,-0.137,0.06830254624911795,178,0.06830254624911795
PAAD,ENST00000416245.5,Mid isoform,Checkpoint,-0.2806,0.00014874531707586737,178,0.0003145836189773949
PAAD,ENST00000416245.5,Mid isoform,Myeloid,-0.27,0.0002670085638704784,178,0.00037381198941866976
PAAD,ENST00000479793.5,Alt-terminal isoform,M2_Macrophage,0.0553,0.46374745782409643,178,0.7365576331452395
PAAD,ENST00000479793.5,Alt-terminal isoform,T_cell_exhaustion,0.0312,0.6792392281113191,178,0.7365576331452395
PAAD,ENST00000479793.5,Alt-terminal isoform,Cytolytic_activity,0.027,0.7205823488230274,178,0.7365576331452395
PAAD,ENST00000479793.5,Alt-terminal isoform,Treg,0.0275,0.7153327476321867,178,0.7365576331452395
PAAD,ENST00000479793.5,Alt-terminal isoform,IFN_gamma,-0.0383,0.612033465178218,178,0.7365576331452395
PAAD,ENST00000479793.5,Alt-terminal isoform,Checkpoint,0.0254,0.7365576331452395,178,0.7365576331452395
PAAD,ENST00000479793.5,Alt-terminal isoform,Myeloid,0.0373,0.6213298191184251,178,0.7365576331452395
PCPG,ENST00000336517.8,FL canonical (9-exon),M2_Macrophage,0.3715,3.55842312717511e-07,177,1.2454480945112885e-06
PCPG,ENST00000336517.8,FL canonical (9-exon),T_cell_exhaustion,0.3371,4.4791397025895504e-06,177,7.838494479531713e-06
PCPG,ENST00000336517.8,FL canonical (9-exon),Cytolytic_activity,0.1207,0.1095990101944625,177,0.1095990101944625
PCPG,ENST00000336517.8,FL canonical (9-exon),Treg,0.2583,0.0005187276581832094,177,0.000605182267880411
PCPG,ENST00000336517.8,FL canonical (9-exon),IFN_gamma,0.3135,2.148056619041482e-05,177,3.0072792666580742e-05
PCPG,ENST00000336517.8,FL canonical (9-exon),Checkpoint,0.3573,1.0477312663926214e-06,177,2.44470628824945e-06
PCPG,ENST00000336517.8,FL canonical (9-exon),Myeloid,0.4121,1.2039165939761504e-08,177,8.427416157833053e-08
PCPG,ENST00000466960.5,Retained-intron,M2_Macrophage,-0.2828,0.00013647734644168835,177,0.00023883535627295462
PCPG,ENST00000466960.5,Retained-intron,T_cell_exhaustion,-0.2861,0.00011305982877490954,177,0.00023883535627295462
PCPG,ENST00000466960.5,Retained-intron,Cytolytic_activity,-0.0714,0.3447366809592015,177,0.3447366809592015
PCPG,ENST00000466960.5,Retained-intron,Treg,-0.2087,0.005311743121604817,177,0.0061970336418722865
PCPG,ENST00000466960.5,Retained-intron,IFN_gamma,-0.2614,0.0004399450836879558,177,0.0006159231171631381
PCPG,ENST00000466960.5,Retained-intron,Checkpoint,-0.2959,6.361898130269692e-05,177,0.00022266643455943924
PCPG,ENST00000466960.5,Retained-intron,Myeloid,-0.3072,3.185436951016676e-05,177,0.00022266643455943924
PCPG,ENST00000394860.3,5-exon truncated,M2_Macrophage,-0.1011,0.18065307510090525,177,0.9233942310606033
PCPG,ENST00000394860.3,5-exon truncated,T_cell_exhaustion,-0.0333,0.6595673079004309,177,0.9233942310606033
PCPG,ENST00000394860.3,5-exon truncated,Cytolytic_activity,-0.0083,0.9122232067801652,177,0.9400217550667389
PCPG,ENST00000394860.3,5-exon truncated,Treg,-0.0057,0.9400217550667389,177,0.9400217550667389
PCPG,ENST00000394860.3,5-exon truncated,IFN_gamma,0.0398,0.5990165104950087,177,0.9233942310606033
PCPG,ENST00000394860.3,5-exon truncated,Checkpoint,-0.0456,0.5467421666283789,177,0.9233942310606033
PCPG,ENST00000394860.3,5-exon truncated,Myeloid,-0.0673,0.3731015262513524,177,0.9233942310606033
PCPG,ENST00000467555.1,Short isoform,M2_Macrophage,0.0124,0.8697667455386857,177,0.974047434388612
PCPG,ENST00000467555.1,Short isoform,T_cell_exhaustion,0.0025,0.974047434388612,177,0.974047434388612
PCPG,ENST00000467555.1,Short isoform,Cytolytic_activity,-0.0904,0.23122606988842648,177,0.974047434388612
PCPG,ENST00000467555.1,Short isoform,Treg,-0.016,0.8324503415887107,177,0.974047434388612
PCPG,ENST00000467555.1,Short isoform,IFN_gamma,-0.0147,0.8455905282256421,177,0.974047434388612
PCPG,ENST00000467555.1,Short isoform,Checkpoint,-0.0145,0.8484343617048486,177,0.974047434388612
PCPG,ENST00000467555.1,Short isoform,Myeloid,0.0419,0.5801995830116817,177,0.974047434388612
PCPG,ENST00000394857.7,Alt-exon isoform,M2_Macrophage,0.0256,0.7355458638216936,177,0.7355458638216936
PCPG,ENST00000394857.7,Alt-exon isoform,T_cell_exhaustion,0.0559,0.4601919096812044,177,0.7355458638216936
PCPG,ENST00000394857.7,Alt-exon isoform,Cytolytic_activity,-0.0404,0.5934397157814875,177,0.7355458638216936
PCPG,ENST00000394857.7,Alt-exon isoform,Treg,0.0313,0.6795944049409441,177,0.7355458638216936
PCPG,ENST00000394857.7,Alt-exon isoform,IFN_gamma,0.1376,0.06777319880144762,177,0.4744123916101334
PCPG,ENST00000394857.7,Alt-exon isoform,Checkpoint,0.0899,0.234119341189282,177,0.7355458638216936
PCPG,ENST00000394857.7,Alt-exon isoform,Myeloid,-0.026,0.7309162633211719,177,0.7355458638216936
PCPG,ENST00000416245.5,Mid isoform,M2_Macrophage,0.1594,0.03402201829078282,177,0.07938470934515991
PCPG,ENST00000416245.5,Mid isoform,T_cell_exhaustion,0.1598,0.03358428274997259,177,0.07938470934515991
PCPG,ENST00000416245.5,Mid isoform,Cytolytic_activity,0.0226,0.7647618005562069,177,0.7647618005562069
PCPG,ENST00000416245.5,Mid isoform,Treg,0.1299,0.08488774886405952,177,0.11884284840968333
PCPG,ENST00000416245.5,Mid isoform,IFN_gamma,0.0855,0.2578074529896242,177,0.30077536182122827
PCPG,ENST00000416245.5,Mid isoform,Checkpoint,0.1644,0.02879770156646808,177,0.07938470934515991
PCPG,ENST00000416245.5,Mid isoform,Myeloid,0.1355,0.0722120869561336,177,0.11884284840968333
PCPG,ENST00000479793.5,Alt-terminal isoform,M2_Macrophage,0.0217,0.7742047257528322,177,0.9644973771337652
PCPG,ENST00000479793.5,Alt-terminal isoform,T_cell_exhaustion,0.0897,0.2349684543133226,177,0.9644973771337652
PCPG,ENST00000479793.5,Alt-terminal isoform,Cytolytic_activity,0.0034,0.9644973771337653,177,0.9644973771337652
PCPG,ENST00000479793.5,Alt-terminal isoform,Treg,0.049,0.517239339960716,177,0.9644973771337652
PCPG,ENST00000479793.5,Alt-terminal isoform,IFN_gamma,-0.0125,0.8692265960174229,177,0.9644973771337652
PCPG,ENST00000479793.5,Alt-terminal isoform,Checkpoint,0.0626,0.40800214963296244,177,0.9644973771337652
PCPG,ENST00000479793.5,Alt-terminal isoform,Myeloid,0.0268,0.7233576412516269,177,0.9644973771337652
PRAD,ENST00000336517.8,FL canonical (9-exon),M2_Macrophage,0.2088,2.803338185829536e-06,495,1.9623367300806752e-05
PRAD,ENST00000336517.8,FL canonical (9-exon),T_cell_exhaustion,0.0651,0.14787717147489363,495,0.20702804006485107
PRAD,ENST00000336517.8,FL canonical (9-exon),Cytolytic_activity,-0.0036,0.9361934735402457,495,0.9361934735402457
PRAD,ENST00000336517.8,FL canonical (9-exon),Treg,0.0927,0.03932376074611728,495,0.06881658130570524
PRAD,ENST00000336517.8,FL canonical (9-exon),IFN_gamma,0.1651,0.00022445499951505822,495,0.0007855924983027038
PRAD,ENST00000336517.8,FL canonical (9-exon),Checkpoint,0.055,0.22150935042779454,495,0.2584275754990936
PRAD,ENST00000336517.8,FL canonical (9-exon),Myeloid,0.1511,0.0007460467774057958,495,0.0017407758139468567
PRAD,ENST00000466960.5,Retained-intron,M2_Macrophage,-0.1554,0.0005194199944475476,495,0.003635939961132833
PRAD,ENST00000466960.5,Retained-intron,T_cell_exhaustion,-0.0588,0.19187125237990368,495,0.26861975333186516
PRAD,ENST00000466960.5,Retained-intron,Cytolytic_activity,0.0119,0.7918144396319229,495,0.791814439631923
PRAD,ENST00000466960.5,Retained-intron,Treg,-0.074,0.10023860414544225,495,0.17541755725452393
PRAD,ENST00000466960.5,Retained-intron,IFN_gamma,-0.1218,0.006664700463386149,495,0.02332645162185152
PRAD,ENST00000466960.5,Retained-intron,Checkpoint,-0.0466,0.3002994912785437,495,0.3503494064916343
PRAD,ENST00000466960.5,Retained-intron,Myeloid,-0.1083,0.015925918071869997,495,0.037160475501029994
PRAD,ENST00000394860.3,5-exon truncated,M2_Macrophage,-0.1159,0.009881711695940279,495,0.04834813521240004
PRAD,ENST00000394860.3,5-exon truncated,T_cell_exhaustion,-0.0911,0.042676788383609617,495,0.05974750373705347
PRAD,ENST00000394860.3,5-exon truncated,Cytolytic_activity,-0.0526,0.2424222077182306,495,0.2424222077182306
PRAD,ENST00000394860.3,5-exon truncated,Treg,-0.1033,0.021468740326915817,495,0.04834813521240004
PRAD,ENST00000394860.3,5-exon truncated,IFN_gamma,-0.0802,0.07463416050871856,495,0.08707318726017166
PRAD,ENST00000394860.3,5-exon truncated,Checkpoint,-0.1005,0.025409084835475,495,0.04834813521240004
PRAD,ENST00000394860.3,5-exon truncated,Myeloid,-0.099,0.02762750583565717,495,0.04834813521240004
PRAD,ENST00000467555.1,Short isoform,M2_Macrophage,0.0753,0.09423246968125593,495,0.09423246968125591
PRAD,ENST00000467555.1,Short isoform,T_cell_exhaustion,0.156,0.0004972419607885556,495,0.0017403468627599447
PRAD,ENST00000467555.1,Short isoform,Cytolytic_activity,0.1229,0.006181174406938826,495,0.012200699597307161
PRAD,ENST00000467555.1,Short isoform,Treg,0.099,0.02761346310615342,495,0.038658848348614785
PRAD,ENST00000467555.1,Short isoform,IFN_gamma,0.1211,0.0069718283413183774,495,0.012200699597307161
PRAD,ENST00000467555.1,Short isoform,Checkpoint,0.1599,0.0003561519517874102,495,0.0017403468627599447
PRAD,ENST00000467555.1,Short isoform,Myeloid,0.0849,0.05908535059537339,495,0.06893290902793563
PRAD,ENST00000394857.7,Alt-exon isoform,M2_Macrophage,-0.0067,0.8825179440276154,495,0.8825179440276154
PRAD,ENST00000394857.7,Alt-exon isoform,T_cell_exhaustion,0.0567,0.20757788053191586,495,0.5006639964481918
PRAD,ENST00000394857.7,Alt-exon isoform,Cytolytic_activity,0.0871,0.05277633867882949,495,0.36943437075180646
PRAD,ENST00000394857.7,Alt-exon isoform,Treg,0.048,0.2860937122561096,495,0.5006639964481918
PRAD,ENST00000394857.7,Alt-exon isoform,IFN_gamma,0.03,0.5056168292585113,495,0.5898863008015964
PRAD,ENST00000394857.7,Alt-exon isoform,Checkpoint,0.0543,0.2275723741262142,495,0.5006639964481918
PRAD,ENST00000394857.7,Alt-exon isoform,Myeloid,-0.0304,0.49929978279941956,495,0.5898863008015964
PRAD,ENST00000416245.5,Mid isoform,M2_Macrophage,0.0763,0.08992780245979422,495,0.15737365430463987
PRAD,ENST00000416245.5,Mid isoform,T_cell_exhaustion,0.0778,0.08380191858126607,495,0.15737365430463987
PRAD,ENST00000416245.5,Mid isoform,Cytolytic_activity,0.0199,0.6583933247809065,495,0.7681255455777243
PRAD,ENST00000416245.5,Mid isoform,Treg,0.0972,0.03067294410363452,495,0.15737365430463987
PRAD,ENST00000416245.5,Mid isoform,IFN_gamma,0.0349,0.4383564311017105,495,0.6136990035423947
PRAD,ENST00000416245.5,Mid isoform,Checkpoint,0.0814,0.07047279558408241,495,0.15737365430463987
PRAD,ENST00000416245.5,Mid isoform,Myeloid,0.0107,0.8115560646431786,495,0.8115560646431786
PRAD,ENST00000479793.5,Alt-terminal isoform,M2_Macrophage,-0.1309,0.003536714070732945,495,0.023314730928035356
PRAD,ENST00000479793.5,Alt-terminal isoform,T_cell_exhaustion,-0.0748,0.09634128084997613,495,0.12184985113944914
PRAD,ENST00000479793.5,Alt-terminal isoform,Cytolytic_activity,-0.0631,0.1609149338945468,495,0.1609149338945468
PRAD,ENST00000479793.5,Alt-terminal isoform,Treg,-0.0966,0.03160989120304426,495,0.055317309605327464
PRAD,ENST00000479793.5,Alt-terminal isoform,IFN_gamma,-0.1218,0.006661351693724387,495,0.023314730928035356
PRAD,ENST00000479793.5,Alt-terminal isoform,Checkpoint,-0.0731,0.10444272954809927,495,0.12184985113944914
PRAD,ENST00000479793.5,Alt-terminal isoform,Myeloid,-0.109,0.01526604033906819,495,0.03562076079115911
READ,ENST00000336517.8,FL canonical (9-exon),M2_Macrophage,0.0714,0.49860293036172165,92,0.7970127580092233
READ,ENST00000336517.8,FL canonical (9-exon),T_cell_exhaustion,0.0571,0.5887395531594806,92,0.7970127580092233
READ,ENST00000336517.8,FL canonical (9-exon),Cytolytic_activity,0.0005,0.9959281643899451,92,0.9959281643899451
READ,ENST00000336517.8,FL canonical (9-exon),Treg,0.0703,0.5054077709769805,92,0.7970127580092233
READ,ENST00000336517.8,FL canonical (9-exon),IFN_gamma,0.0794,0.4519006481989547,92,0.7970127580092233
READ,ENST00000336517.8,FL canonical (9-exon),Checkpoint,0.0431,0.6831537925793343,92,0.7970127580092233
READ,ENST00000336517.8,FL canonical (9-exon),Myeloid,0.0524,0.6201392335193561,92,0.7970127580092233
READ,ENST00000466960.5,Retained-intron,M2_Macrophage,0.0233,0.8253736350117423,92,0.9851095018962779
READ,ENST00000466960.5,Retained-intron,T_cell_exhaustion,0.003,0.9773169669409696,92,0.9851095018962779
READ,ENST00000466960.5,Retained-intron,Cytolytic_activity,0.0594,0.5735144796014222,92,0.9851095018962779
READ,ENST00000466960.5,Retained-intron,Treg,-0.002,0.9851095018962779,92,0.9851095018962779
READ,ENST00000466960.5,Retained-intron,IFN_gamma,-0.0075,0.9433898546489519,92,0.9851095018962779
READ,ENST00000466960.5,Retained-intron,Checkpoint,0.0026,0.9806896368499157,92,0.9851095018962779
READ,ENST00000466960.5,Retained-intron,Myeloid,0.0115,0.9130323632549712,92,0.9851095018962779
READ,ENST00000394860.3,5-exon truncated,M2_Macrophage,0.0404,0.7024396337450671,92,0.7024396337450671
READ,ENST00000394860.3,5-exon truncated,T_cell_exhaustion,0.0821,0.4363733380429946,92,0.7024396337450671
READ,ENST00000394860.3,5-exon truncated,Cytolytic_activity,0.1268,0.2283062317120665,92,0.7024396337450671
READ,ENST00000394860.3,5-exon truncated,Treg,0.0694,0.5111306652399454,92,0.7024396337450671
READ,ENST00000394860.3,5-exon truncated,IFN_gamma,0.0494,0.6401728752179194,92,0.7024396337450671
READ,ENST00000394860.3,5-exon truncated,Checkpoint,0.1039,0.324272902313276,92,0.7024396337450671
READ,ENST00000394860.3,5-exon truncated,Myeloid,0.0581,0.5822063859082721,92,0.7024396337450671
READ,ENST00000467555.1,Short isoform,M2_Macrophage,0.2575,0.013219058353163976,92,0.01628134622048346
READ,ENST00000467555.1,Short isoform,T_cell_exhaustion,0.2629,0.0113590542366371,92,0.01628134622048346
READ,ENST00000467555.1,Short isoform,Cytolytic_activity,0.2683,0.00970126889369192,92,0.01628134622048346
READ,ENST00000467555.1,Short isoform,Treg,0.2499,0.01628134622048346,92,0.01628134622048346
READ,ENST00000467555.1,Short isoform,IFN_gamma,0.2805,0.006765557254774301,92,0.01628134622048346
READ,ENST00000467555.1,Short isoform,Checkpoint,0.2501,0.01620654780614158,92,0.01628134622048346
READ,ENST00000467555.1,Short isoform,Myeloid,0.2776,0.0073835127845228625,92,0.01628134622048346
READ,ENST00000394857.7,Alt-exon isoform,M2_Macrophage,-0.0846,0.4226779877536786,92,0.6027032753017175
READ,ENST00000394857.7,Alt-exon isoform,T_cell_exhaustion,-0.0862,0.4137428201716252,92,0.6027032753017175
READ,ENST00000394857.7,Alt-exon isoform,Cytolytic_activity,-0.0296,0.7792425649008408,92,0.7792425649008408
READ,ENST00000394857.7,Alt-exon isoform,Treg,-0.0744,0.4811187482549554,92,0.6027032753017175
READ,ENST00000394857.7,Alt-exon isoform,IFN_gamma,-0.1335,0.2046063997973547,92,0.6027032753017175
READ,ENST00000394857.7,Alt-exon isoform,Checkpoint,-0.0688,0.5148069272753708,92,0.6027032753017175
READ,ENST00000394857.7,Alt-exon isoform,Myeloid,-0.0685,0.5166028074014721,92,0.6027032753017175
READ,ENST00000416245.5,Mid isoform,M2_Macrophage,-0.0517,0.6244760215229437,92,0.9262286050968166
READ,ENST00000416245.5,Mid isoform,T_cell_exhaustion,-0.0172,0.8704976132795975,92,0.9262286050968166
READ,ENST00000416245.5,Mid isoform,Cytolytic_activity,-0.0098,0.9262286050968166,92,0.9262286050968166
READ,ENST00000416245.5,Mid isoform,Treg,0.034,0.747312316496737,92,0.9262286050968166
READ,ENST00000416245.5,Mid isoform,IFN_gamma,-0.0715,0.49851004708851643,92,0.9262286050968166
READ,ENST00000416245.5,Mid isoform,Checkpoint,-0.0218,0.8366360391525827,92,0.9262286050968166
READ,ENST00000416245.5,Mid isoform,Myeloid,-0.0462,0.6619497764432744,92,0.9262286050968166
READ,ENST00000479793.5,Alt-terminal isoform,M2_Macrophage,-0.1009,0.3386871086121058,92,0.5132395036694397
READ,ENST00000479793.5,Alt-terminal isoform,T_cell_exhaustion,-0.117,0.26671700990610603,92,0.5132395036694397
READ,ENST00000479793.5,Alt-terminal isoform,Cytolytic_activity,-0.0323,0.7599477912762301,92,0.7599477912762301
READ,ENST00000479793.5,Alt-terminal isoform,Treg,-0.1618,0.12331129916230799,92,0.5132395036694397
READ,ENST00000479793.5,Alt-terminal isoform,IFN_gamma,-0.0612,0.5622175207022448,92,0.6559204408192857
READ,ENST00000479793.5,Alt-terminal isoform,Checkpoint,-0.0952,0.36659964547817125,92,0.5132395036694397
READ,ENST00000479793.5,Alt-terminal isoform,Myeloid,-0.1094,0.29937396794402904,92,0.5132395036694397
SARC,ENST00000336517.8,FL canonical (9-exon),M2_Macrophage,-0.0247,0.6933461010211277,258,0.8157858541610814
SARC,ENST00000336517.8,FL canonical (9-exon),T_cell_exhaustion,-0.0115,0.8545544824255098,258,0.8545544824255098
SARC,ENST00000336517.8,FL canonical (9-exon),Cytolytic_activity,-0.0533,0.39373656047689354,258,0.8157858541610814
SARC,ENST00000336517.8,FL canonical (9-exon),Treg,-0.0374,0.5498291562967696,258,0.8157858541610814
SARC,ENST00000336517.8,FL canonical (9-exon),IFN_gamma,0.0401,0.5210655562834576,258,0.8157858541610814
SARC,ENST00000336517.8,FL canonical (9-exon),Checkpoint,-0.0242,0.6992450178523555,258,0.8157858541610814
SARC,ENST00000336517.8,FL canonical (9-exon),Myeloid,-0.0706,0.25865433221802747,258,0.8157858541610814
SARC,ENST00000466960.5,Retained-intron,M2_Macrophage,0.0339,0.5873302061801954,258,0.885330794340271
SARC,ENST00000466960.5,Retained-intron,T_cell_exhaustion,0.0169,0.7870077802451994,258,0.885330794340271
SARC,ENST00000466960.5,Retained-intron,Cytolytic_activity,0.024,0.7009006349403459,258,0.885330794340271
SARC,ENST00000466960.5,Retained-intron,Treg,0.0219,0.7259927517476056,258,0.885330794340271
SARC,ENST00000466960.5,Retained-intron,IFN_gamma,0.009,0.885330794340271,258,0.885330794340271
SARC,ENST00000466960.5,Retained-intron,Checkpoint,0.0234,0.7083017980451358,258,0.885330794340271
SARC,ENST00000466960.5,Retained-intron,Myeloid,0.0112,0.8579387703280811,258,0.885330794340271
SARC,ENST00000394860.3,5-exon truncated,M2_Macrophage,-0.0101,0.8712637875745755,258,0.880552387996104
SARC,ENST00000394860.3,5-exon truncated,T_cell_exhaustion,-0.0415,0.5067169258261921,258,0.880552387996104
SARC,ENST00000394860.3,5-exon truncated,Cytolytic_activity,-0.0393,0.5294586027262336,258,0.880552387996104
SARC,ENST00000394860.3,5-exon truncated,Treg,-0.0094,0.880552387996104,258,0.880552387996104
SARC,ENST00000394860.3,5-exon truncated,IFN_gamma,-0.0598,0.33855776169945173,258,0.880552387996104
SARC,ENST00000394860.3,5-exon truncated,Checkpoint,-0.0362,0.5623341250323882,258,0.880552387996104
SARC,ENST00000394860.3,5-exon truncated,Myeloid,0.0221,0.7242244586011118,258,0.880552387996104
SARC,ENST00000467555.1,Short isoform,M2_Macrophage,0.0474,0.4480235744579457,258,0.4480235744579457
SARC,ENST00000467555.1,Short isoform,T_cell_exhaustion,0.1096,0.07887380315074548,258,0.13229785517374407
SARC,ENST00000467555.1,Short isoform,Cytolytic_activity,0.1365,0.028338646735884578,258,0.13229785517374407
SARC,ENST00000467555.1,Short isoform,Treg,0.1069,0.08670919531030304,258,0.13229785517374407
SARC,ENST00000467555.1,Short isoform,IFN_gamma,0.1184,0.05747593913044847,258,0.13229785517374407
SARC,ENST00000467555.1,Short isoform,Checkpoint,0.1043,0.09449846798124575,258,0.13229785517374407
SARC,ENST00000467555.1,Short isoform,Myeloid,0.0708,0.25693318430493584,258,0.2997553816890918
SARC,ENST00000394857.7,Alt-exon isoform,M2_Macrophage,0.0286,0.647333669676503,258,0.9328440768514072
SARC,ENST00000394857.7,Alt-exon isoform,T_cell_exhaustion,0.0269,0.6665782957087678,258,0.9328440768514072
SARC,ENST00000394857.7,Alt-exon isoform,Cytolytic_activity,0.0053,0.9328440768514072,258,0.9328440768514072
SARC,ENST00000394857.7,Alt-exon isoform,Treg,0.0151,0.8097399390327245,258,0.9328440768514072
SARC,ENST00000394857.7,Alt-exon isoform,IFN_gamma,0.0291,0.6414097191711704,258,0.9328440768514072
SARC,ENST00000394857.7,Alt-exon isoform,Checkpoint,0.0199,0.7503126838533349,258,0.9328440768514072
SARC,ENST00000394857.7,Alt-exon isoform,Myeloid,0.0531,0.3957074275102034,258,0.9328440768514072
SARC,ENST00000416245.5,Mid isoform,M2_Macrophage,-0.2142,0.000532624814012583,258,0.0037283736980880814
SARC,ENST00000416245.5,Mid isoform,T_cell_exhaustion,-0.0598,0.3388291574597949,258,0.47436082044371286
SARC,ENST00000416245.5,Mid isoform,Cytolytic_activity,-0.087,0.16347469124455327,258,0.3501063996736312
SARC,ENST00000416245.5,Mid isoform,Treg,-0.0508,0.41687589859097696,258,0.4863552150228065
SARC,ENST00000416245.5,Mid isoform,IFN_gamma,-0.0077,0.9018391150715878,258,0.9018391150715878
SARC,ENST00000416245.5,Mid isoform,Checkpoint,-0.08,0.20006079981350355,258,0.3501063996736312
SARC,ENST00000416245.5,Mid isoform,Myeloid,-0.2023,0.0010843460962319362,258,0.0037952113368117765
SARC,ENST00000479793.5,Alt-terminal isoform,M2_Macrophage,-0.0589,0.34608314520436423,258,0.8954653382842354
SARC,ENST00000479793.5,Alt-terminal isoform,T_cell_exhaustion,-0.0319,0.60994107147942,258,0.8954653382842354
SARC,ENST00000479793.5,Alt-terminal isoform,Cytolytic_activity,0.0226,0.7174916259974089,258,0.8954653382842354
SARC,ENST00000479793.5,Alt-terminal isoform,Treg,0.0082,0.8954653382842354,258,0.8954653382842354
SARC,ENST00000479793.5,Alt-terminal isoform,IFN_gamma,-0.0322,0.6065781311955727,258,0.8954653382842354
SARC,ENST00000479793.5,Alt-terminal isoform,Checkpoint,-0.0099,0.8739649643028273,258,0.8954653382842354
SARC,ENST00000479793.5,Alt-terminal isoform,Myeloid,-0.0351,0.5743796534635415,258,0.8954653382842354
SKCM,ENST00000336517.8,FL canonical (9-exon),M2_Macrophage,0.2703,0.006011998691520827,102,0.04208399084064579
SKCM,ENST00000336517.8,FL canonical (9-exon),T_cell_exhaustion,0.0828,0.4080444863623194,102,0.7121455626198306
SKCM,ENST00000336517.8,FL canonical (9-exon),Cytolytic_activity,0.0064,0.9489553077355728,102,0.9489553077355728
SKCM,ENST00000336517.8,FL canonical (9-exon),Treg,0.057,0.5691567236486499,102,0.7121455626198306
SKCM,ENST00000336517.8,FL canonical (9-exon),IFN_gamma,0.051,0.6104104822455692,102,0.7121455626198306
SKCM,ENST00000336517.8,FL canonical (9-exon),Checkpoint,0.0776,0.4382235972618571,102,0.7121455626198306
SKCM,ENST00000336517.8,FL canonical (9-exon),Myeloid,0.2281,0.02111810094259802,102,0.07391335329909307
SKCM,ENST00000466960.5,Retained-intron,M2_Macrophage,-0.1999,0.04392912379105251,102,0.21265850654180335
SKCM,ENST00000466960.5,Retained-intron,T_cell_exhaustion,-0.0351,0.7258458993868003,102,0.9145199304434017
SKCM,ENST00000466960.5,Retained-intron,Cytolytic_activity,0.0108,0.9145199304434017,102,0.9145199304434017
SKCM,ENST00000466960.5,Retained-intron,Treg,-0.0358,0.7209378025867224,102,0.9145199304434017
SKCM,ENST00000466960.5,Retained-intron,IFN_gamma,-0.0149,0.8820223105489818,102,0.9145199304434017
SKCM,ENST00000466960.5,Retained-intron,Checkpoint,-0.0245,0.806545541096612,102,0.9145199304434017
SKCM,ENST00000466960.5,Retained-intron,Myeloid,-0.1863,0.0607595732976581,102,0.21265850654180335
SKCM,ENST00000394860.3,5-exon truncated,M2_Macrophage,-0.0163,0.8709934611773158,102,0.8709934611773159
SKCM,ENST00000394860.3,5-exon truncated,T_cell_exhaustion,-0.1049,0.2939625323241524,102,0.7391800043849968
SKCM,ENST00000394860.3,5-exon truncated,Cytolytic_activity,-0.0803,0.42238857393428386,102,0.7391800043849968
SKCM,ENST00000394860.3,5-exon truncated,Treg,-0.1347,0.17705952534770292,102,0.7391800043849968
SKCM,ENST00000394860.3,5-exon truncated,IFN_gamma,-0.0546,0.585609386181359,102,0.8195936655338406
SKCM,ENST00000394860.3,5-exon truncated,Checkpoint,-0.0981,0.32641078945376234,102,0.7391800043849968
SKCM,ENST00000394860.3,5-exon truncated,Myeloid,0.0383,0.7025088561718633,102,0.8195936655338406
SKCM,ENST00000467555.1,Short isoform,M2_Macrophage,0.043,0.6675689416565982,102,0.9505722715627796
SKCM,ENST00000467555.1,Short isoform,T_cell_exhaustion,0.0236,0.8137192506629569,102,0.9505722715627796
SKCM,ENST00000467555.1,Short isoform,Cytolytic_activity,0.0357,0.7216141139908071,102,0.9505722715627796
SKCM,ENST00000467555.1,Short isoform,Treg,0.0512,0.6093020319936118,102,0.9505722715627796
SKCM,ENST00000467555.1,Short isoform,IFN_gamma,0.0167,0.8677072765406454,102,0.9505722715627796
SKCM,ENST00000467555.1,Short isoform,Checkpoint,0.0062,0.9505722715627796,102,0.9505722715627796
SKCM,ENST00000467555.1,Short isoform,Myeloid,0.1382,0.16598605146534684,102,0.9505722715627796
SKCM,ENST00000394857.7,Alt-exon isoform,M2_Macrophage,-0.0296,0.7676497973036327,102,0.7676497973036327
SKCM,ENST00000394857.7,Alt-exon isoform,T_cell_exhaustion,-0.1133,0.256920316495535,102,0.5361983314717572
SKCM,ENST00000394857.7,Alt-exon isoform,Cytolytic_activity,-0.0769,0.44265494914664594,102,0.5361983314717572
SKCM,ENST00000394857.7,Alt-exon isoform,Treg,-0.1029,0.3034810522468684,102,0.5361983314717572
SKCM,ENST00000394857.7,Alt-exon isoform,IFN_gamma,-0.074,0.4595985698329348,102,0.5361983314717572
SKCM,ENST00000394857.7,Alt-exon isoform,Checkpoint,-0.1174,0.23983267241976666,102,0.5361983314717572
SKCM,ENST00000394857.7,Alt-exon isoform,Myeloid,-0.1009,0.31287192828814897,102,0.5361983314717572
SKCM,ENST00000416245.5,Mid isoform,M2_Macrophage,0.066,0.5098923330447109,102,0.5098923330447109
SKCM,ENST00000416245.5,Mid isoform,T_cell_exhaustion,-0.128,0.19997160898281988,102,0.3499503157199348
SKCM,ENST00000416245.5,Mid isoform,Cytolytic_activity,-0.1692,0.08903566493676612,102,0.31162482727868146
SKCM,ENST00000416245.5,Mid isoform,Treg,-0.199,0.0449633549262822,102,0.31162482727868146
SKCM,ENST00000416245.5,Mid isoform,IFN_gamma,-0.082,0.4123626596218717,102,0.5098923330447109
SKCM,ENST00000416245.5,Mid isoform,Checkpoint,-0.1489,0.13527609768668178,102,0.3156442279355908
SKCM,ENST00000416245.5,Mid isoform,Myeloid,-0.0688,0.4917486997559545,102,0.5098923330447109
SKCM,ENST00000479793.5,Alt-terminal isoform,M2_Macrophage,-0.0791,0.4293705091871587,102,0.4293705091871587
SKCM,ENST00000479793.5,Alt-terminal isoform,T_cell_exhaustion,-0.0803,0.4226508476666081,102,0.4293705091871587
SKCM,ENST00000479793.5,Alt-terminal isoform,Cytolytic_activity,-0.0945,0.34482410722982926,102,0.4293705091871587
SKCM,ENST00000479793.5,Alt-terminal isoform,Treg,-0.0843,0.39929783423041576,102,0.4293705091871587
SKCM,ENST00000479793.5,Alt-terminal isoform,IFN_gamma,-0.0991,0.3218937878038766,102,0.4293705091871587
SKCM,ENST00000479793.5,Alt-terminal isoform,Checkpoint,-0.0881,0.3784448564157321,102,0.4293705091871587
SKCM,ENST00000479793.5,Alt-terminal isoform,Myeloid,-0.0996,0.3193465554186323,102,0.4293705091871587
STAD,ENST00000336517.8,FL canonical (9-exon),M2_Macrophage,-0.0109,0.8251275339872454,414,0.8796827461058723
STAD,ENST00000336517.8,FL canonical (9-exon),T_cell_exhaustion,-0.0252,0.6095245270574009,414,0.8796827461058723
STAD,ENST00000336517.8,FL canonical (9-exon),Cytolytic_activity,-0.0232,0.6379458250400638,414,0.8796827461058723
STAD,ENST00000336517.8,FL canonical (9-exon),Treg,-0.0223,0.6507034250861129,414,0.8796827461058723
STAD,ENST00000336517.8,FL canonical (9-exon),IFN_gamma,-0.0307,0.5332788896160223,414,0.8796827461058723
STAD,ENST00000336517.8,FL canonical (9-exon),Checkpoint,0.0075,0.8796827461058723,414,0.8796827461058723
STAD,ENST00000336517.8,FL canonical (9-exon),Myeloid,0.0217,0.6602466463969179,414,0.8796827461058723
STAD,ENST00000466960.5,Retained-intron,M2_Macrophage,0.0791,0.1080430097221185,414,0.16545393248280163
STAD,ENST00000466960.5,Retained-intron,T_cell_exhaustion,0.119,0.015429014914934742,414,0.1080031044045432
STAD,ENST00000466960.5,Retained-intron,Cytolytic_activity,0.0897,0.06835194397960476,414,0.15948786928574443
STAD,ENST00000466960.5,Retained-intron,Treg,0.0723,0.14181765641382998,414,0.16545393248280163
STAD,ENST00000466960.5,Retained-intron,IFN_gamma,0.0741,0.13224210614582038,414,0.16545393248280163
STAD,ENST00000466960.5,Retained-intron,Checkpoint,0.097,0.04853249508899477,414,0.15948786928574443
STAD,ENST00000466960.5,Retained-intron,Myeloid,0.0226,0.6464138435793807,414,0.6464138435793807
STAD,ENST00000394860.3,5-exon truncated,M2_Macrophage,0.11,0.02521708629692501,414,0.09768067644644463
STAD,ENST00000394860.3,5-exon truncated,T_cell_exhaustion,0.0989,0.04423346335119534,414,0.09768067644644463
STAD,ENST00000394860.3,5-exon truncated,Cytolytic_activity,0.0996,0.04278421304245349,414,0.09768067644644463
STAD,ENST00000394860.3,5-exon truncated,Treg,0.0724,0.1413130058038527,414,0.16486517343782814
STAD,ENST00000394860.3,5-exon truncated,IFN_gamma,0.0892,0.06977191174746045,414,0.09768067644644463
STAD,ENST00000394860.3,5-exon truncated,Checkpoint,0.0927,0.05953837990634463,414,0.09768067644644463
STAD,ENST00000394860.3,5-exon truncated,Myeloid,0.0659,0.18059465240459982,414,0.18059465240459982
STAD,ENST00000467555.1,Short isoform,M2_Macrophage,0.1538,0.0016998722354188657,414,0.0023798211295864118
STAD,ENST00000467555.1,Short isoform,T_cell_exhaustion,0.1705,0.0004941391705181746,414,0.0023798211295864118
STAD,ENST00000467555.1,Short isoform,Cytolytic_activity,0.1251,0.010871286245057066,414,0.01268316728589991
STAD,ENST00000467555.1,Short isoform,Treg,0.1559,0.001462410486673065,414,0.0023798211295864118
STAD,ENST00000467555.1,Short isoform,IFN_gamma,0.0829,0.09200758888925423,414,0.09200758888925423
STAD,ENST00000467555.1,Short isoform,Checkpoint,0.1661,0.0006932963713557092,414,0.0023798211295864118
STAD,ENST00000467555.1,Short isoform,Myeloid,0.1572,0.0013291819659062064,414,0.0023798211295864118
STAD,ENST00000394857.7,Alt-exon isoform,M2_Macrophage,-0.0649,0.18760119503870187,414,0.27582583252485693
STAD,ENST00000394857.7,Alt-exon isoform,T_cell_exhaustion,-0.0582,0.23775765120227793,414,0.2773839264026576
STAD,ENST00000394857.7,Alt-exon isoform,Cytolytic_activity,-0.0669,0.17448933849148326,414,0.27582583252485693
STAD,ENST00000394857.7,Alt-exon isoform,Treg,-0.0441,0.3712854074510602,414,0.3712854074510602
STAD,ENST00000394857.7,Alt-exon isoform,IFN_gamma,-0.0635,0.19701845180346925,414,0.27582583252485693
STAD,ENST00000394857.7,Alt-exon isoform,Checkpoint,-0.0735,0.13526034874325216,414,0.27582583252485693
STAD,ENST00000394857.7,Alt-exon isoform,Myeloid,-0.088,0.07360301757167748,414,0.27582583252485693
STAD,ENST00000416245.5,Mid isoform,M2_Macrophage,-0.0956,0.05190475701125817,414,0.07266665981576144
STAD,ENST00000416245.5,Mid isoform,T_cell_exhaustion,-0.106,0.031081304774880292,414,0.05439228335604051
STAD,ENST00000416245.5,Mid isoform,Cytolytic_activity,-0.1239,0.011661196594599419,414,0.03753000762764168
STAD,ENST00000416245.5,Mid isoform,Treg,-0.081,0.09986430882675854,414,0.11650836029788496
STAD,ENST00000416245.5,Mid isoform,IFN_gamma,-0.0611,0.21481475416217732,414,0.21481475416217735
STAD,ENST00000416245.5,Mid isoform,Checkpoint,-0.1182,0.016084288983275005,414,0.03753000762764168
STAD,ENST00000416245.5,Mid isoform,Myeloid,-0.1626,0.0008980703163232784,414,0.006286492214262949
STAD,ENST00000479793.5,Alt-terminal isoform,M2_Macrophage,0.0423,0.3909474341454956,414,0.5473264078036938
STAD,ENST00000479793.5,Alt-terminal isoform,T_cell_exhaustion,0.0927,0.05961545605021429,414,0.22731156919909043
STAD,ENST00000479793.5,Alt-terminal isoform,Cytolytic_activity,0.0741,0.1322217473634213,414,0.23138805788598726
STAD,ENST00000479793.5,Alt-terminal isoform,Treg,0.0858,0.08137218943732868,414,0.22731156919909043
STAD,ENST00000479793.5,Alt-terminal isoform,IFN_gamma,0.0301,0.5409382123102627,414,0.6310945810286398
STAD,ENST00000479793.5,Alt-terminal isoform,Checkpoint,0.0816,0.09741924394246733,414,0.22731156919909043
STAD,ENST00000479793.5,Alt-terminal isoform,Myeloid,0.013,0.7917696282632394,414,0.7917696282632394
TGCT,ENST00000336517.8,FL canonical (9-exon),M2_Macrophage,0.0436,0.5983655785948483,148,0.9802642017652895
TGCT,ENST00000336517.8,FL canonical (9-exon),T_cell_exhaustion,-0.0202,0.8075014769110533,148,0.9802642017652895
TGCT,ENST00000336517.8,FL canonical (9-exon),Cytolytic_activity,0.0473,0.5680417051791469,148,0.9802642017652895
TGCT,ENST00000336517.8,FL canonical (9-exon),Treg,-0.0942,0.25494946655726836,148,0.9802642017652895
TGCT,ENST00000336517.8,FL canonical (9-exon),IFN_gamma,0.0163,0.8440205706318932,148,0.9802642017652895
TGCT,ENST00000336517.8,FL canonical (9-exon),Checkpoint,-0.0021,0.9802642017652894,148,0.9802642017652895
TGCT,ENST00000336517.8,FL canonical (9-exon),Myeloid,-0.0318,0.7012601559021016,148,0.9802642017652895
TGCT,ENST00000466960.5,Retained-intron,M2_Macrophage,0.0098,0.9059455207469346,148,0.9826862436511259
TGCT,ENST00000466960.5,Retained-intron,T_cell_exhaustion,-0.1131,0.1712848791453567,148,0.2997485385043742
TGCT,ENST00000466960.5,Retained-intron,Cytolytic_activity,-0.1912,0.019950123038065343,148,0.1396508612664574
TGCT,ENST00000466960.5,Retained-intron,Treg,-0.0729,0.37882049884621083,148,0.5303486983846952
TGCT,ENST00000466960.5,Retained-intron,IFN_gamma,-0.1348,0.10245026111703594,148,0.2997485385043742
TGCT,ENST00000466960.5,Retained-intron,Checkpoint,-0.114,0.16779789414916008,148,0.2997485385043742
TGCT,ENST00000466960.5,Retained-intron,Myeloid,0.0018,0.9826862436511259,148,0.9826862436511259
TGCT,ENST00000394860.3,5-exon truncated,M2_Macrophage,0.1071,0.19499609188632963,148,0.9938008279236312
TGCT,ENST00000394860.3,5-exon truncated,T_cell_exhaustion,-0.0006,0.9938008279236312,148,0.9938008279236312
TGCT,ENST00000394860.3,5-exon truncated,Cytolytic_activity,0.0107,0.8969291792592597,148,0.9938008279236312
TGCT,ENST00000394860.3,5-exon truncated,Treg,-0.0156,0.8511919772249978,148,0.9938008279236312
TGCT,ENST00000394860.3,5-exon truncated,IFN_gamma,-0.0142,0.8635690568240165,148,0.9938008279236312
TGCT,ENST00000394860.3,5-exon truncated,Checkpoint,-0.0134,0.8712294768743467,148,0.9938008279236312
TGCT,ENST00000394860.3,5-exon truncated,Myeloid,0.085,0.30414646085659397,148,0.9938008279236312
TGCT,ENST00000467555.1,Short isoform,M2_Macrophage,0.0855,0.30142894468131676,148,0.30142894468131676
TGCT,ENST00000467555.1,Short isoform,T_cell_exhaustion,0.2638,0.0011962510976878812,148,0.0030601832350848
TGCT,ENST00000467555.1,Short isoform,Cytolytic_activity,0.2823,0.0005090169395718694,148,0.0030601832350848
TGCT,ENST00000467555.1,Short isoform,Treg,0.2266,0.005618285276205411,148,0.007865599386687575
TGCT,ENST00000467555.1,Short isoform,IFN_gamma,0.2552,0.0017486761343341714,148,0.0030601832350848
TGCT,ENST00000467555.1,Short isoform,Checkpoint,0.259,0.0014815749531578327,148,0.0030601832350848
TGCT,ENST00000467555.1,Short isoform,Myeloid,0.1498,0.0692370387305161,148,0.08077654518560212
TGCT,ENST00000394857.7,Alt-exon isoform,M2_Macrophage,-0.2102,0.010348608884731708,148,0.07244026219312195
TGCT,ENST00000394857.7,Alt-exon isoform,T_cell_exhaustion,0.0369,0.6565584328970977,148,0.7607536010904555
TGCT,ENST00000394857.7,Alt-exon isoform,Cytolytic_activity,0.0578,0.48519495071345864,148,0.7607536010904555
TGCT,ENST00000394857.7,Alt-exon isoform,Treg,0.1023,0.2158351067947225,148,0.5036152491876859
TGCT,ENST00000394857.7,Alt-exon isoform,IFN_gamma,0.0376,0.6502385573907958,148,0.7607536010904555
TGCT,ENST00000394857.7,Alt-exon isoform,Checkpoint,0.0252,0.7607536010904554,148,0.7607536010904555
TGCT,ENST00000394857.7,Alt-exon isoform,Myeloid,-0.1562,0.0579171967014051,148,0.20271018845491784
TGCT,ENST00000416245.5,Mid isoform,M2_Macrophage,-0.0818,0.32309092940092743,148,0.37693941763441535
TGCT,ENST00000416245.5,Mid isoform,T_cell_exhaustion,0.1508,0.06739984603977314,148,0.17593739667986025
TGCT,ENST00000416245.5,Mid isoform,Cytolytic_activity,0.1439,0.08094229664258788,148,0.17593739667986025
TGCT,ENST00000416245.5,Mid isoform,Treg,0.1663,0.04332868673490593,148,0.17593739667986025
TGCT,ENST00000416245.5,Mid isoform,IFN_gamma,0.1264,0.12566956905704305,148,0.17593739667986025
TGCT,ENST00000416245.5,Mid isoform,Checkpoint,0.1316,0.11095915908581643,148,0.17593739667986025
TGCT,ENST00000416245.5,Mid isoform,Myeloid,0.0389,0.6390788990434757,148,0.6390788990434757
TGCT,ENST00000479793.5,Alt-terminal isoform,M2_Macrophage,-0.042,0.612194196340327,148,0.913421643409579
TGCT,ENST00000479793.5,Alt-terminal isoform,T_cell_exhaustion,0.0228,0.7829328372082106,148,0.913421643409579
TGCT,ENST00000479793.5,Alt-terminal isoform,Cytolytic_activity,0.1053,0.2026445405812086,148,0.913421643409579
TGCT,ENST00000479793.5,Alt-terminal isoform,Treg,-0.0052,0.9504021565700319,148,0.9504021565700319
TGCT,ENST00000479793.5,Alt-terminal isoform,IFN_gamma,0.0276,0.7391382434060318,148,0.913421643409579
TGCT,ENST00000479793.5,Alt-terminal isoform,Checkpoint,0.0263,0.7508026927037923,148,0.913421643409579
TGCT,ENST00000479793.5,Alt-terminal isoform,Myeloid,-0.0678,0.4128729330027048,148,0.913421643409579
THCA,ENST00000336517.8,FL canonical (9-exon),M2_Macrophage,0.1243,0.005181574589097623,504,0.036271022123683355
THCA,ENST00000336517.8,FL canonical (9-exon),T_cell_exhaustion,0.0412,0.35638173138556906,504,0.41577868661649725
THCA,ENST00000336517.8,FL canonical (9-exon),Cytolytic_activity,-0.0257,0.5653959584874996,504,0.5653959584874996
THCA,ENST00000336517.8,FL canonical (9-exon),Treg,0.0557,0.21203615303114548,504,0.3710632678045046
THCA,ENST00000336517.8,FL canonical (9-exon),IFN_gamma,0.0638,0.15282889794730647,504,0.3566007618770484
THCA,ENST00000336517.8,FL canonical (9-exon),Checkpoint,0.047,0.2922827209017315,504,0.40919580926242416
THCA,ENST00000336517.8,FL canonical (9-exon),Myeloid,0.0999,0.024943855570003375,504,0.08730349449501182
THCA,ENST00000466960.5,Retained-intron,M2_Macrophage,-0.1117,0.012082999734782754,504,0.06910752395465253
THCA,ENST00000466960.5,Retained-intron,T_cell_exhaustion,-0.044,0.3239703961006143,504,0.37796546211738336
THCA,ENST00000466960.5,Retained-intron,Cytolytic_activity,-0.0152,0.7342425831820363,504,0.7342425831820363
THCA,ENST00000466960.5,Retained-intron,Treg,-0.067,0.13327172943756485,504,0.3069101009700645
THCA,ENST00000466960.5,Retained-intron,IFN_gamma,-0.0548,0.21922150069290322,504,0.3069101009700645
THCA,ENST00000466960.5,Retained-intron,Checkpoint,-0.0562,0.20789639932637854,504,0.3069101009700645
THCA,ENST00000466960.5,Retained-intron,Myeloid,-0.1038,0.019745006844186435,504,0.06910752395465253
THCA,ENST00000394860.3,5-exon truncated,M2_Macrophage,-0.0292,0.5135667523528764,504,0.9420152728898212
THCA,ENST00000394860.3,5-exon truncated,T_cell_exhaustion,0.008,0.8575446014651098,504,0.9420152728898212
THCA,ENST00000394860.3,5-exon truncated,Cytolytic_activity,0.0042,0.9250300184670814,504,0.9420152728898212
THCA,ENST00000394860.3,5-exon truncated,Treg,0.0178,0.6900016430768166,504,0.9420152728898212
THCA,ENST00000394860.3,5-exon truncated,IFN_gamma,-0.0173,0.6989763066438218,504,0.9420152728898212
THCA,ENST00000394860.3,5-exon truncated,Checkpoint,-0.0032,0.9420152728898212,504,0.9420152728898212
THCA,ENST00000394860.3,5-exon truncated,Myeloid,-0.013,0.7713338692417241,504,0.9420152728898212
THCA,ENST00000467555.1,Short isoform,M2_Macrophage,0.1495,0.0007571856807548101,504,0.0017667665884278903
THCA,ENST00000467555.1,Short isoform,T_cell_exhaustion,0.1333,0.0027134623416526964,504,0.003214493207865897
THCA,ENST00000467555.1,Short isoform,Cytolytic_activity,0.0901,0.04315332763363718,504,0.04315332763363718
THCA,ENST00000467555.1,Short isoform,Treg,0.1582,0.00036438131601691874,504,0.0012753346060592155
THCA,ENST00000467555.1,Short isoform,IFN_gamma,0.1331,0.002755279892456483,504,0.003214493207865897
THCA,ENST00000467555.1,Short isoform,Checkpoint,0.1396,0.0016745381970073797,504,0.0029304418447629148
THCA,ENST00000467555.1,Short isoform,Myeloid,0.1694,0.00013280427522735158,504,0.0009296299265914611
THCA,ENST00000394857.7,Alt-exon isoform,M2_Macrophage,0.0523,0.2411137490362056,504,0.2812993738755732
THCA,ENST00000394857.7,Alt-exon isoform,T_cell_exhaustion,0.0952,0.03263741491563638,504,0.07840214421448899
THCA,ENST00000394857.7,Alt-exon isoform,Cytolytic_activity,0.0852,0.05596635565817567,504,0.09794112240180743
THCA,ENST00000394857.7,Alt-exon isoform,Treg,0.0993,0.02577632125733875,504,0.07840214421448899
THCA,ENST00000394857.7,Alt-exon isoform,IFN_gamma,0.0688,0.12299017659304216,504,0.17218624723025905
THCA,ENST00000394857.7,Alt-exon isoform,Checkpoint,0.0947,0.03360091894906671,504,0.07840214421448899
THCA,ENST00000394857.7,Alt-exon isoform,Myeloid,0.0345,0.43978308482930717,504,0.4397830848293071
THCA,ENST00000416245.5,Mid isoform,M2_Macrophage,0.0328,0.4628959352321512,504,0.933049057133922
THCA,ENST00000416245.5,Mid isoform,T_cell_exhaustion,-0.0038,0.933049057133922,504,0.933049057133922
THCA,ENST00000416245.5,Mid isoform,Cytolytic_activity,-0.0278,0.5329777217359168,504,0.933049057133922
THCA,ENST00000416245.5,Mid isoform,Treg,0.0105,0.814099991126648,504,0.933049057133922
THCA,ENST00000416245.5,Mid isoform,IFN_gamma,-0.0162,0.7165521362540768,504,0.933049057133922
THCA,ENST00000416245.5,Mid isoform,Checkpoint,-0.0066,0.8833495039649303,504,0.933049057133922
THCA,ENST00000416245.5,Mid isoform,Myeloid,0.0098,0.8262288709401655,504,0.933049057133922
THCA,ENST00000479793.5,Alt-terminal isoform,M2_Macrophage,-0.0488,0.2739054922997463,504,0.8614477879372986
THCA,ENST00000479793.5,Alt-terminal isoform,T_cell_exhaustion,-0.0307,0.4922558788213135,504,0.8614477879372986
THCA,ENST00000479793.5,Alt-terminal isoform,Cytolytic_activity,0.0355,0.42583030541697453,504,0.8614477879372986
THCA,ENST00000479793.5,Alt-terminal isoform,Treg,0.0062,0.8897805242496324,504,0.8897805242496324
THCA,ENST00000479793.5,Alt-terminal isoform,IFN_gamma,-0.0404,0.3658778393370157,504,0.8614477879372986
THCA,ENST00000479793.5,Alt-terminal isoform,Checkpoint,-0.0112,0.8015171223481025,504,0.8897805242496324
THCA,ENST00000479793.5,Alt-terminal isoform,Myeloid,-0.0119,0.7901006808949395,504,0.8897805242496324
THYM,ENST00000336517.8,FL canonical (9-exon),M2_Macrophage,0.5193,1.4437926394554075e-09,119,1.0106548476187852e-08
THYM,ENST00000336517.8,FL canonical (9-exon),T_cell_exhaustion,0.2805,0.0020017551394673175,119,0.0035030714940678057
THYM,ENST00000336517.8,FL canonical (9-exon),Cytolytic_activity,0.0775,0.4024049033467558,119,0.4024049033467558
THYM,ENST00000336517.8,FL canonical (9-exon),Treg,0.2081,0.02312097553224817,119,0.026974471454289533
THYM,ENST00000336517.8,FL canonical (9-exon),IFN_gamma,0.4876,1.8606128858296152e-08,119,6.512145100403653e-08
THYM,ENST00000336517.8,FL canonical (9-exon),Checkpoint,0.2727,0.0026915185136136355,119,0.00376812591905909
THYM,ENST00000336517.8,FL canonical (9-exon),Myeloid,0.4118,3.2818963989972857e-06,119,7.657758264327e-06
THYM,ENST00000466960.5,Retained-intron,M2_Macrophage,-0.1739,0.05857658413358091,119,0.1366786963116888
THYM,ENST00000466960.5,Retained-intron,T_cell_exhaustion,-0.1342,0.14571762654805426,119,0.18516426841875236
THYM,ENST00000466960.5,Retained-intron,Cytolytic_activity,-0.0733,0.42812406238949896,119,0.42812406238949896
THYM,ENST00000466960.5,Retained-intron,Treg,-0.13,0.15871223007321633,119,0.18516426841875236
THYM,ENST00000466960.5,Retained-intron,IFN_gamma,-0.1772,0.05392979247799661,119,0.1366786963116888
THYM,ENST00000466960.5,Retained-intron,Checkpoint,-0.1543,0.09378768838617448,119,0.16412845467580534
THYM,ENST00000466960.5,Retained-intron,Myeloid,-0.2211,0.0156827976525754,119,0.10977958356802779
THYM,ENST00000394860.3,5-exon truncated,M2_Macrophage,-0.2006,0.02867461595543411,119,0.10036115584401939
THYM,ENST00000394860.3,5-exon truncated,T_cell_exhaustion,-0.0776,0.40149432332200186,119,0.6622305932612066
THYM,ENST00000394860.3,5-exon truncated,Cytolytic_activity,-0.0525,0.5704711072804789,119,0.6655496251605587
THYM,ENST00000394860.3,5-exon truncated,Treg,0.006,0.9487013612067492,119,0.9487013612067491
THYM,ENST00000394860.3,5-exon truncated,IFN_gamma,-0.1056,0.2532109588309612,119,0.5908255706055761
THYM,ENST00000394860.3,5-exon truncated,Checkpoint,-0.0664,0.4730218523294333,119,0.6622305932612066
THYM,ENST00000394860.3,5-exon truncated,Myeloid,-0.2566,0.004844179405722645,119,0.033909255840058515
THYM,ENST00000467555.1,Short isoform,M2_Macrophage,0.0117,0.8995587399579714,119,0.9980987582460923
THYM,ENST00000467555.1,Short isoform,T_cell_exhaustion,-0.0875,0.3442065462051327,119,0.9980987582460923
THYM,ENST00000467555.1,Short isoform,Cytolytic_activity,-0.0002,0.9980987582460923,119,0.9980987582460923
THYM,ENST00000467555.1,Short isoform,Treg,-0.0358,0.6991605036151478,119,0.9980987582460923
THYM,ENST00000467555.1,Short isoform,IFN_gamma,-0.0234,0.8005045422419332,119,0.9980987582460923
THYM,ENST00000467555.1,Short isoform,Checkpoint,-0.0514,0.5788185751171693,119,0.9980987582460923
THYM,ENST00000467555.1,Short isoform,Myeloid,-0.0099,0.9150934940490247,119,0.9980987582460923
THYM,ENST00000394857.7,Alt-exon isoform,M2_Macrophage,0.0414,0.6551416949960832,119,0.7643319774954304
THYM,ENST00000394857.7,Alt-exon isoform,T_cell_exhaustion,0.1994,0.02967679776887829,119,0.05859747808626828
THYM,ENST00000394857.7,Alt-exon isoform,Cytolytic_activity,0.1955,0.03313672634064508,119,0.05859747808626828
THYM,ENST00000394857.7,Alt-exon isoform,Treg,0.1774,0.053577797590004306,119,0.07500891662600603
THYM,ENST00000394857.7,Alt-exon isoform,IFN_gamma,0.0087,0.9249186022285864,119,0.9249186022285864
THYM,ENST00000394857.7,Alt-exon isoform,Checkpoint,0.1951,0.0334842731921533,119,0.05859747808626828
THYM,ENST00000394857.7,Alt-exon isoform,Myeloid,0.2025,0.02722811849359296,119,0.05859747808626828
THYM,ENST00000416245.5,Mid isoform,M2_Macrophage,0.2165,0.01803717533781739,119,0.06403213920378824
THYM,ENST00000416245.5,Mid isoform,T_cell_exhaustion,0.152,0.09897422228889527,119,0.17320488900556671
THYM,ENST00000416245.5,Mid isoform,Cytolytic_activity,0.0143,0.8775113348305644,119,0.8775113348305644
THYM,ENST00000416245.5,Mid isoform,Treg,0.0864,0.34991489620865823,119,0.4082340455767679
THYM,ENST00000416245.5,Mid isoform,IFN_gamma,0.1851,0.04384215569685639,119,0.10229836329266491
THYM,ENST00000416245.5,Mid isoform,Checkpoint,0.1384,0.13330141853228963,119,0.1866219859452055
THYM,ENST00000416245.5,Mid isoform,Myeloid,0.216,0.018294896915368068,119,0.06403213920378824
THYM,ENST00000479793.5,Alt-terminal isoform,M2_Macrophage,-0.2351,0.010045757685908093,119,0.035160151900678324
THYM,ENST00000479793.5,Alt-terminal isoform,T_cell_exhaustion,-0.1368,0.13789798816542018,119,0.2413214792894853
THYM,ENST00000479793.5,Alt-terminal isoform,Cytolytic_activity,-0.0437,0.6369595101259427,119,0.6369595101259427
THYM,ENST00000479793.5,Alt-terminal isoform,Treg,-0.0614,0.5068483648803075,119,0.5913230923603587
THYM,ENST00000479793.5,Alt-terminal isoform,IFN_gamma,-0.2595,0.004380787499867263,119,0.03066551249907084
THYM,ENST00000479793.5,Alt-terminal isoform,Checkpoint,-0.1225,0.18460294308158245,119,0.25844412031421543
THYM,ENST00000479793.5,Alt-terminal isoform,Myeloid,-0.1994,0.029700592035351636,119,0.06930138141582048
UCEC,ENST00000336517.8,FL canonical (9-exon),M2_Macrophage,0.2012,0.006762411597709695,180,0.030283680956746502
UCEC,ENST00000336517.8,FL canonical (9-exon),T_cell_exhaustion,0.0832,0.2666147144874624,180,0.46657575035305915
UCEC,ENST00000336517.8,FL canonical (9-exon),Cytolytic_activity,0.0095,0.8989949355867572,180,0.8989949355867572
UCEC,ENST00000336517.8,FL canonical (9-exon),Treg,0.0299,0.6905842867072456,180,0.8720276229542964
UCEC,ENST00000336517.8,FL canonical (9-exon),IFN_gamma,0.1952,0.008652480273356144,180,0.030283680956746502
UCEC,ENST00000336517.8,FL canonical (9-exon),Checkpoint,0.0242,0.7474522482465398,180,0.8720276229542964
UCEC,ENST00000336517.8,FL canonical (9-exon),Myeloid,0.1377,0.0652405332158718,180,0.15222791083703419
UCEC,ENST00000466960.5,Retained-intron,M2_Macrophage,-0.0347,0.6436966937064565,180,0.7672500067630802
UCEC,ENST00000466960.5,Retained-intron,T_cell_exhaustion,0.0475,0.5269507845209205,180,0.7672500067630802
UCEC,ENST00000466960.5,Retained-intron,Cytolytic_activity,0.0805,0.28294669444376225,180,0.7672500067630802
UCEC,ENST00000466960.5,Retained-intron,Treg,0.0664,0.3758425895559935,180,0.7672500067630802
UCEC,ENST00000466960.5,Retained-intron,IFN_gamma,-0.0222,0.7672500067630802,180,0.7672500067630802
UCEC,ENST00000466960.5,Retained-intron,Checkpoint,0.1017,0.17423359370677058,180,0.7672500067630802
UCEC,ENST00000466960.5,Retained-intron,Myeloid,-0.0292,0.6971066945708289,180,0.7672500067630802
UCEC,ENST00000394860.3,5-exon truncated,M2_Macrophage,-0.0242,0.746849777966395,180,0.7468497779663951
UCEC,ENST00000394860.3,5-exon truncated,T_cell_exhaustion,-0.072,0.3369830924392697,180,0.5767504871271426
UCEC,ENST00000394860.3,5-exon truncated,Cytolytic_activity,-0.0546,0.46623798801058847,180,0.5767504871271426
UCEC,ENST00000394860.3,5-exon truncated,Treg,-0.0513,0.4943575603946937,180,0.5767504871271426
UCEC,ENST00000394860.3,5-exon truncated,IFN_gamma,-0.1011,0.17693780941916895,180,0.5767504871271426
UCEC,ENST00000394860.3,5-exon truncated,Checkpoint,-0.0536,0.4748892152314118,180,0.5767504871271426
UCEC,ENST00000394860.3,5-exon truncated,Myeloid,-0.0671,0.3706456308058541,180,0.5767504871271426
UCEC,ENST00000467555.1,Short isoform,M2_Macrophage,-0.0565,0.4509791675953312,180,0.7892135432918296
UCEC,ENST00000467555.1,Short isoform,T_cell_exhaustion,0.0026,0.9718546632930468,180,0.9718546632930468
UCEC,ENST00000467555.1,Short isoform,Cytolytic_activity,0.0979,0.19096258451076348,180,0.7892135432918296
UCEC,ENST00000467555.1,Short isoform,Treg,-0.0193,0.797132131867291,180,0.9718546632930468
UCEC,ENST00000467555.1,Short isoform,IFN_gamma,-0.0586,0.43427426318950546,180,0.7892135432918296
UCEC,ENST00000467555.1,Short isoform,Checkpoint,0.0082,0.9125493091435529,180,0.9718546632930468
UCEC,ENST00000467555.1,Short isoform,Myeloid,0.0599,0.4247555541758604,180,0.7892135432918296
UCEC,ENST00000394857.7,Alt-exon isoform,M2_Macrophage,0.0346,0.6448380989667901,180,0.8675710011935505
UCEC,ENST00000394857.7,Alt-exon isoform,T_cell_exhaustion,0.0805,0.2829343439956216,180,0.8048665127068818
UCEC,ENST00000394857.7,Alt-exon isoform,Cytolytic_activity,0.0245,0.743632286737329,180,0.8675710011935505
UCEC,ENST00000394857.7,Alt-exon isoform,Treg,0.0638,0.39506792065776863,180,0.8048665127068818
UCEC,ENST00000394857.7,Alt-exon isoform,IFN_gamma,0.0943,0.20787636625145772,180,0.8048665127068818
UCEC,ENST00000394857.7,Alt-exon isoform,Checkpoint,0.0554,0.4599237215467896,180,0.8048665127068818
UCEC,ENST00000394857.7,Alt-exon isoform,Myeloid,0.0055,0.9419113519121683,180,0.9419113519121683
UCEC,ENST00000416245.5,Mid isoform,M2_Macrophage,0.1111,0.1374992579947282,180,0.9624948059630974
UCEC,ENST00000416245.5,Mid isoform,T_cell_exhaustion,0.0437,0.5599319556118668,180,0.9785524483330613
UCEC,ENST00000416245.5,Mid isoform,Cytolytic_activity,-0.0328,0.6616397760833241,180,0.9785524483330613
UCEC,ENST00000416245.5,Mid isoform,Treg,0.0153,0.8387592414283382,180,0.9785524483330613
UCEC,ENST00000416245.5,Mid isoform,IFN_gamma,0.0553,0.46092545791048334,180,0.9785524483330613
UCEC,ENST00000416245.5,Mid isoform,Checkpoint,0.0017,0.9819121954160082,180,0.9819121954160082
UCEC,ENST00000416245.5,Mid isoform,Myeloid,-0.0155,0.8363599378533579,180,0.9785524483330613
UCEC,ENST00000479793.5,Alt-terminal isoform,M2_Macrophage,-0.0278,0.711239473021724,180,0.9664340812084935
UCEC,ENST00000479793.5,Alt-terminal isoform,T_cell_exhaustion,0.0523,0.48529220159059283,180,0.8492613527835374
UCEC,ENST00000479793.5,Alt-terminal isoform,Cytolytic_activity,0.0876,0.24233694353789703,180,0.8492613527835374
UCEC,ENST00000479793.5,Alt-terminal isoform,Treg,0.053,0.4797082838946992,180,0.8492613527835374
UCEC,ENST00000479793.5,Alt-terminal isoform,IFN_gamma,0.0069,0.9269784343988104,180,0.9664340812084935
UCEC,ENST00000479793.5,Alt-terminal isoform,Checkpoint,0.0536,0.474872233573735,180,0.8492613527835374
UCEC,ENST00000479793.5,Alt-terminal isoform,Myeloid,0.0032,0.9664340812084935,180,0.9664340812084935
UCS,ENST00000336517.8,FL canonical (9-exon),M2_Macrophage,0.3286,0.012584871393229414,57,0.02958120280737839
UCS,ENST00000336517.8,FL canonical (9-exon),T_cell_exhaustion,0.2154,0.10760254512845073,57,0.15064356317983102
UCS,ENST00000336517.8,FL canonical (9-exon),Cytolytic_activity,0.1487,0.26964974612771947,57,0.26964974612771947
UCS,ENST00000336517.8,FL canonical (9-exon),Treg,0.1923,0.1518067684606865,57,0.17710789653746759
UCS,ENST00000336517.8,FL canonical (9-exon),IFN_gamma,0.3671,0.004975598367466846,57,0.02958120280737839
UCS,ENST00000336517.8,FL canonical (9-exon),Checkpoint,0.2235,0.09469399074930646,57,0.15064356317983102
UCS,ENST00000336517.8,FL canonical (9-exon),Myeloid,0.3282,0.01267765834601931,57,0.02958120280737839
UCS,ENST00000466960.5,Retained-intron,M2_Macrophage,-0.2838,0.03238327251424695,57,0.0746353588756293
UCS,ENST00000466960.5,Retained-intron,T_cell_exhaustion,-0.2573,0.0533109706254495,57,0.0746353588756293
UCS,ENST00000466960.5,Retained-intron,Cytolytic_activity,-0.2123,0.11290470322621933,57,0.13172215376392254
UCS,ENST00000466960.5,Retained-intron,Treg,-0.1991,0.1375648119384509,57,0.1375648119384509
UCS,ENST00000466960.5,Retained-intron,IFN_gamma,-0.3783,0.0037100772851184705,57,0.025970540995829294
UCS,ENST00000466960.5,Retained-intron,Checkpoint,-0.2642,0.047046969304151316,57,0.0746353588756293
UCS,ENST00000466960.5,Retained-intron,Myeloid,-0.2927,0.027130829130615847,57,0.0746353588756293
UCS,ENST00000394860.3,5-exon truncated,M2_Macrophage,-0.2096,0.11759022515517965,57,0.12170622895542406
UCS,ENST00000394860.3,5-exon truncated,T_cell_exhaustion,-0.2074,0.12170622895542406,57,0.12170622895542406
UCS,ENST00000394860.3,5-exon truncated,Cytolytic_activity,-0.2775,0.03659329378310342,57,0.12063111079335152
UCS,ENST00000394860.3,5-exon truncated,Treg,-0.2427,0.06893206331048658,57,0.12063111079335152
UCS,ENST00000394860.3,5-exon truncated,IFN_gamma,-0.2557,0.05488295185414554,57,0.12063111079335152
UCS,ENST00000394860.3,5-exon truncated,Checkpoint,-0.2166,0.10566443168260466,57,0.12170622895542406
UCS,ENST00000394860.3,5-exon truncated,Myeloid,-0.2558,0.054755826064421566,57,0.12063111079335152
UCS,ENST00000467555.1,Short isoform,M2_Macrophage,0.0569,0.6741351336721941,57,0.6741351336721941
UCS,ENST00000467555.1,Short isoform,T_cell_exhaustion,0.1536,0.2541251021132761,57,0.4660678707830779
UCS,ENST00000467555.1,Short isoform,Cytolytic_activity,0.1631,0.22529316881353112,57,0.4660678707830779
UCS,ENST00000467555.1,Short isoform,Treg,0.1408,0.2962292572009233,57,0.4660678707830779
UCS,ENST00000467555.1,Short isoform,IFN_gamma,0.2325,0.08179233631282512,57,0.4660678707830779
UCS,ENST00000467555.1,Short isoform,Checkpoint,0.1138,0.3994867463854953,57,0.4660678707830779
UCS,ENST00000467555.1,Short isoform,Myeloid,0.1243,0.35685305029465586,57,0.4660678707830779
UCS,ENST00000394857.7,Alt-exon isoform,M2_Macrophage,0.0434,0.7487568199403875,57,0.7487568199403875
UCS,ENST00000394857.7,Alt-exon isoform,T_cell_exhaustion,0.1755,0.19172204157800268,57,0.26841085820920374
UCS,ENST00000394857.7,Alt-exon isoform,Cytolytic_activity,0.1882,0.16086014999838305,57,0.26841085820920374
UCS,ENST00000394857.7,Alt-exon isoform,Treg,0.184,0.17076362467788508,57,0.26841085820920374
UCS,ENST00000394857.7,Alt-exon isoform,IFN_gamma,0.1806,0.17871510040859842,57,0.26841085820920374
UCS,ENST00000394857.7,Alt-exon isoform,Checkpoint,0.1884,0.16056677825411794,57,0.26841085820920374
UCS,ENST00000394857.7,Alt-exon isoform,Myeloid,0.0853,0.5281185282729117,57,0.6161382829850637
UCS,ENST00000416245.5,Mid isoform,M2_Macrophage,0.0806,0.5513307024831128,57,0.643219152896965
UCS,ENST00000416245.5,Mid isoform,T_cell_exhaustion,-0.1798,0.18078410294902983,57,0.3267950260675671
UCS,ENST00000416245.5,Mid isoform,Cytolytic_activity,-0.2394,0.07283925549147087,57,0.3267950260675671
UCS,ENST00000416245.5,Mid isoform,Treg,-0.1746,0.19389801246861924,57,0.3267950260675671
UCS,ENST00000416245.5,Mid isoform,IFN_gamma,-0.1604,0.2334250186196908,57,0.3267950260675671
UCS,ENST00000416245.5,Mid isoform,Checkpoint,-0.189,0.1591058152781861,57,0.3267950260675671
UCS,ENST00000416245.5,Mid isoform,Myeloid,-0.0123,0.9279350350358099,57,0.9279350350358099
UCS,ENST00000479793.5,Alt-terminal isoform,M2_Macrophage,-0.0951,0.48169307725271227,57,0.9641224087222079
UCS,ENST00000479793.5,Alt-terminal isoform,T_cell_exhaustion,0.0163,0.9043913888950154,57,0.9641224087222079
UCS,ENST00000479793.5,Alt-terminal isoform,Cytolytic_activity,-0.0061,0.9641224087222079,57,0.9641224087222079
UCS,ENST00000479793.5,Alt-terminal isoform,Treg,-0.0595,0.6601767434951391,57,0.9641224087222079
UCS,ENST00000479793.5,Alt-terminal isoform,IFN_gamma,0.0414,0.759677669244124,57,0.9641224087222079
UCS,ENST00000479793.5,Alt-terminal isoform,Checkpoint,0.057,0.6734345684074725,57,0.9641224087222079
UCS,ENST00000479793.5,Alt-terminal isoform,Myeloid,-0.1131,0.4021956903623243,57,0.9641224087222079
UVM,ENST00000336517.8,FL canonical (9-exon),M2_Macrophage,-0.0509,0.6562718258908378,79,0.9969421481207034
UVM,ENST00000336517.8,FL canonical (9-exon),T_cell_exhaustion,-0.0132,0.9079556576182646,79,0.9969421481207034
UVM,ENST00000336517.8,FL canonical (9-exon),Cytolytic_activity,-0.0004,0.9969421481207034,79,0.9969421481207034
UVM,ENST00000336517.8,FL canonical (9-exon),Treg,-0.0035,0.9753710808387501,79,0.9969421481207034
UVM,ENST00000336517.8,FL canonical (9-exon),IFN_gamma,-0.0389,0.7332598785554376,79,0.9969421481207034
UVM,ENST00000336517.8,FL canonical (9-exon),Checkpoint,0.0026,0.9819941054086256,79,0.9969421481207034
UVM,ENST00000336517.8,FL canonical (9-exon),Myeloid,-0.1019,0.3715420203784263,79,0.9969421481207034
UVM,ENST00000466960.5,Retained-intron,M2_Macrophage,0.048,0.6747170685396651,79,0.9954132359407861
UVM,ENST00000466960.5,Retained-intron,T_cell_exhaustion,0.0116,0.9191030974321206,79,0.9954132359407861
UVM,ENST00000466960.5,Retained-intron,Cytolytic_activity,-0.014,0.9023884585816464,79,0.9954132359407861
UVM,ENST00000466960.5,Retained-intron,Treg,-0.0007,0.9954132359407861,79,0.9954132359407861
UVM,ENST00000466960.5,Retained-intron,IFN_gamma,0.0403,0.7244509452420265,79,0.9954132359407861
UVM,ENST00000466960.5,Retained-intron,Checkpoint,-0.0096,0.932805158888502,79,0.9954132359407861
UVM,ENST00000466960.5,Retained-intron,Myeloid,0.0877,0.44199565174121414,79,0.9954132359407861
UVM,ENST00000394860.3,5-exon truncated,M2_Macrophage,-0.0532,0.6413865081501048,79,0.8979411114101467
UVM,ENST00000394860.3,5-exon truncated,T_cell_exhaustion,-0.0676,0.5537470174592496,79,0.8979411114101467
UVM,ENST00000394860.3,5-exon truncated,Cytolytic_activity,-0.09,0.43025994997729056,79,0.8979411114101467
UVM,ENST00000394860.3,5-exon truncated,Treg,-0.002,0.9860704462239416,79,0.9860704462239417
UVM,ENST00000394860.3,5-exon truncated,IFN_gamma,-0.09,0.4303851894474571,79,0.8979411114101467
UVM,ENST00000394860.3,5-exon truncated,Checkpoint,-0.0757,0.5071190867920938,79,0.8979411114101467
UVM,ENST00000394860.3,5-exon truncated,Myeloid,-0.0222,0.8460178422784534,79,0.9860704462239417
UVM,ENST00000467555.1,Short isoform,M2_Macrophage,-0.0841,0.46103697561410006,79,0.46103697561410006
UVM,ENST00000467555.1,Short isoform,T_cell_exhaustion,-0.1059,0.3528853842444786,79,0.4604894435625205
UVM,ENST00000467555.1,Short isoform,Cytolytic_activity,-0.1256,0.2700212303524553,79,0.4604894435625205
UVM,ENST00000467555.1,Short isoform,Treg,-0.1383,0.2242896252107516,79,0.4604894435625205
UVM,ENST00000467555.1,Short isoform,IFN_gamma,-0.1433,0.20761238065498197,79,0.4604894435625205
UVM,ENST00000467555.1,Short isoform,Checkpoint,-0.0971,0.3947052373393033,79,0.4604894435625205
UVM,ENST00000467555.1,Short isoform,Myeloid,-0.1312,0.2492520148805646,79,0.4604894435625205
UVM,ENST00000394857.7,Alt-exon isoform,M2_Macrophage,0.0726,0.5249392055050641,79,0.8075241267480494
UVM,ENST00000394857.7,Alt-exon isoform,T_cell_exhaustion,0.0727,0.5241034498792523,79,0.8075241267480494
UVM,ENST00000394857.7,Alt-exon isoform,Cytolytic_activity,0.0278,0.8075241267480494,79,0.8075241267480494
UVM,ENST00000394857.7,Alt-exon isoform,Treg,0.095,0.40514789843310817,79,0.8075241267480494
UVM,ENST00000394857.7,Alt-exon isoform,IFN_gamma,0.1057,0.3538877803600403,79,0.8075241267480494
UVM,ENST00000394857.7,Alt-exon isoform,Checkpoint,0.0522,0.6479681718524637,79,0.8075241267480494
UVM,ENST00000394857.7,Alt-exon isoform,Myeloid,-0.0328,0.77404652935813,79,0.8075241267480494
UVM,ENST00000416245.5,Mid isoform,M2_Macrophage,0.1794,0.11368924758534675,79,0.5001550706007034
UVM,ENST00000416245.5,Mid isoform,T_cell_exhaustion,0.0708,0.5350201664033113,79,0.7490282329646358
UVM,ENST00000416245.5,Mid isoform,Cytolytic_activity,0.0894,0.4332714172872679,79,0.7490282329646358
UVM,ENST00000416245.5,Mid isoform,Treg,0.1062,0.3516626273452983,79,0.7490282329646358
UVM,ENST00000416245.5,Mid isoform,IFN_gamma,0.1663,0.1429014487430581,79,0.5001550706007034
UVM,ENST00000416245.5,Mid isoform,Checkpoint,0.0408,0.7207777122240369,79,0.8409073309280429
UVM,ENST00000416245.5,Mid isoform,Myeloid,-0.0021,0.985560881983947,79,0.985560881983947
UVM,ENST00000479793.5,Alt-terminal isoform,M2_Macrophage,-0.0228,0.8416841466112466,79,0.8645692645593481
UVM,ENST00000479793.5,Alt-terminal isoform,T_cell_exhaustion,-0.0382,0.7380793901119956,79,0.8645692645593481
UVM,ENST00000479793.5,Alt-terminal isoform,Cytolytic_activity,0.0321,0.7786186698885675,79,0.8645692645593481
UVM,ENST00000479793.5,Alt-terminal isoform,Treg,-0.0701,0.539107414148651,79,0.8645692645593481
UVM,ENST00000479793.5,Alt-terminal isoform,IFN_gamma,-0.0302,0.7915587153093719,79,0.8645692645593481
UVM,ENST00000479793.5,Alt-terminal isoform,Checkpoint,-0.0195,0.8645692645593481,79,0.8645692645593481
UVM,ENST00000479793.5,Alt-terminal isoform,Myeloid,-0.0531,0.6423032378078939,79,0.8645692645593481
