sample,ZP3_log2_TPM
GTEX-S4Q7-0003-SM-3NM8M,0.3796
GTEX-QV31-1626-SM-2S1QC,-1.6394
GTEX-13QIC-0011-R1a-SM-5O9CJ,1.6695
GTEX-ZPCL-0126-SM-4WWC8,1.0779
GTEX-S33H-1226-SM-4AD69,1.2576
GTEX-X88G-0426-SM-47JZ5,2.9205
GTEX-ZAKK-0326-SM-5EGHA,1.3397
GTEX-1399S-1726-SM-5L3DI,-0.5543
GTEX-ZF29-0926-SM-4WKFZ,0.7999
GTEX-13W3W-2626-SM-5SIA2,3.0358
GTEX-WQUQ-2526-SM-4MVNO,2.0111
GTEX-P44H-0526-SM-2XCF1,1.3901
GTEX-11ONC-2326-SM-5HL6P,1.9638
GTEX-TSE9-0126-SM-3DB83,2.727
GTEX-R55F-0226-SM-48FCI,2.3926
GTEX-13O3P-0226-SM-5KM3Z,0.1388
GTEX-VJYA-0005-SM-3P5ZD,-0.5332
GTEX-PWCY-1326-SM-48TCU,5.2138
GTEX-POMQ-0006-SM-5SI7D,-1.1811
GTEX-Y9LG-0426-SM-4VBRT,0.8408
GTEX-147F4-1226-SM-5NQAY,-4.6082
GTEX-QXCU-0626-SM-2TC69,-0.1031
GTEX-1269C-2626-SM-5EQ5C,-0.4719
GTEX-12WSK-2326-SM-5GCOH,1.6649
GTEX-P4PQ-0126-SM-2S1NM,1.5661
GTEX-ZA64-1526-SM-5CVMD,3.1062
GTEX-1122O-0426-SM-5H12G,-0.1504
GTEX-1399Q-0005-SM-5NQAG,2.0844
GTEX-11EI6-0826-SM-5985V,1.3511
GTEX-11EI6-3126-SM-5H111,2.3508
GTEX-QV44-1726-SM-4R1KG,3.3464
GTEX-14E7W-0526-SM-5S2W8,0.2881
GTEX-S341-0326-SM-2XCAU,2.2723
GTEX-N7MS-2625-SM-3LK77,1.2516
GTEX-OHPJ-0926-SM-2HMJ1,-1.1172
GTEX-13O61-0326-SM-5KM2O,-1.7322
GTEX-REY6-0126-SM-48FDT,3.4197
GTEX-13PL7-2726-SM-5L3GB,1.3283
GTEX-QV44-0526-SM-2S1RE,-0.1345
GTEX-WY7C-0426-SM-3NB3C,1.5465
GTEX-ZPCL-0004-SM-4WWD6,1.4441
GTEX-X5EB-0326-SM-4QASF,0.4865
GTEX-11DXY-1526-SM-5H129,1.3225
GTEX-ZPIC-0005-SM-4WWEB,-0.2328
GTEX-13G51-2126-SM-5IJD9,0.8805
GTEX-Y5V6-2826-SM-4VDSF,2.8799
GTEX-Y111-1826-SM-4SOIR,0.517
GTEX-TMZS-0001-SM-3P61Q,0.6239
GTEX-11XUK-1426-SM-5EQMG,2.7051
GTEX-WOFM-0526-SM-4OOS2,1.7532
GTEX-N7MS-2526-SM-26GMA,0.058
GTEX-WHPG-0226-SM-3NMB9,0.24
GTEX-13FTZ-2226-SM-5LZXI,-9.9658
GTEX-14AS3-1326-SM-5RQJE,1.5064
GTEX-QEG4-0426-SM-5S2VQ,2.7401
GTEX-1339X-0326-SM-5K7Z8,-0.0725
GTEX-PLZ6-0126-SM-48TC6,1.2815
GTEX-11ONC-2826-SM-5P9GQ,-0.2498
GTEX-N7MS-2526-SM-26GMR,-9.9658
GTEX-1122O-1526-SM-5N9CL,1.6875
GTEX-1497J-1226-SM-5Q5BL,-1.4305
GTEX-13OW7-2726-SM-5L3HN,2.3704
GTEX-QLQ7-0826-SM-447B3,0.3346
GTEX-XPVG-1026-SM-4B64Y,0.3907
GTEX-WYBS-1026-SM-4ONCY,3.5149
GTEX-ZPCL-1426-SM-57WEC,1.6695
GTEX-Y114-2626-SM-4TT8Y,2.6579
GTEX-ZZPU-0326-SM-5N9BJ,3.0287
GTEX-VJYA-0826-SM-4KL1M,0.3573
GTEX-ZPU1-2126-SM-57WED,1.1447
GTEX-X585-0008-SM-46MU4,0.9343
GTEX-S4UY-0426-SM-3K2AF,0.4657
GTEX-12WSD-2826-SM-59HKT,0.547
GTEX-NPJ7-0011-R6a-SM-2I3G7,2.7951
GTEX-UPIC-1726-SM-4IHKG,2.676
GTEX-WZTO-0626-SM-4PQYY,1.7617
GTEX-WHSB-0005-SM-3LK7C,0.0718
GTEX-Y9LG-0226-SM-4VBS4,0.4657
GTEX-13PVQ-0726-SM-5L3GI,1.1316
GTEX-OHPL-1626-SM-2HMIR,-0.5125
GTEX-POYW-0006-SM-2XCF4,1.2271
GTEX-12WSN-2726-SM-5LZUK,3.5559
GTEX-12584-0926-SM-5FQTN,-5.5735
GTEX-132AR-2426-SM-5IFFD,3.4197
GTEX-132Q8-3026-SM-5PNVG,0.5955
GTEX-RM2N-0626-SM-48FD6,0.9493
GTEX-ZYW4-1426-SM-5SIAX,-1.1811
GTEX-ZT9X-1826-SM-57WDU,1.0007
GTEX-UJMC-0526-SM-3GAE3,-3.6259
GTEX-RU1J-0006-SM-2TF6M,2.4779
GTEX-Y114-1926-SM-4TT8J,2.4412
GTEX-ZF3C-2026-SM-4WWB5,1.2455
GTEX-X4EP-2926-SM-3P5YQ,3.3856
GTEX-NPJ7-2726-SM-2I3FT,0.6145
GTEX-13OVJ-0011-R9b-SM-5L3GD,1.3397
GTEX-ZA64-2226-SM-5Q5A9,3.335
GTEX-XUW1-1726-SM-4BOOZ,0.4657
GTEX-12BJ1-1426-SM-5BC5Q,-0.0725
GTEX-131XE-2026-SM-5LZW1,1.6187
GTEX-111FC-0326-SM-5GZZ1,-0.5756
GTEX-XAJ8-1026-SM-47JY9,3.1442
GTEX-XLM4-0011-R10A-SM-4AT5P,2.578
GTEX-XMD2-0006-SM-4WWEG,0.4125
GTEX-13SLW-0226-SM-5S2NA,0.6332
GTEX-YBZK-0005-SM-59HKG,0.1903
GTEX-1399R-0126-SM-5IFEV,1.1382
GTEX-13FHP-0226-SM-5K7WD,1.3511
GTEX-R55G-0126-SM-48FDS,2.4623
GTEX-Y5V5-2526-SM-4VBQ4,-0.6416
GTEX-S32W-0004-SM-2XCE9,-0.3022
GTEX-W5WG-1626-SM-4LMKG,2.3732
GTEX-12ZZZ-0011-R10a-SM-5P9HC,0.058
GTEX-X4XY-0011-R8A-SM-46MVC,-1.9942
GTEX-13QJC-0011-R6a-SM-5S2VI,3.6838
GTEX-N7MT-1426-SM-3LK5M,3.551
GTEX-ZUA1-0011-R8b-SM-51MST,-0.3383
GTEX-139TU-0226-SM-5J1NM,0.4761
GTEX-146FH-2426-SM-5Q5EW,3.0163
GTEX-ZTSS-1126-SM-5985O,0.7407
GTEX-X5EB-0626-SM-46MVQ,-3.0469
GTEX-13NYB-0726-SM-5MR4J,1.7229
GTEX-ZYVF-2526-SM-5E45C,1.9034
GTEX-13FHP-0011-R7b-SM-5LZYI,0.5955
GTEX-ZE7O-1526-SM-5J1NH,1.3901
GTEX-11EMC-3326-SM-5P9JH,-0.0725
GTEX-ZYVF-0526-SM-5E43E,2.3843
GTEX-13X6I-1526-SM-5SIAC,0.7999
GTEX-U3ZH-0126-SM-4DXUK,1.1706
GTEX-13N2G-2226-SM-5IJCU,1.6695
GTEX-ZDXO-0426-SM-4WKF6,0.8408
GTEX-13112-0011-R7b-SM-5DUVW,2.1047
GTEX-13N11-0526-SM-5IJFI,1.7229
GTEX-12WSA-0011-R5b-SM-5GU5I,1.595
GTEX-145LV-0226-SM-5S2QG,-2.7274
GTEX-S7SE-0826-SM-4AT4D,1.4335
GTEX-XXEK-1026-SM-4BRUW,0.2881
GTEX-132NY-0326-SM-5IJBL,2.7249
GTEX-ZT9X-0008-SM-4YCD7,1.5216
GTEX-POMQ-0626-SM-3P61E,0.9716
GTEX-ZF28-3026-SM-4WKHP,2.6487
GTEX-OOBJ-1026-SM-3NB2L,0.9115
GTEX-P78B-1626-SM-2S1O1,-0.9132
GTEX-ZUA1-0011-R7b-SM-4YCDP,1.8201
GTEX-11ZVC-0011-R9a-SM-57WC5,1.6604
GTEX-1399U-1526-SM-5J2N7,1.6093
GTEX-13FH7-2126-SM-5L3DJ,-4.6082
GTEX-SUCS-0226-SM-32PLQ,-0.3752
GTEX-11DXX-0008-SM-5Q5B8,0.4761
GTEX-SIU7-1326-SM-4BRWW,3.74
GTEX-WZTO-0011-R4A-SM-3NMC7,2.5288
GTEX-XAJ8-1126-SM-47JYA,4.1384
GTEX-11O72-0626-SM-5PNYE,2.1345
GTEX-13PVQ-1926-SM-5L3GN,-0.7588
GTEX-OIZH-1326-SM-3NB1H,2.2753
GTEX-13NZ9-0826-SM-5J1NI,-0.5332
GTEX-13FLV-1226-SM-5IJBZ,-0.2845
GTEX-ZDYS-0626-SM-5J2N5,0.4125
GTEX-14DAQ-2526-SM-5RQIO,0.7407
GTEX-Y8LW-1526-SM-5IFHL,3.0654
GTEX-13PL6-0526-SM-5L3G6,1.9377
GTEX-QV44-2226-SM-447A3,1.1641
GTEX-ZF2S-1526-SM-5S2OO,1.5902
GTEX-RUSQ-0926-SM-47JWU,3.1523
GTEX-WHSE-0426-SM-4M1XO,1.8282
GTEX-117YX-1126-SM-5H128,-2.3147
GTEX-OHPK-1626-SM-2YUN3,-0.2671
GTEX-Q734-1626-SM-48U1B,2.167
GTEX-WWYW-2726-SM-4MVOP,2.5388
GTEX-12696-1126-SM-5FQTI,-9.9658
GTEX-13O61-0126-SM-5KM4P,0.9862
GTEX-13PVR-2326-SM-5QGR1,2.5924
GTEX-139YR-2426-SM-5J1OB,0.9935
GTEX-1211K-0426-SM-5FQTP,2.0147
GTEX-PWCY-0726-SM-48TCS,1.816
GTEX-13FH7-1226-SM-5IJFK,1.1184
GTEX-ZXG5-0326-SM-5GICH,-0.7346
GTEX-111VG-1926-SM-5GIDO,5.4536
GTEX-Q2AG-0005-SM-5SI7F,-0.6193
GTEX-XMK1-2626-SM-4B65R,0.537
GTEX-NPJ7-0011-R11A-SM-2I3E8,1.5165
GTEX-13FH7-0226-SM-5IFGG,1.4228
GTEX-13OVL-0011-R6a-SM-5L3G4,3.4843
GTEX-POYW-1226-SM-5LU5O,3.5742
GTEX-13OW6-0526-SM-5L3HY,0.2881
GTEX-11DZ1-2026-SM-5A5KG,3.1939
GTEX-T6MO-1626-SM-32QOM,1.7316
GTEX-13NYB-0011-R1b-SM-5KM4F,0.3685
GTEX-PX3G-0726-SM-48TZT,0.434
GTEX-YB5E-1026-SM-5IFI2,-0.0425
GTEX-ZVZP-2426-SM-59HKJ,3.2112
GTEX-ZYFC-2626-SM-5NQ6S,2.6828
GTEX-117YW-0526-SM-5H11C,-0.6643
GTEX-WHSE-0011-R8A-SM-3P5Z1,0.537
GTEX-U4B1-1826-SM-4DXSU,3.1876
GTEX-ZVZO-0126-SM-5A5L9,3.47
GTEX-13FTY-2126-SM-5IFFB,4.5274
GTEX-11ZUS-2726-SM-5FQUA,3.2692
GTEX-T5JC-0626-SM-3NMA6,-9.9658
GTEX-T6MN-0011-R4A-SM-32QPG,0.9716
GTEX-ZTTD-1426-SM-4YCEX,3.9561
GTEX-132AR-0006-SM-5NQ7N,1.6374
GTEX-139TU-0526-SM-5J2M8,-2.5479
GTEX-T6MO-0426-SM-32QOI,1.614
GTEX-QLQ7-1326-SM-4R1JY,0.6608
GTEX-13OVK-0006-SM-5O9B7,-2.5479
GTEX-WFG8-1026-SM-4LVMZ,0.1388
GTEX-11NUK-2026-SM-5PNVZ,1.1706
GTEX-PWN1-0226-SM-5SI7O,1.6512
GTEX-ZT9W-1626-SM-4YCDQ,1.6875
GTEX-WK11-0626-SM-3NMAV,3.208
GTEX-R55G-0726-SM-2TC6J,2.3564
GTEX-11EQ9-1226-SM-5987E,0.0718
GTEX-13NYB-0226-SM-5N9G4,-1.3183
GTEX-RWS6-0926-SM-47JXE,-0.9406
GTEX-13111-0326-SM-5DUXF,2.876
GTEX-139YR-2726-SM-5K7VV,-0.4131
GTEX-OXRP-0126-SM-3NB32,2.233
GTEX-O5YT-1826-SM-32PK9,-2.4659
GTEX-W5X1-1426-SM-3GIKH,2.8661
GTEX-13X6H-1626-SM-5Q5CT,-1.8836
GTEX-146FR-0926-SM-5QGPE,-0.8863
GTEX-X4LF-0006-SM-3NMCO,1.5998
GTEX-YFC4-0008-SM-4RGM3,-1.1172
GTEX-1399U-0426-SM-5K7UU,1.0711
GTEX-13FH7-1126-SM-5K7UG,1.5216
GTEX-XGQ4-0004-SM-4AT5S,-0.4521
GTEX-131XF-0426-SM-5HL7U,2.328
GTEX-14BIM-2226-SM-5SI8Y,2.8178
GTEX-147GR-0526-SM-5S2MY,2.4439
GTEX-Y8LW-1826-SM-5S2MV,3.0961
GTEX-OXRL-0005-SM-3LK6A,-0.8084
GTEX-13OVL-1526-SM-5K7WA,3.7909
GTEX-11P82-0126-SM-5HL72,-1.1811
GTEX-WRHU-0626-SM-3MJFI,2.128
GTEX-ZLFU-0726-SM-57WF6,0.8488
GTEX-11TUW-1226-SM-5GU7C,-1.5951
GTEX-X4EP-0726-SM-3P5YJ,3.6266
GTEX-S33H-1126-SM-2XCB6,0.7233
GTEX-O5YU-0008-SM-4E3I7,0.6699
GTEX-ZDXO-0011-R1a-SM-4WKF4,1.787
GTEX-ZDYS-2326-SM-4WKG6,1.4335
GTEX-145LU-2026-SM-5Q5E8,-0.4521
GTEX-146FR-1426-SM-5SIAV,0.9568
GTEX-132NY-1026-SM-5P9IY,1.3511
GTEX-13N1W-0826-SM-5MR5J,-0.5125
GTEX-ZTX8-0426-SM-59HLG,0.3796
GTEX-146FH-2026-SM-5SI9I,2.0254
GTEX-ZWKS-0326-SM-5NQ7G,3.1669
GTEX-12WSK-2626-SM-5GCOT,1.3846
GTEX-12WSL-1326-SM-5LZVW,-1.4305
GTEX-X8HC-0126-SM-4E3JW,3.2049
GTEX-11I78-1526-SM-5A5K7,2.3337
GTEX-X15G-1426-SM-4PQZK,3.0446
GTEX-11DXY-3226-SM-5GIDE,-0.1345
GTEX-ZDTS-0226-SM-5HL7Q,0.8726
GTEX-12WSM-0726-SM-5GCOW,-1.8314
GTEX-ZC5H-2726-SM-5KLZW,2.8799
GTEX-WYJK-0326-SM-3NMA8,0.7321
GTEX-PWCY-2026-SM-5QGQ9,-2.9324
GTEX-13NYB-2926-SM-5K7VH,0.7058
GTEX-ZYFG-0126-SM-5GIDH,0.9419
GTEX-WOFM-0426-SM-4OOSG,3.0978
GTEX-ZAB5-1426-SM-5HL9D,0.5955
GTEX-11EQ9-1126-SM-5987I,0.4016
GTEX-ZV68-0011-R5a-SM-4YCDW,0.8408
GTEX-11ZTT-0426-SM-5EQLK,0.2522
GTEX-11EM3-1026-SM-5A5KL,-0.1504
GTEX-111YS-1726-SM-5GIED,1.4652
GTEX-1497J-0005-SM-5NQBD,0.5666
GTEX-WFG7-0326-SM-5SI7L,1.1897
GTEX-QCQG-1926-SM-2S1PI,-0.8599
GTEX-12WSG-2426-SM-5EQLZ,0.2881
GTEX-WYJK-0826-SM-3NM8Y,-1.0262
GTEX-XGQ4-1526-SM-4AT6H,1.4547
GTEX-11GSP-0011-R6b-SM-57WBQ,-0.0877
GTEX-Y5V6-1026-SM-4VBS2,2.3451
GTEX-111FC-0226-SM-5N9B8,1.8444
GTEX-146FR-1526-SM-5SIB8,1.642
GTEX-WHPG-2326-SM-3NMBP,0.2029
GTEX-YEC4-2126-SM-5IFJH,1.3846
GTEX-OOBJ-0426-SM-3NB1S,1.8722
GTEX-ZZPT-0626-SM-5GZXT,-2.114
GTEX-ZE7O-0226-SM-5S2N1,0.3231
GTEX-11ZVC-2926-SM-5986H,-0.4921
GTEX-12BJ1-0126-SM-5LU9P,0.4761
GTEX-ZVT3-1426-SM-59HLP,0.9642
GTEX-XYKS-0002-SM-4BRWN,1.7575
GTEX-SIU8-0126-SM-2XCDT,4.1219
GTEX-Y111-0126-SM-4SOIV,1.7316
GTEX-11GS4-0008-SM-5QGRA,1.3567
GTEX-V955-0426-SM-3GAEL,1.3511
GTEX-13O61-2326-SM-5J1NJ,-2.8262
GTEX-YJ8O-2526-SM-5HL85,1.3567
GTEX-13NZB-2026-SM-5MR4M,1.1184
GTEX-11I78-0826-SM-5A5K4,-0.5756
GTEX-13U4I-2026-SM-5LU3L,1.8404
GTEX-WI4N-1026-SM-3LK7N,1.9452
GTEX-13OVI-0826-SM-5KLZ8,1.7273
GTEX-1399T-1326-SM-5PNVH,3.9608
GTEX-13OVL-0011-R3b-SM-5L3I8,2.1798
GTEX-Q2AI-0006-SM-2I3FG,-1.4699
GTEX-ZTSS-1226-SM-51MSZ,1.105
GTEX-P4PP-0005-SM-2HMKX,-1.5105
GTEX-11DYG-2526-SM-5N9BB,1.8484
GTEX-S3XE-1026-SM-4AD4O,0.434
GTEX-QLQ7-1626-SM-2S1R8,2.1766
GTEX-13PVR-1426-SM-5S2PW,1.8722
GTEX-WQUQ-2426-SM-4MVNW,1.0151
GTEX-XBED-0006-SM-47JXO,-1.5522
GTEX-111CU-0226-SM-5GZXC,-0.4131
GTEX-ZF29-0326-SM-4WKFB,-0.6873
GTEX-13OW7-0011-R5b-SM-5O9DM,1.9377
GTEX-13OW6-0326-SM-5L3H9,0.5069
GTEX-WHPG-0926-SM-4M1XY,0.8805
GTEX-RN64-0826-SM-2TC62,-1.9942
GTEX-13X6I-2726-SM-5Q5ET,1.8444
GTEX-S7SE-0526-SM-2XCD8,0.7146
GTEX-QCQG-1926-SM-5SI7Q,0.8647
GTEX-QEL4-1326-SM-447AD,1.9226
GTEX-14A6H-2726-SM-5QGPL,1.1833
GTEX-ZP4G-0526-SM-4YCED,0.0158
GTEX-ZVT3-0826-SM-5GIC8,-0.8599
GTEX-11WQK-3126-SM-5EGI2,0.9789
GTEX-ZE9C-0011-R11a-SM-4WKGG,0.6425
GTEX-1122O-0126-SM-5GICA,-0.2671
GTEX-ZUA1-2126-SM-57YRB,2.2113
GTEX-13G51-0926-SM-5IFFU,2.0673
GTEX-ZAB4-1126-SM-5HL86,2.5011
GTEX-11EQ8-0008-SM-5Q5DJ,1.7097
GTEX-13NYC-2426-SM-5MR3K,0.099
GTEX-ZAB5-0626-SM-5PNVB,-0.5543
GTEX-X5EB-2526-SM-4E3HY,0.5859
GTEX-12WSI-0226-SM-5GCNA,-1.9379
GTEX-13JVG-0526-SM-5IJBN,1.4281
GTEX-ZT9W-1326-SM-51MTB,2.4597
GTEX-XMD1-0826-SM-4AT52,0.6425
GTEX-ZZPT-2926-SM-5EQ5S,-0.9971
GTEX-11GSO-2426-SM-5A5LY,2.0535
GTEX-12696-0826-SM-5EGGE,-2.0529
GTEX-OXRL-0126-SM-2YUMP,0.3231
GTEX-11DXX-0926-SM-5H112,0.537
GTEX-12ZZY-3026-SM-5GCOU,3.4237
GTEX-WHSE-2926-SM-3NMBG,0.7493
GTEX-XV7Q-0008-SM-4BRWL,1.1577
GTEX-12584-0226-SM-5EQL5,0.0014
GTEX-11ZUS-3026-SM-5EGI4,0.9935
GTEX-11P81-0926-SM-59874,1.177
GTEX-U4B1-0126-SM-4DXSN,3.3003
GTEX-13QBU-1626-SM-5LU4S,0.1776
GTEX-OHPL-0426-SM-3TW8X,1.3397
GTEX-VJYA-1726-SM-3NMDQ,1.3167
GTEX-ZAB4-1726-SM-5HL8C,2.5363
GTEX-ZYY3-1726-SM-5EGH3,-1.3548
GTEX-X4EP-0326-SM-3P5Z6,2.108
GTEX-ZPIC-0002-SM-4WWEC,0.2277
GTEX-13O1R-0226-SM-5K7U5,0.1388
GTEX-12ZZW-2926-SM-5LZUP,0.03
GTEX-Y3IK-0726-SM-4WWE5,2.8799
GTEX-ZE7O-0826-SM-57WCP,1.3283
GTEX-ZYT6-1226-SM-5E44Q,0.3231
GTEX-133LE-0326-SM-5P9G4,0.7999
GTEX-145ME-0326-SM-5S2QO,0.8082
GTEX-U3ZN-0002-SM-3NMDF,1.2815
GTEX-YB5E-0526-SM-4VDSD,1.177
GTEX-12584-3126-SM-5EGKR,1.1833
GTEX-131XG-0826-SM-5LZVS,1.2147
GTEX-ZAB5-0726-SM-5P9JG,0.3796
GTEX-N7MT-0726-SM-3TW8S,3.335
GTEX-12WSD-0011-R9a-SM-5GU6W,0.8082
GTEX-R45C-1226-SM-48FEE,3.1829
GTEX-14A5I-2726-SM-5SIB3,2.6579
GTEX-ZLV1-1926-SM-5FQSF,3.0842
GTEX-PWCY-0826-SM-48TCR,-2.0529
GTEX-12WSB-0126-SM-59HJN,4.5934
GTEX-YFC4-0011-R11a-SM-4SOK6,-1.0262
GTEX-ZXG5-0926-SM-5NQ8H,-0.3383
GTEX-13N2G-2326-SM-5J1ON,-0.7588
GTEX-11P81-1926-SM-5BC53,2.4571
GTEX-X261-0011-R5A-SM-3NMB4,3.4713
GTEX-12126-0726-SM-5FQTX,1.6964
GTEX-13OVG-0005-SM-5P9HA,-1.9942
GTEX-NPJ8-1926-SM-3MJGB,2.8522
GTEX-ZUA1-2726-SM-59HLJ,3.0481
GTEX-12WSG-1026-SM-5EGII,0.3231
GTEX-11OC5-0626-SM-5HL6M,-0.5973
GTEX-14C39-2526-SM-5S2UH,1.5266
GTEX-ZPU1-1026-SM-4YCEQ,1.3846
GTEX-X585-2526-SM-4QAS1,1.177
GTEX-1128S-2526-SM-5H11N,-0.9132
GTEX-1399R-0526-SM-5IJEF,2.4412
GTEX-144GL-1026-SM-5O99R,-2.0529
GTEX-ZVZQ-0011-R7b-SM-57WBB,0.4761
GTEX-QEG4-0926-SM-4R1JO,4.0019
GTEX-SNMC-0008-SM-4DM5A,1.3225
GTEX-P4PQ-2126-SM-3NMCV,0.4125
GTEX-QVJO-0008-SM-447AU,-0.2328
GTEX-13D11-1226-SM-5IFGA,0.537
GTEX-12WSB-0726-SM-5N9GD,4.1011
GTEX-XV7Q-0826-SM-4BRV7,0.3796
GTEX-Y5V6-2426-SM-4VDSB,3.2572
GTEX-1211K-0726-SM-5FQUW,1.0151
GTEX-N7MT-0326-SM-48TDP,3.2158
GTEX-T5JW-0426-SM-4DM7M,1.4281
GTEX-11P81-2726-SM-59876,1.6512
GTEX-11I78-1926-SM-59878,1.8282
GTEX-Y5V5-0826-SM-4VBQD,-0.5543
GTEX-11EQ8-0006-SM-5P9HJ,0.058
GTEX-Z93S-0008-SM-4RGM5,0.7579
GTEX-12ZZX-0011-R8a-SM-5DUW8,1.5366
GTEX-13OVH-0126-SM-5MR4B,1.6604
GTEX-XQ8I-1826-SM-4BOOJ,1.674
GTEX-13PDP-0011-R1a-SM-5PNX5,0.1519
GTEX-Y111-2226-SM-4SOJB,-0.3383
GTEX-1212Z-0226-SM-59HLF,-3.458
GTEX-XUYS-0326-SM-47JX2,0.1903
GTEX-ZV7C-0726-SM-59HKH,0.5568
GTEX-XBED-2626-SM-4E3J5,-4.035
GTEX-1211K-0826-SM-5FQUP,0.7579
GTEX-U8XE-0926-SM-3DB8V,-3.6259
GTEX-XUW1-0926-SM-4BONX,1.3225
GTEX-133LE-1226-SM-5IFGC,1.7954
GTEX-14C5O-0126-SM-5SI6N,2.4518
GTEX-YECK-0526-SM-4W1ZD,0.7233
GTEX-145MG-1526-SM-5Q5EM,2.5437
GTEX-XLM4-0008-SM-4AT4W,2.4306
GTEX-11TTK-2926-SM-5PNYP,-0.2328
GTEX-YF7O-0226-SM-5IFJ4,1.46
GTEX-R55G-0526-SM-2TC5O,3.0533
GTEX-13N2G-1826-SM-5KM1I,1.3051
GTEX-ZEX8-0726-SM-4WKH8,2.1345
GTEX-13G51-2926-SM-5IJDL,1.0711
GTEX-11DZ1-0226-SM-5A5KF,1.1833
GTEX-WYVS-2126-SM-3NMA3,3.3435
GTEX-ZGAY-1526-SM-4WWEO,-0.3752
GTEX-YJ8O-0126-SM-5QGRG,1.9859
GTEX-ZV7C-0003-SM-4YCF6,1.0433
GTEX-13N11-1526-SM-5L3FL,1.0573
GTEX-131XH-0006-SM-5O98V,-0.5332
GTEX-14753-0426-SM-5NQAM,2.3193
GTEX-WZTO-3026-SM-3NMA2,3.0463
GTEX-1211K-0926-SM-5FQTL,2.2813
GTEX-11WQC-2426-SM-5EQKQ,0.6332
GTEX-12WSJ-0126-SM-5GCOM,1.7273
GTEX-Y5LM-2326-SM-5S2NK,-0.2671
GTEX-PW2O-0526-SM-2I3DX,0.3907
GTEX-11NV4-2326-SM-5BC4X,2.004
GTEX-14BIL-0006-SM-5N9F2,-2.114
GTEX-XV7Q-0626-SM-4BRV5,0.6332
GTEX-PLZ6-0426-SM-5IFK2,-0.8339
GTEX-12WSG-2726-SM-5EQ5M,1.3511
GTEX-NPJ8-0007-SM-26GMF,-2.8262
GTEX-ZQG8-2226-SM-5DUWD,-1.5951
GTEX-WFG8-1726-SM-5CHTE,-9.9658
GTEX-N7MS-0826-SM-2HML4,-2.1779
GTEX-ZYFC-1826-SM-5GZZA,2.9375
GTEX-R55E-1326-SM-48FCR,3.2885
GTEX-13OW8-1026-SM-5J1NQ,2.5061
GTEX-113JC-2326-SM-5EQ4E,1.7912
GTEX-13PL7-2326-SM-5L3FY,1.5064
GTEX-Z9EW-0526-SM-5HL8S,2.7951
GTEX-13X6J-0826-SM-5LU32,1.2815
GTEX-11DXX-0005-SM-5NQ8B,-1.8836
GTEX-12WSB-3226-SM-59HJP,3.9166
GTEX-U412-0526-SM-3DB9I,2.4857
GTEX-N7MS-0011-R3a-SM-5SI8H,0.2522
GTEX-11DXZ-2526-SM-5N9BG,1.6187
GTEX-ZLV1-0926-SM-5S2MR,3.2236
GTEX-WHSB-2026-SM-3LK6H,0.9038
GTEX-13QIC-1826-SM-5J1MY,2.0979
GTEX-XV7Q-0126-SM-4BRVK,1.6045
GTEX-Z9EW-1626-SM-5CVMN,3.6042
GTEX-13QJ3-0426-SM-5RQHP,0.3115
GTEX-W5WG-1326-SM-4LMI9,2.6715
GTEX-T6MN-2626-SM-32PMQ,1.736
GTEX-13X6K-0626-SM-5LU5D,3.9127
GTEX-11OF3-0008-SM-5S2NH,-0.3752
GTEX-111CU-2026-SM-5GZZC,-1.9379
GTEX-PW2O-1726-SM-2S1OO,-9.9658
GTEX-TMMY-0926-SM-4VBQZ,-1.2828
GTEX-ZPU1-1126-SM-4YCF3,1.8119
GTEX-13OW5-2626-SM-5MR3M,1.6649
GTEX-XV7Q-1026-SM-4BRVR,1.5064
GTEX-11EMC-0226-SM-5EGLP,1.3567
GTEX-12WS9-0011-R5b-SM-5P9EV,1.9226
GTEX-12ZZX-1326-SM-5DUWI,2.7551
GTEX-S3XE-1326-SM-4AD4H,1.4494
GTEX-111FC-2026-SM-5GZYO,3.2267
GTEX-12C56-1426-SM-5FQSW,2.05
GTEX-13112-2626-SM-5BC66,-0.4921
GTEX-XMK1-0226-SM-4B65D,1.196
GTEX-T2IS-1126-SM-4DM6Z,4.01
GTEX-OIZG-1026-SM-3LK5X,1.949
GTEX-Y8E4-0726-SM-4WWFN,3.4116
GTEX-U3ZM-0002-SM-3NMDM,2.496
GTEX-OXRK-0926-SM-2HMKP,2.4008
GTEX-Y3I4-1026-SM-4TT2C,1.4228
GTEX-NL4W-0011-R9a-SM-2I3G1,0.7058
GTEX-YB5E-0626-SM-4VDSE,1.2455
GTEX-111YS-1126-SM-5GZYQ,0.6332
GTEX-OIZH-2626-SM-2HMJM,2.1313
GTEX-ZV7C-0526-SM-51MRB,-0.6643
GTEX-139YR-1926-SM-5LZXM,-0.6416
GTEX-QDVN-0526-SM-48TZ4,2.1541
GTEX-WY7C-2426-SM-3NB2V,1.4547
GTEX-13X6J-3026-SM-5Q5CU,0.24
GTEX-13CF3-2226-SM-5J2MX,3.5572
GTEX-V1D1-0726-SM-4JBH7,1.5266
GTEX-REY6-0626-SM-2TF4G,1.5612
GTEX-P4QS-0726-SM-3NMCZ,0.3573
GTEX-13G51-2426-SM-5LZY8,0.9419
GTEX-144GN-2526-SM-5LU54,1.4756
GTEX-145LS-0011-R10a-SM-5PNUQ,0.6608
GTEX-ZE7O-0326-SM-51MTH,1.2815
GTEX-13VXT-0926-SM-5LU5K,2.043
GTEX-11EQ9-0226-SM-5A5JX,0.1648
GTEX-13OVL-0011-R10a-SM-5L3GS,2.3019
GTEX-13QJ3-0726-SM-5SI68,0.8647
GTEX-13FTY-2226-SM-5J1ND,4.3924
GTEX-TKQ2-0426-SM-4DXUO,0.9343
GTEX-U3ZH-0526-SM-3DB75,0.9191
GTEX-139T4-0426-SM-5J1OQ,1.2636
GTEX-145LV-1426-SM-5Q5BV,1.7316
GTEX-146FR-0226-SM-5Q5F6,0.7832
GTEX-14BIL-0011-R10a-SM-5SI75,1.5415
GTEX-11O72-0006-SM-5O9DB,-1.4305
GTEX-13QJ3-1826-SM-5S2PT,2.5011
GTEX-139TT-0226-SM-5K7YH,0.4233
GTEX-RWS6-1126-SM-47JXC,0.6332
GTEX-XUZC-1826-SM-4BRVO,2.3677
GTEX-T5JC-0526-SM-32PM7,-0.4131
GTEX-ZYWO-0626-SM-5E45K,-1.9379
GTEX-13FLV-0011-R10b-SM-5LZZ2,0.8327
GTEX-S33H-0526-SM-2XCBK,-2.8262
GTEX-13FLW-0011-R6b-SM-5L3EN,2.9281
GTEX-147JS-0126-SM-5S2TW,3.2127
GTEX-11ZTS-1926-SM-5CVLA,1.6512
GTEX-Y5V5-0001-SM-4V6FZ,-0.5756
GTEX-Y5V6-2126-SM-4WWFX,-0.1345
GTEX-OHPM-0326-SM-33HCA,1.7532
GTEX-NL4W-0011-R10A-SM-2I3DY,-0.5125
GTEX-S7SE-0011-R7A-SM-2XCDI,2.5036
GTEX-11LCK-0126-SM-5A5M5,3.5237
GTEX-POMQ-2026-SM-2S1OD,0.6608
GTEX-133LE-0726-SM-5P9IZ,1.2934
GTEX-QVJO-1726-SM-2S1R3,-0.5332
GTEX-12WS9-0426-SM-59HJW,1.1117
GTEX-RN64-0008-SM-48FEZ,-0.4325
GTEX-11P81-2626-SM-5GU6T,1.7097
GTEX-11I78-2126-SM-5A5K8,2.2663
GTEX-13FH7-0626-SM-5KLZD,0.1776
GTEX-ZVT4-0006-SM-57WB8,-0.1187
GTEX-ZVT2-0426-SM-5E44S,1.0779
GTEX-13OVL-2726-SM-5J2MP,3.945
GTEX-ZPCL-0326-SM-5FQSG,-0.5756
GTEX-139UC-0011-R7a-SM-5IJCV,2.081
GTEX-OHPM-0006-SM-2HMKU,1.2696
GTEX-ZYT6-0626-SM-5E45V,-1.1811
GTEX-WH7G-1426-SM-4LVMU,1.6234
GTEX-147F3-1526-SM-5SIAK,3.6207
GTEX-ZXES-0005-SM-57WCB,1.6964
GTEX-S7SE-0326-SM-4AT5Q,3.1311
GTEX-RNOR-0011-R4A-SM-3GAD3,-0.4131
GTEX-13FHO-2926-SM-5L3ES,0.7321
GTEX-ZE7O-0011-R1a-SM-57WDM,0.24
GTEX-QDVJ-1926-SM-2S1PJ,-1.5522
GTEX-QLQW-1126-SM-2S1Q8,2.6895
GTEX-P4PQ-0005-SM-2HMKJ,-1.3183
GTEX-13N1W-0426-SM-5MR46,1.816
GTEX-12ZZY-0526-SM-5EQ5H,3.245
GTEX-145MO-2126-SM-5Q5CZ,1.7995
GTEX-X3Y1-1226-SM-4PQZ8,2.0638
GTEX-X261-0626-SM-3NMD9,4.1136
GTEX-1211K-0006-SM-5MR53,-0.7108
GTEX-ZZ64-1526-SM-5E43K,-1.1488
GTEX-11ZUS-2826-SM-5EQKW,1.7702
GTEX-S32W-2026-SM-4AD6E,-0.2671
GTEX-WVLH-0011-R11A-SM-3MJFO,-0.394
GTEX-11UD2-1526-SM-5EQLQ,2.1213
GTEX-Y8E4-1726-SM-5LU9G,3.2973
GTEX-Y111-0626-SM-4SOIT,2.7594
GTEX-13IVO-0011-R5a-SM-5L3CY,-0.3752
GTEX-11UD1-0008-SM-5S2P6,1.8078
GTEX-X3Y1-0001-SM-4PQYP,0.688
GTEX-117YW-0126-SM-5EGGN,0.9419
GTEX-11WQC-0011-R5a-SM-5BC74,0.7579
GTEX-WHSB-2326-SM-4M1XK,1.3567
GTEX-11P81-0126-SM-5HL5Y,1.9968
GTEX-145MF-1726-SM-5LU9H,2.4985
GTEX-R55F-1326-SM-5S2V4,1.2209
GTEX-145ME-1226-SM-5SIB6,2.043
GTEX-11UD2-1226-SM-5EQMI,1.0847
GTEX-13W3W-1026-SM-5IFG4,2.8641
GTEX-ZF29-0426-SM-4WKFN,-3.1714
GTEX-P4PQ-0008-SM-48TDX,1.1316
GTEX-WHWD-1226-SM-4OOS1,2.96
GTEX-PLZ6-1326-SM-3NB24,-0.3383
GTEX-T5JW-0008-SM-4DM5X,0.3573
GTEX-ZC5H-0326-SM-5HL9F,3.3883
GTEX-13NZ9-2026-SM-5KM1U,0.1124
GTEX-12BJ1-2526-SM-5FQUE,-1.8836
GTEX-139D8-1226-SM-5L3ED,1.7617
GTEX-ZP4G-1126-SM-4WWCI,-0.0277
GTEX-ZT9W-0226-SM-4YCCZ,0.547
GTEX-12WSK-0526-SM-5CVNA,-2.114
GTEX-139YR-0626-SM-5IJBT,-0.4521
GTEX-13OVJ-0126-SM-5KM36,2.1988
GTEX-WXYG-1126-SM-4ONCH,1.0779
GTEX-T6MN-0011-R7A-SM-5CHSP,-9.9658
GTEX-XYKS-1826-SM-4E3JV,1.5165
GTEX-11ONC-2026-SM-5HL61,-1.1172
GTEX-RNOR-0011-R3A-SM-5SI8E,-0.2159
GTEX-13QIC-0011-R10a-SM-5O9C7,0.7058
GTEX-ZVE2-1226-SM-5NQ8R,2.2268
GTEX-13QJC-0011-R7b-SM-5PNUM,2.5804
GTEX-UTHO-0426-SM-3GAED,-1.9942
GTEX-T6MN-2726-SM-4DM77,2.0912
GTEX-12WSD-3126-SM-5HL7P,-0.9132
GTEX-ZE7O-2626-SM-51MSS,2.2268
GTEX-S4Z8-0426-SM-3K2AH,-0.1993
GTEX-XV7Q-1626-SM-4BRWC,1.5902
GTEX-13OVL-0011-R4b-SM-5L3HV,2.167
GTEX-RNOR-0426-SM-2TF4U,-0.9406
GTEX-13PVR-2526-SM-5RQIT,-0.7588
GTEX-YEC4-0126-SM-4W21T,1.6512
GTEX-XYKS-0426-SM-4BRW4,1.2394
GTEX-PWCY-1826-SM-2S1OK,2.1574
GTEX-11WQC-1726-SM-5GU4W,1.7702
GTEX-13X6I-0011-R2b-SM-5PNWQ,0.0718
GTEX-Q2AI-1526-SM-3GIJ3,-9.9658
GTEX-1313W-0011-R8a-SM-5DUVM,1.1706
GTEX-ZF28-0526-SM-4WKGW,2.971
GTEX-WHSE-1126-SM-3NMBU,-2.8262
GTEX-X638-0426-SM-47JY2,1.3109
GTEX-12ZZX-0011-R2a-SM-5EGLG,0.9935
GTEX-13OVI-2726-SM-5KM56,1.5563
GTEX-12696-0126-SM-5EQ4L,1.2696
GTEX-V955-1226-SM-4JBI9,-0.8863
GTEX-ZQG8-0626-SM-57WF3,0.5763
GTEX-N7MT-1626-SM-3LK71,3.2632
GTEX-ZQG8-1126-SM-51MRL,-0.394
GTEX-X4XX-1026-SM-4QARO,1.0983
GTEX-T5JC-0826-SM-32PMC,0.058
GTEX-XQ8I-1726-SM-4BOQB,2.3816
GTEX-UJHI-0126-SM-4IHLP,1.5612
GTEX-X261-0011-R11A-SM-4E3JY,4.1417
GTEX-P44H-1026-SM-3NM96,-1.4305
GTEX-13O3O-0826-SM-5K7WE,1.196
GTEX-YFC4-1126-SM-5RQJN,0.8408
GTEX-OOBK-0008-SM-3NB27,1.4441
GTEX-111YS-1426-SM-5GID8,0.7664
GTEX-11LCK-0826-SM-5PNYD,3.3364
GTEX-14AS3-0726-SM-5S2NY,0.5666
GTEX-13X6J-0011-R8b-SM-5PNUA,0.058
GTEX-11TUW-2226-SM-5EQL9,1.3283
GTEX-144FL-0226-SM-5Q5D4,0.099
GTEX-ZZ64-0226-SM-5E44X,1.736
GTEX-13QIC-2326-SM-5LU5N,2.1574
GTEX-132AR-0326-SM-5KM2C,3.9079
GTEX-131XG-1426-SM-5GCMO,0.5069
GTEX-14A5I-0005-SM-5N9FU,-1.9379
GTEX-ZF28-0011-R11a-SM-4WWEI,2.8542
GTEX-OXRK-0526-SM-3NB2F,3.5803
GTEX-131XF-2426-SM-5BC6C,3.5923
GTEX-13OW5-0126-SM-5MR3A,2.6348
GTEX-ZV7C-1326-SM-5BC7G,0.099
GTEX-13111-0426-SM-5DUXR,1.2147
GTEX-146FQ-0226-SM-5NQAL,0.8961
GTEX-132QS-0226-SM-5IFFZ,2.1013
GTEX-11P82-1226-SM-5HL5P,0.547
GTEX-ZYW4-0326-SM-5E44Y,1.1382
GTEX-139T8-0526-SM-5KLZL,1.1833
GTEX-QDVJ-2126-SM-5S2U2,-0.0877
GTEX-P44G-0006-SM-2TC6A,-2.8262
GTEX-P4QT-0008-SM-48TDZ,1.5465
GTEX-145LT-0326-SM-5LUAD,1.2333
GTEX-OHPK-1526-SM-3MJGM,0.6608
GTEX-Y3I4-1326-SM-4TT8Z,1.0915
GTEX-ZF28-2926-SM-4WKG1,3.3221
GTEX-Y5V6-1926-SM-5IFIL,2.1925
GTEX-11ONC-0126-SM-5PNW6,-0.7588
GTEX-13G51-1826-SM-5KLZH,2.2513
GTEX-ZPCL-2126-SM-57WFZ,0.058
GTEX-WK11-0926-SM-3NMAU,4.1119
GTEX-1314G-0126-SM-5LZUL,-5.5735
GTEX-XXEK-0826-SM-4BRWG,0.537
GTEX-145MO-0726-SM-5NQB9,-0.3201
GTEX-REY6-0426-SM-2TF5G,0.547
GTEX-P78B-0626-SM-2S1O5,1.2333
GTEX-13OVJ-0011-R3b-SM-5P9H6,0.6239
GTEX-13D11-1526-SM-5J2NA,-2.2447
GTEX-XQ8I-0008-SM-4WAWM,0.9862
GTEX-XQ8I-0626-SM-4BOPT,-0.6643
GTEX-145MO-2226-SM-5Q5BN,0.6145
GTEX-11TT1-2126-SM-5GU5Y,0.3907
GTEX-XOTO-0011-R11B-SM-4B64O,-0.3566
GTEX-QDVJ-0005-SM-2TC5X,0.2277
GTEX-ZVZQ-0011-R9a-SM-51MRH,0.7748
GTEX-X261-0011-R7A-SM-4E3JJ,2.9319
GTEX-XPT6-0008-SM-4B64Q,1.6512
GTEX-1399T-0526-SM-5J1NC,3.668
GTEX-13O3O-1626-SM-5KM1O,0.7493
GTEX-11P82-0626-SM-5PNYK,-0.3022
GTEX-RU72-0726-SM-46MUW,2.2813
GTEX-13QBU-2426-SM-5LU4L,-5.5735
GTEX-ZVZP-0126-SM-5NQ6Q,3.8431
GTEX-ZYY3-3026-SM-5GIEJ,0.9115
GTEX-QV31-1026-SM-4R1K3,1.0915
GTEX-T6MO-0006-SM-32QOU,-0.9686
GTEX-11XUK-0626-SM-5N9ES,2.8341
GTEX-OXRL-0326-SM-2I3F2,-5.5735
GTEX-11EMC-0126-SM-5EGKV,1.1382
GTEX-12WSM-0011-R1a-SM-5LZW6,-0.0277
GTEX-Y8E4-1526-SM-4WWDI,2.7615
GTEX-WWYW-2826-SM-4MVOQ,0.9716
GTEX-11DXX-2526-SM-5H119,1.3051
GTEX-13IVO-0011-R3b-SM-5IJBJ,-0.8084
GTEX-Y3I4-1426-SM-4TT9C,1.2085
GTEX-Y8E5-0326-SM-57WBM,1.7617
GTEX-QLQW-0326-SM-447A8,1.46
GTEX-12ZZZ-1226-SM-59HK1,1.0222
GTEX-1399T-0426-SM-5PNVJ,0.1648
GTEX-14A5H-3026-SM-5RQHV,2.5163
GTEX-WRHU-0826-SM-3MJFN,-0.013
GTEX-13CZV-0011-R10b-SM-5LZYD,0.7579
GTEX-12ZZY-0326-SM-5LZVQ,3.7378
GTEX-145MI-0011-R7b-SM-5Q5AZ,-1.8836
GTEX-N7MT-0126-SM-2D7VT,2.9128
GTEX-13OW7-0011-R3a-SM-5O9DA,-0.013
GTEX-11H98-0326-SM-5HL4S,-3.1714
GTEX-11TUW-2526-SM-5EQKN,-3.3076
GTEX-R55G-1226-SM-48FDC,3.0127
GTEX-ZTPG-1626-SM-5DUX2,3.6301
GTEX-117XS-2926-SM-5N9BX,0.7832
GTEX-QVJO-0011-R7A-SM-2S1QO,3.2826
GTEX-WHWD-2326-SM-3LK6Q,3.7313
GTEX-11UD2-0005-SM-5NQ9B,-1.9379
GTEX-RN64-0526-SM-2TC5P,-0.013
GTEX-Y5V5-1826-SM-4VDS5,1.3735
GTEX-1211K-1726-SM-5FQUJ,1.8643
GTEX-RNOR-0011-R1A-SM-5SI8F,-0.6873
GTEX-13JVG-0011-R11a-SM-5KM53,-0.1031
GTEX-ZV7C-1826-SM-5NQ83,0.537
GTEX-13112-0326-SM-5P9IW,1.9712
GTEX-TMZS-0006-SM-3DB8G,0.8082
GTEX-13QBU-2326-SM-5LU49,1.125
GTEX-14E6D-0926-SM-5S2QV,-0.394
GTEX-11TT1-0926-SM-5GU5M,-2.0529
GTEX-Y114-1726-SM-4TT7U,2.8014
GTEX-11WQC-0011-R6a-SM-5BC77,1.6093
GTEX-13PL7-0526-SM-5J2MQ,0.9935
GTEX-WI4N-2526-SM-4OOSE,1.1117
GTEX-13X6K-1826-SM-5O9CR,2.4359
GTEX-13VXT-0626-SM-5SIA1,1.6045
GTEX-XUZC-0008-SM-4BOQG,0.4233
GTEX-13JUV-0011-R9a-SM-5LZX3,1.3397
GTEX-T6MN-1226-SM-3NMA5,0.6699
GTEX-RU72-1226-SM-2TF6N,-1.1488
GTEX-Y114-0008-SM-4TT8X,1.6875
GTEX-T8EM-0826-SM-4DM76,1.6558
GTEX-12ZZY-2726-SM-5EQ45,3.8461
GTEX-131YS-2826-SM-5EQ47,1.7489
GTEX-X88G-0006-SM-47JX5,1.7744
GTEX-ZVE1-0526-SM-5NQ71,-4.035
GTEX-11TUW-0626-SM-5LU9M,3.0481
GTEX-Y5V6-1626-SM-4VDT2,1.7532
GTEX-QV31-1126-SM-4R1K4,2.0912
GTEX-13PVQ-0426-SM-5J1OG,0.7748
GTEX-13NYB-2726-SM-5J2MT,-9.9658
GTEX-WEY5-0526-SM-3GIKZ,0.0854
GTEX-WZTO-1326-SM-3NM8X,2.8219
GTEX-13NYS-2926-SM-5IFGH,1.8078
GTEX-11DXZ-0326-SM-5EGH1,-1.5522
GTEX-13PVQ-2726-SM-5L3H7,1.9749
GTEX-WL46-0011-R7A-SM-3LK7X,1.1447
GTEX-11GSP-0006-SM-5N9EL,-2.7274
GTEX-1399U-2526-SM-5L3DL,0.2277
GTEX-ZTTD-0326-SM-57WFW,3.3032
GTEX-146FR-0426-SM-5SI97,1.5165
GTEX-14DAR-0006-SM-5N9GC,-0.4719
GTEX-XGQ4-2226-SM-4AT4Y,-0.1504
GTEX-13113-1026-SM-5LZWM,3.5111
GTEX-ZVE2-1326-SM-5NQ94,2.4805
GTEX-13S7M-0326-SM-5S2PH,-1.8314
GTEX-PLZ5-0426-SM-3P612,1.1316
GTEX-R55C-1626-SM-48FEG,3.335
GTEX-UPIC-1026-SM-4IHLT,3.3307
GTEX-13FTZ-0011-R10b-SM-5KLZS,-1.0559
GTEX-13FTY-0126-SM-5J2NZ,3.4569
GTEX-11P82-0526-SM-5986P,1.5806
GTEX-13QBU-0226-SM-5LU48,-2.0529
GTEX-PX3G-1426-SM-48U1J,1.4011
GTEX-12WSE-0826-SM-5S2VL,0.044
GTEX-XUJ4-1826-SM-4BOOU,2.5511
GTEX-XQ8I-0326-SM-4BOPN,1.3679
GTEX-XYKS-2626-SM-4BRUT,1.6964
GTEX-UJHI-1626-SM-3DB9A,0.7916
GTEX-XPVG-1726-SM-4B65W,0.5763
GTEX-13X6I-0526-SM-5QGP8,0.044
GTEX-WFON-1426-SM-5CHT1,-9.9658
GTEX-RTLS-0626-SM-5SI7Z,0.9191
GTEX-12WSJ-1126-SM-5LZVJ,2.2813
GTEX-13X6K-0726-SM-5LU2Z,2.8034
GTEX-ZUA1-0226-SM-5NQ9Q,1.9452
GTEX-11O72-2226-SM-5PNW2,1.5612
GTEX-145MH-0011-R10b-SM-5PNUK,0.2154
GTEX-ZYVF-2726-SM-5GID4,1.6327
GTEX-11GS4-0426-SM-5N9CD,0.4016
GTEX-131XF-1826-SM-5EGKG,3.1377
GTEX-13SLX-0526-SM-5S2ON,2.296
GTEX-139T8-0326-SM-5IJCM,2.4492
GTEX-117XS-1926-SM-5GICO,-0.3201
GTEX-12WSF-0011-R6b-SM-5HL8W,2.3251
GTEX-XAJ8-1326-SM-47JYT,5.435
GTEX-13QBU-2526-SM-5LU4X,0.4761
GTEX-Y8LW-0002-SM-4V6G2,2.2813
GTEX-ZT9X-1426-SM-5DUX1,4.3958
GTEX-VJWN-0726-SM-3GIJ8,1.9226
GTEX-ZYWO-2726-SM-5NQ6N,1.1316
GTEX-11DXX-2026-SM-5EGJL,0.0854
GTEX-13FXS-0011-R2b-SM-5K7XX,0.7321
GTEX-13NZA-2526-SM-5IJFX,5.5555
GTEX-RWS6-1026-SM-47JXD,1.2756
GTEX-SJXC-1126-SM-4DM6Y,3.074
GTEX-1192W-0826-SM-5EGHE,1.4652
GTEX-13X6J-0126-SM-5QGOU,2.0111
GTEX-XMD1-0008-SM-4AT41,1.8363
GTEX-SUCS-0226-SM-5CHQG,-9.9658
GTEX-ZLWG-2226-SM-5DUWO,1.46
GTEX-ZVT2-1526-SM-51MQZ,1.7403
GTEX-ZV6S-1526-SM-5NQ7O,1.9564
GTEX-1212Z-2426-SM-5EQ5D,0.1519
GTEX-ZVZP-1126-SM-5GICU,2.561
GTEX-P4PQ-1726-SM-3NB15,0.4865
GTEX-WYJK-2526-SM-4ONDF,0.2154
GTEX-RNOR-0011-R5A-SM-2TF4J,0.5955
GTEX-11P82-0726-SM-5PNYL,-1.8314
GTEX-11I78-2426-SM-5A5K9,0.1648
GTEX-Y111-0006-SM-4SOIO,-0.6416
GTEX-145MO-1426-SM-5Q5BS,2.2237
GTEX-XMK1-2426-SM-4B66I,1.8683
GTEX-QMR6-0005-SM-32PKY,-9.9658
GTEX-X638-0005-SM-47JX6,-0.3383
GTEX-14753-0626-SM-5Q5CY,0.8082
GTEX-OXRL-0326-SM-447BG,-2.114
GTEX-1314G-0005-SM-5NQ9O,-1.9942
GTEX-QEL4-0626-SM-3GIJM,-2.2447
GTEX-WVLH-0008-SM-4MVPD,-0.4521
GTEX-TKQ2-0826-SM-33HB6,-0.7588
GTEX-TSE9-0011-R9A-SM-3DB7Q,0.2522
GTEX-RVPU-0011-R11A-SM-2XCAF,-1.7809
GTEX-X4EP-0011-R6A-SM-3P629,3.1409
GTEX-QVJO-2526-SM-4R1KB,2.5972
GTEX-WYVS-0004-SM-4ONDT,0.9419
GTEX-ZZPU-0726-SM-5N9C8,2.5683
GTEX-12WSB-0326-SM-5GCP4,4.0401
GTEX-Y8DK-0011-R3A-SM-4RTW5,-0.0725
GTEX-13IVO-2926-SM-5L3CZ,-0.013
GTEX-11PRG-0326-SM-5GU53,-9.9658
GTEX-YB5K-0008-SM-4VDT8,1.0503
GTEX-XGQ4-2426-SM-4AT55,0.0158
GTEX-Z9EW-1926-SM-5CVMP,3.5349
GTEX-ZA64-0626-SM-5HL9O,2.93
GTEX-13FTW-0826-SM-5K7XR,-1.9379
GTEX-Y3IK-2626-SM-4WWDK,2.362
GTEX-N7MT-0007-SM-3GACQ,2.4883
GTEX-OHPM-0426-SM-3TW8V,3.9079
GTEX-ZVT3-0011-R11b-SM-57WBI,1.105
GTEX-U3ZN-1826-SM-4DXUY,1.7575
GTEX-13O1R-0126-SM-5L3EH,1.2696
GTEX-13U4I-0226-SM-5SIB1,1.8444
GTEX-1399R-0726-SM-5KM2A,-0.1993
GTEX-13OVL-3026-SM-5IJF1,3.644
GTEX-ZZPU-1826-SM-5E43L,3.3856
GTEX-1445S-0011-R5a-SM-5PNUS,-0.0725
GTEX-Y3IK-1226-SM-4WWEK,2.4252
GTEX-11DXZ-0126-SM-5EGGY,-4.6082
GTEX-QV31-0326-SM-447BM,-1.3183
GTEX-117YX-2126-SM-5GIEL,0.4657
GTEX-13O21-0826-SM-5J2NU,0.1124
GTEX-ZPU1-2426-SM-4WWFM,0.9343
GTEX-131XE-2626-SM-5PNYY,2.1047
GTEX-139YR-1026-SM-5LZYN,1.7702
GTEX-XGQ4-0526-SM-4AT6C,-2.1779
GTEX-12WSL-0626-SM-5GCOY,-0.2671
GTEX-U4B1-0326-SM-3DB8K,2.1541
GTEX-13OVJ-0011-R7a-SM-5L3G1,1.0915
GTEX-111CU-1326-SM-5NQ8L,0.4967
GTEX-13OVH-0011-R11b-SM-5KM4X,1.7744
GTEX-11WQC-0011-R10a-SM-57WCT,0.7321
GTEX-ZVT3-0426-SM-5GIDW,-2.5479
GTEX-11NV4-2126-SM-5N9DS,-0.5756
GTEX-ZLWG-0326-SM-4WWC7,1.4756
GTEX-XQ8I-0526-SM-4BOPS,0.4016
GTEX-11EQ8-0126-SM-5EQ54,1.1897
GTEX-13X6I-0011-R3b-SM-5P9HM,0.346
GTEX-11DXY-1426-SM-5N9CN,1.8404
GTEX-QDT8-0526-SM-3NMD8,0.5859
GTEX-ZYWO-1126-SM-5U3SH,0.2998
GTEX-U3ZH-0326-SM-51MS7,-1.7809
GTEX-1212Z-0126-SM-59HK4,2.3732
GTEX-Y111-2826-SM-4TT3O,-0.2845
GTEX-13O3O-0011-R3b-SM-5KM3R,-0.4131
GTEX-13VXU-1926-SM-5LU5J,2.3871
GTEX-ZE9C-0011-R9a-SM-4WWCY,0.9568
GTEX-13QIC-1526-SM-5IJFL,2.8858
GTEX-11WQK-1226-SM-5GU5Z,2.6487
GTEX-13X6K-0011-R11a-SM-5P9F5,3.8461
GTEX-OIZI-1426-SM-3NB1T,2.5658
GTEX-OHPJ-0726-SM-2YUNM,0.5763
GTEX-ZZ64-1026-SM-5GZXG,2.0979
GTEX-13PVR-0826-SM-5S2PV,-0.2159
GTEX-WHPG-1326-SM-4M1ZJ,0.6145
GTEX-ZYFC-1726-SM-5GZYX,3.2018
GTEX-13X6J-0626-SM-5LU5F,2.5948
GTEX-132QS-1226-SM-5P9GD,1.674
GTEX-11WQK-0726-SM-5GU71,0.044
GTEX-144GM-0126-SM-5Q5AX,-1.1811
GTEX-WFG7-1726-SM-4LVME,1.8036
GTEX-ZVTK-0226-SM-51MRG,2.8014
GTEX-PLZ4-0008-SM-48TE6,2.3649
GTEX-R55E-0526-SM-2TC6B,-2.9324
GTEX-12584-0005-SM-5N9GM,-2.6349
GTEX-WY7C-0226-SM-3NB37,0.8883
GTEX-RVPV-0526-SM-47JYL,2.8034
GTEX-N7MS-0007-SM-2D7W1,-1.4699
GTEX-13OVL-0326-SM-5IJCS,3.4088
GTEX-QLQ7-1026-SM-447BB,0.537
GTEX-Y3IK-2726-SM-4WWDV,2.8955
GTEX-11P7K-1426-SM-5EGKY,2.9875
GTEX-YEC3-1126-SM-5IFIH,0.4447
GTEX-Y8LW-0726-SM-5IFI1,3.1669
GTEX-ZUA1-1026-SM-4YCEA,1.8242
GTEX-WYJK-0526-SM-3NM8Z,1.3397
GTEX-11DXX-0426-SM-5EQ5F,-0.7588
GTEX-U3ZM-1226-SM-3DB9G,3.3321
GTEX-Y3IK-0005-SM-4WWDE,1.0711
GTEX-Y5V5-0726-SM-4VBPY,-2.0529
GTEX-Y3IK-0426-SM-4WWE2,2.233
GTEX-ZVT2-0126-SM-5GIDQ,1.7009
GTEX-XLM4-2326-SM-4TT2D,3.9022
GTEX-13PL7-1726-SM-5J2NX,0.9862
GTEX-WRHU-0006-SM-3MJF6,-0.394
GTEX-WXYG-2326-SM-4E3I6,2.3308
GTEX-13FHP-0726-SM-5K7YI,0.3346
GTEX-11ZTS-2726-SM-5EQLU,-0.2498
GTEX-ZDTS-0008-SM-4E3I8,1.5709
GTEX-OIZG-0926-SM-3LK5Y,1.7575
GTEX-ZQG8-1626-SM-5HL6H,1.7053
GTEX-ZF3C-1026-SM-5S2OC,1.595
GTEX-ZYW4-1226-SM-5E45B,-0.0277
GTEX-12ZZX-0011-R10b-SM-5DUWK,1.1184
GTEX-ZAJG-0226-SM-5HL81,-0.1665
GTEX-YEC4-0008-SM-4W1YR,1.7575
GTEX-13NZA-0126-SM-5K7UH,3.6916
GTEX-ZV6S-1126-SM-57WE9,1.4962
GTEX-1211K-1826-SM-5EGJ2,0.9268
GTEX-XK95-0008-SM-4AT5G,-0.6873
GTEX-T6MO-0126-SM-4DM6X,1.3846
GTEX-QDVJ-0726-SM-48U1W,2.1606
GTEX-ZTTD-2826-SM-4YCFA,3.4358
GTEX-12WSA-0011-R8a-SM-5P9EX,1.7575
GTEX-145LU-1226-SM-5LU9B,1.6093
GTEX-11ZU8-2626-SM-5EQLL,1.5661
GTEX-V1D1-0003-SM-3NMDP,1.2147
GTEX-11O72-0008-SM-5Q5DN,1.5216
GTEX-144GM-1626-SM-5O9AG,-0.9971
GTEX-X4XX-0011-R1B-SM-3P622,0.9642
GTEX-WYVS-2026-SM-4RGNS,0.688
GTEX-13JVG-0011-R3b-SM-5LZXF,-0.5125
GTEX-ZAB4-0011-R6a-SM-4SOKD,1.9073
GTEX-VUSG-2726-SM-4KKZJ,0.9862
GTEX-YB5K-1726-SM-5IFIZ,-0.013
GTEX-117XS-2026-SM-5GID1,1.2934
GTEX-11NSD-1626-SM-5986U,1.0079
GTEX-S3XE-0226-SM-4AD6I,0.8082
GTEX-N7MT-0011-R2a-SM-2I3GI,3.1261
GTEX-12WS9-1426-SM-5FQT3,0.6699
GTEX-X4EP-1626-SM-4QAS6,3.5779
GTEX-13O21-0426-SM-5K7VR,0.5763
GTEX-S4Z8-0826-SM-4AD4J,1.6466
GTEX-13OW6-2926-SM-5KM29,0.4016
GTEX-131XF-2226-SM-5EQKG,3.3017
GTEX-V955-0126-SM-4JBH5,2.3164
GTEX-ZC5H-1726-SM-5HL7X,1.9822
GTEX-R53T-0005-SM-3GADK,0.7233
GTEX-YEC3-0626-SM-4YCFE,1.1512
GTEX-QV44-1926-SM-2S1RF,2.945
GTEX-Y3IK-0626-SM-4WWE4,2.3106
GTEX-117YW-0326-SM-5N9CY,-4.2934
GTEX-XUW1-0008-SM-4BOQH,0.8568
GTEX-11UD2-1626-SM-5EQM3,1.2147
GTEX-ZF2S-1326-SM-4WWAZ,1.2209
GTEX-YFC4-2726-SM-5IFJW,1.3679
GTEX-14AS3-2326-SM-5S2NZ,1.4011
GTEX-P44H-0726-SM-48TBT,-3.1714
GTEX-12ZZW-0011-R5a-SM-5DUVN,1.949
GTEX-139T8-0426-SM-5K7VC,2.3164
GTEX-S7SE-0011-R4A-SM-2XCDB,0.9789
GTEX-ZXG5-0011-R10a-SM-57WDD,-0.8863
GTEX-ZVE2-0426-SM-59HJ7,1.0983
GTEX-11EM3-0126-SM-5985K,0.2881
GTEX-ZYVF-2326-SM-5E44Z,1.8363
GTEX-11EQ9-0126-SM-5986I,1.2147
GTEX-Y3I4-0426-SM-4TT29,2.0776
GTEX-13N11-0226-SM-5KM3C,1.5216
GTEX-13FLV-0011-R6a-SM-5KLZ4,2.7487
GTEX-ZAB4-0011-R7a-SM-4SOKE,2.7183
GTEX-R55D-0826-SM-48FEA,1.9149
GTEX-13NZ8-0826-SM-5MR3I,2.0878
GTEX-OHPN-0011-R10A-SM-33HBU,-0.2671
GTEX-S7SF-1826-SM-3K2AD,1.8996
GTEX-117XS-0526-SM-5987Q,1.9638
GTEX-13RTJ-0011-R7b-SM-5P9JS,1.7828
GTEX-12WSC-2926-SM-5BC5Z,0.1648
GTEX-12126-0006-SM-5O9B8,0.0014
GTEX-ZUA1-2826-SM-59HLE,2.1047
GTEX-XMK1-1726-SM-4B64Z,1.3051
GTEX-13U4I-1326-SM-5KM25,1.105
GTEX-QXCU-1126-SM-48FE5,0.6608
GTEX-13OVJ-0011-R10b-SM-5L3HT,0.6145
GTEX-11EI6-2426-SM-5PNVS,1.5709
GTEX-13D11-0626-SM-5LZYY,-2.0529
GTEX-QEG5-0326-SM-2S1PB,1.9302
GTEX-U4B1-1626-SM-3DB8N,2.3366
GTEX-WQUQ-0426-SM-3MJFU,2.5756
GTEX-XUW1-0326-SM-4BOOR,1.6964
GTEX-R55C-1826-SM-3GADI,3.345
GTEX-12ZZX-1926-SM-5EGKC,2.4571
GTEX-ZXG5-2826-SM-5NQ8T,0.1519
GTEX-11TT1-0004-SM-5S2NT,0.2029
GTEX-111VG-0726-SM-5GIDC,3.2856
GTEX-147F4-1426-SM-5LUA8,-1.685
GTEX-S4Q7-0126-SM-4AD5P,1.595
GTEX-13RTJ-1126-SM-5S2UJ,1.5758
GTEX-NFK9-0926-SM-2HMJU,0.9789
GTEX-Q2AG-0526-SM-2S1PW,1.692
GTEX-ZAB5-1026-SM-5HL91,0.5568
GTEX-145MH-1426-SM-5QGPO,1.6512
GTEX-144GM-2126-SM-5LU3P,-0.9971
GTEX-ZYY3-0226-SM-5E45M,1.1316
GTEX-RUSQ-1526-SM-2TF62,2.8799
GTEX-11ZUS-0008-SM-5S2UO,0.4761
GTEX-13IVO-0926-SM-5KLZP,0.044
GTEX-WQUQ-0008-SM-4OOT1,0.6425
GTEX-13FHO-0726-SM-5IJDG,-2.5479
GTEX-YFCO-1726-SM-4W21S,2.2901
GTEX-11I78-1326-SM-5PNY9,1.2875
GTEX-14BMV-0526-SM-5S2NE,-0.2328
GTEX-ZLFU-1326-SM-4WWET,-0.8084
GTEX-UPK5-1226-SM-4IHL8,2.4597
GTEX-131YS-0626-SM-5EGKL,2.7721
GTEX-ZG7Y-1426-SM-4WWBM,-1.0262
GTEX-S33H-0626-SM-2XCBJ,-0.4521
GTEX-PWCY-0005-SM-2I3E2,-0.3566
GTEX-ZTPG-0002-SM-4YCEI,2.4225
GTEX-1339X-2626-SM-5K7YX,2.043
GTEX-WH7G-1926-SM-4LVMM,3.2692
GTEX-13QBU-1126-SM-5LU44,-0.8339
GTEX-13U4I-2626-SM-5SI9C,0.9419
GTEX-12ZZX-0011-R5a-SM-5HL89,1.3109
GTEX-ZEX8-0008-SM-4E3JU,1.2147
GTEX-ZY6K-1226-SM-5GZYL,0.3685
GTEX-13SLW-2926-SM-5Q5BQ,0.0158
GTEX-13CF3-0006-SM-5N9ED,-0.9971
GTEX-14C38-0726-SM-5SI6M,2.5707
GTEX-145LS-0011-R7a-SM-5PNWM,1.9968
GTEX-11GS4-3026-SM-5A5LG,0.6145
GTEX-11P7K-0326-SM-59871,3.0092
GTEX-ZYWO-0526-SM-5E45I,0.2154
GTEX-XUJ4-2826-SM-4BOQ2,0.6145
GTEX-14ASI-0526-SM-5QGQP,-1.9379
GTEX-Y8DK-0526-SM-4TT3R,-2.2447
GTEX-PW2O-0006-SM-2I3DV,-0.8339
GTEX-T5JC-0001-SM-3NMAK,1.3567
GTEX-YB5K-2326-SM-5IFHD,-3.3076
GTEX-ZLV1-1326-SM-4WWER,3.3591
GTEX-13112-1126-SM-5GCMY,1.8762
GTEX-ZV6S-0926-SM-57WGB,0.3346
GTEX-P4PQ-0726-SM-3NMCR,-0.2159
GTEX-N7MT-1226-SM-2TC6K,3.3689
GTEX-ZDTS-0126-SM-4WAY5,2.2175
GTEX-13FTW-0005-SM-5LZVZ,1.4652
GTEX-TML8-0001-SM-3NMAF,0.03
GTEX-13OW6-1526-SM-5L3HX,-0.3566
GTEX-11NSD-1226-SM-5986Q,0.3346
GTEX-1399U-0008-SM-5S2VE,0.7321
GTEX-144GM-1326-SM-5LU5E,-1.7809
GTEX-X261-0011-R6B-SM-4E3J8,2.9929
GTEX-13S86-1226-SM-5S2OA,0.8726
GTEX-ZYWO-1726-SM-5E44T,0.7999
GTEX-13JVG-1426-SM-5MR4W,0.7664
GTEX-XXEK-1326-SM-4BRV1,2.0325
GTEX-12584-1426-SM-5EGJ9,-4.6082
GTEX-13X6K-0011-R4b-SM-5P9HO,2.4386
GTEX-14E6E-1326-SM-5S2NR,1.3791
GTEX-PLZ6-0006-SM-33HBZ,-2.9324
GTEX-12WSH-0126-SM-5GCO3,-0.5332
GTEX-11ZTT-0006-SM-5N9FX,-0.7108
GTEX-11P81-1326-SM-5GU5S,1.2875
GTEX-1445S-0011-R8a-SM-5PNWX,0.7579
GTEX-147JS-2526-SM-5S2Q8,1.9415
GTEX-1128S-2826-SM-5N9DI,-0.8863
GTEX-WWYW-0011-R6A-SM-3NB3G,2.694
GTEX-Y9LG-1126-SM-4VBQ7,2.9013
GTEX-13CF3-0426-SM-5IJEU,2.8321
GTEX-147GR-0011-R4a-SM-5S2V2,0.7832
GTEX-12WSB-0011-R6b-SM-5GU6J,4.4693
GTEX-PLZ6-0226-SM-3P61I,2.0395
GTEX-11DXY-0426-SM-5H12R,0.8488
GTEX-ZAK1-3026-SM-5S2MJ,0.4016
GTEX-13S7M-0011-R7a-SM-5O9DK,1.4174
GTEX-11XUK-0426-SM-5EQML,3.242
GTEX-P4QT-0526-SM-2I3EX,1.1512
GTEX-ZVT3-0011-R10b-SM-57WB6,1.3109
GTEX-11NV4-1126-SM-5HL6J,0.1519
GTEX-WY7C-2726-SM-3NB3P,0.8883
GTEX-ZVE2-1826-SM-51MRZ,1.4704
GTEX-ZLV1-0005-SM-4WWAP,1.2934
GTEX-QDT8-0011-R6A-SM-32PKI,1.4911
GTEX-148VJ-0826-SM-5LU8V,0.1648
GTEX-ZPIC-0626-SM-57WDY,-0.3566
GTEX-1192X-1826-SM-5GIE2,1.1447
GTEX-P78B-0226-SM-3NB1Z,0.547
GTEX-11PRG-2826-SM-5BC54,1.1897
GTEX-X638-0126-SM-47JZ8,1.7009
GTEX-ZE7O-0011-R6a-SM-57WCI,1.4911
GTEX-ZDTT-2126-SM-5S2OJ,-0.2498
GTEX-131XW-3226-SM-5LZUO,3.616
GTEX-13N11-2326-SM-5IJBF,2.1638
GTEX-147F3-0526-SM-5SI98,3.6207
GTEX-139UC-2926-SM-5J1N6,1.0503
GTEX-ZYWO-0426-SM-5SI9A,-0.1345
GTEX-Y114-2326-SM-4TT7X,2.6647
GTEX-144GL-0226-SM-5QGOX,-0.013
GTEX-1339X-0426-SM-5KLZY,-0.5125
GTEX-ZVP2-0005-SM-51MRK,2.7742
GTEX-12WSM-0011-R8a-SM-5DUWJ,0.7579
GTEX-13N11-0926-SM-5IJG2,0.044
GTEX-QDT8-0526-SM-32PL5,-1.8314
GTEX-ZPCL-1226-SM-4WWFF,-1.685
GTEX-ZQG8-2426-SM-57WEE,-1.4305
GTEX-111FC-0826-SM-5GZWO,0.1903
GTEX-T6MO-0326-SM-32QOK,1.7532
GTEX-13PDP-0011-R8b-SM-5O9CS,0.3907
GTEX-13U4I-1826-SM-5IJD2,-0.1504
GTEX-XQ3S-2726-SM-4BOP2,2.1766
GTEX-111YS-1326-SM-5EGGK,-0.0277
GTEX-11EQ9-1626-SM-5PNY8,1.4652
GTEX-11I78-0726-SM-5A5M1,1.1833
GTEX-13NYB-0011-R8a-SM-5KM4R,0.9862
GTEX-1313W-0726-SM-5EGK1,2.0395
GTEX-1212Z-0426-SM-5FQT6,1.0711
GTEX-13111-2126-SM-5LZU2,2.727
GTEX-WHSE-0526-SM-5HL79,-5.0116
GTEX-Q2AG-0226-SM-2S1P4,2.2901
GTEX-T6MN-1526-SM-4DM5P,2.7422
GTEX-S3XE-0008-SM-3NM8O,-0.7346
GTEX-12ZZZ-1326-SM-59HKW,-2.114
GTEX-RNOR-1426-SM-48FDJ,-2.4659
GTEX-13OW8-0126-SM-5IJE5,1.6512
GTEX-145MN-0326-SM-5QGQI,-0.2328
GTEX-132NY-0005-SM-5O9AC,-0.0425
GTEX-R55F-1426-SM-2TF53,2.118
GTEX-X4LF-0326-SM-4QAS9,1.1184
GTEX-P4QS-1826-SM-2S1NI,0.3907
GTEX-U3ZH-1926-SM-4DXTR,-2.6349
GTEX-P44H-0011-R5A-SM-2XCEX,2.6918
GTEX-V955-1626-SM-4JBHJ,0.3573
GTEX-13SLW-0011-R10a-SM-5S2UI,0.044
GTEX-13S7M-0226-SM-5S2UG,0.8883
GTEX-12WSH-2926-SM-5GCMR,1.4174
GTEX-146FH-1326-SM-5NQBI,1.5854
GTEX-ZTTD-0626-SM-4YCCY,2.7657
GTEX-V1D1-0826-SM-3P5ZA,1.0007
GTEX-1399R-0326-SM-5KM1X,1.9786
GTEX-T5JC-0426-SM-32PLO,2.2842
GTEX-Q2AG-0011-R9A-SM-2HMJ6,-0.0277
GTEX-14BIM-0011-R6b-SM-5S2VB,2.299
GTEX-11OF3-1126-SM-5986C,0.2762
GTEX-Y111-2426-SM-4TT23,1.5514
GTEX-13O3Q-2626-SM-5KM3S,1.7446
GTEX-11ZVC-3226-SM-5FQV1,0.605
GTEX-WFON-1126-SM-4LVMA,-0.3383
GTEX-12C56-1826-SM-5EQ6D,1.7185
GTEX-ZAB5-0126-SM-5CVMT,-1.4305
GTEX-144FL-3026-SM-5O99C,0.7233
GTEX-XLM4-1526-SM-4AT6D,5.8664
GTEX-X4EP-0126-SM-3P5YV,4.0251
GTEX-X4EO-0526-SM-3P5Z3,-1.685
GTEX-YFCO-0526-SM-4W1ZJ,1.0363
GTEX-R55F-1526-SM-2TF4X,-0.013
GTEX-13FHP-0426-SM-5J1O5,0.8805
GTEX-13FLV-0011-R8a-SM-5LZZE,0.4657
GTEX-QXCU-1326-SM-48FE2,-0.4325
GTEX-13CF2-0011-R8b-SM-5IJCX,2.7007
GTEX-ZTTD-2626-SM-57WEX,4.1708
GTEX-131YS-3126-SM-5KLYT,0.2762
GTEX-13OW7-3026-SM-5L3GY,0.9038
GTEX-WFON-1726-SM-4LVMQ,-1.7809
GTEX-WHPG-0726-SM-4M1XX,0.4016
GTEX-ZVT2-0226-SM-5GIE3,1.4281
GTEX-R3RS-0526-SM-3GADG,-2.114
GTEX-13OVI-1526-SM-5K7VX,1.4335
GTEX-111YS-0008-SM-5Q5BH,1.0503
GTEX-13SLX-0011-R8b-SM-5PNWZ,0.8327
GTEX-11ILO-2226-SM-5A5L1,1.2696
GTEX-11PRG-0626-SM-5BC56,-0.1665
GTEX-139T8-0011-R4a-SM-5HL54,1.7828
GTEX-T6MO-1226-SM-4DM5S,1.7828
GTEX-11ZUS-0126-SM-5EQM5,1.1382
GTEX-13OVJ-2426-SM-5KM3I,1.0079
GTEX-145LU-0011-R3a-SM-5P9K2,1.0503
GTEX-WHSE-0011-R2A-SM-3P5ZL,0.6239
GTEX-VUSG-0126-SM-4KL1X,-0.8084
GTEX-ZVZP-1226-SM-5GID7,3.5111
GTEX-OOBJ-1526-SM-3NB1Q,0.3346
GTEX-TMKS-0005-SM-33OV7,-0.2671
GTEX-RN64-1226-SM-2TC6E,1.3167
GTEX-YEC3-0526-SM-5IFHN,1.0573
GTEX-QDT8-0326-SM-32PL1,1.4652
GTEX-Z93S-0926-SM-5HL8B,0.2029
GTEX-PLZ4-2826-SM-3P617,2.1766
GTEX-XBED-2226-SM-47JYQ,1.7273
GTEX-148VI-0226-SM-5RQKA,0.517
GTEX-PLZ6-0008-SM-48TD5,0.4125
GTEX-POMQ-2326-SM-2S1O8,1.7786
GTEX-ZEX8-2426-SM-4WKG4,2.3193
GTEX-Y9LG-0001-SM-4VBRQ,-0.3022
GTEX-R55D-1126-SM-48FEB,2.5388
GTEX-14ABY-0926-SM-5Q5DY,1.2576
GTEX-11OF3-2226-SM-5986F,1.6234
GTEX-13NYS-0226-SM-5MR49,1.4011
GTEX-11EMC-0002-SM-5Q5DO,0.7999
GTEX-13D11-1026-SM-5IJFB,1.0779
GTEX-13O3O-2526-SM-5L3DR,1.0363
GTEX-13FXS-0011-R5b-SM-5LZYE,1.8918
GTEX-ZP4G-1926-SM-57WDZ,1.5415
GTEX-13FTX-2226-SM-5J1OP,1.1706
GTEX-T6MO-0226-SM-32QOL,-1.1172
GTEX-145MH-0326-SM-5LU8H,-0.1828
GTEX-12BJ1-1726-SM-5HL9B,0.4016
GTEX-YECK-1726-SM-5IFI3,1.1706
GTEX-Q2AG-0426-SM-2S1PU,0.7916
GTEX-XAJ8-0326-SM-47JYI,3.4945
GTEX-R45C-0006-SM-3GAD6,-2.0529
GTEX-13N2G-0011-R9b-SM-5MR4E,1.4652
GTEX-13O3O-3126-SM-5KM3H,0.5568
GTEX-Y3IK-0526-SM-4WWE3,2.96
GTEX-13OVG-2126-SM-5KM1K,-1.685
GTEX-13NZA-0011-R11b-SM-5KM4W,2.824
GTEX-13FLV-0011-R11a-SM-5LZZ7,2.0535
GTEX-145ME-1626-SM-5RQI3,1.3225
GTEX-ZPIC-1926-SM-57WFQ,0.7579
GTEX-Y8LW-1626-SM-5IFHX,3.3952
GTEX-131YS-0926-SM-5IJB9,0.0158
GTEX-13OW8-0011-R3a-SM-5L3I4,0.7664
GTEX-REY6-1426-SM-48FDK,0.346
GTEX-WXYG-1026-SM-4ONCD,1.2636
GTEX-ZYY3-1626-SM-5EGJF,1.4441
GTEX-11DXX-2326-SM-5Q5A2,-0.3383
GTEX-ZE7O-2926-SM-51MSG,1.5415
GTEX-X261-0926-SM-3NMCY,3.5337
GTEX-133LE-1726-SM-5K7VQ,2.2753
GTEX-14A6H-1026-SM-5SIAZ,1.8242
GTEX-131YS-0826-SM-5PNYV,-2.8262
GTEX-13NYB-2226-SM-5MR58,1.2815
GTEX-QDVN-1326-SM-48TZ3,2.3193
GTEX-OHPK-2026-SM-3MJH7,-0.0425
GTEX-117YW-2026-SM-5N9BH,0.4865
GTEX-ZTSS-0626-SM-59867,1.4911
GTEX-Q2AH-0126-SM-48U2B,2.3592
GTEX-XPT6-0006-SM-4B66Q,-0.4521
GTEX-139YR-0426-SM-5IFFV,1.5216
GTEX-ZYT6-2226-SM-5GIC9,1.2875
GTEX-P4PQ-2626-SM-33HC9,-0.3383
GTEX-ZDTS-0326-SM-5HL83,0.6969
GTEX-S7SE-0011-R5A-SM-2XCDA,2.2175
GTEX-WYVS-0526-SM-3NM9W,2.1638
GTEX-145LS-0426-SM-5LU8M,0.5271
GTEX-YEC4-0926-SM-5PNXY,0.5271
GTEX-139D8-0006-SM-5LZX8,0.7579
GTEX-RNOR-0526-SM-2TF4O,-2.9324
GTEX-X4EO-1026-SM-4QARP,1.3283
GTEX-PWOO-0926-SM-2I3EC,-0.1345
GTEX-1399R-1726-SM-5K7YJ,-1.8314
GTEX-13X6I-0011-R5a-SM-5PNWW,2.3536
GTEX-13NZB-2426-SM-5K7UF,0.0854
GTEX-13JUV-2526-SM-5J1OD,1.4808
GTEX-147GR-0426-SM-5S2OL,1.4335
GTEX-N7MS-0426-SM-2YUN6,-2.7274
GTEX-13FTW-0526-SM-5IFIP,0.8883
GTEX-R55D-0626-SM-3GAD5,1.0915
GTEX-X62O-1626-SM-46MW9,0.6332
GTEX-1211K-0326-SM-5FQT1,1.2992
GTEX-NPJ7-0011-R8a-SM-2I3G2,0.9862
GTEX-X4XX-0011-R8B-SM-46MWM,1.2023
GTEX-WH7G-0008-SM-4LVNM,1.412
GTEX-145LS-0226-SM-5O9A5,0.7321
GTEX-13N11-0426-SM-5KM3O,-0.5543
GTEX-WFG8-2326-SM-5S2UE,0.099
GTEX-13FLV-0126-SM-5K7WT,1.5415
GTEX-11ILO-1526-SM-5A5KZ,1.2875
GTEX-U3ZM-0826-SM-4DXU6,3.573
GTEX-XUZC-2026-SM-4BRW9,2.4701
GTEX-RWS6-0726-SM-47JXI,-0.5332
GTEX-13111-0126-SM-5EGHO,1.5064
GTEX-WVLH-0011-R5A-SM-3MJFW,2.1345
GTEX-OHPK-0008-SM-4E3JL,0.547
GTEX-ZVZQ-0326-SM-59HLL,1.8564
GTEX-ZDTT-1226-SM-4WKG9,-1.5951
GTEX-WVLH-0006-SM-3MJF7,-1.8314
GTEX-ZLWG-0926-SM-4WWC3,1.3956
GTEX-R53T-1626-SM-3GAEW,1.5563
GTEX-13NYS-0426-SM-5MR4X,2.4063
GTEX-XBED-1226-SM-4AT5V,-0.1665
GTEX-T6MO-0726-SM-4DM58,-0.2671
GTEX-11ZUS-2526-SM-59872,-0.8084
GTEX-13FLW-0011-R5a-SM-5LZX6,2.59
GTEX-R55E-2526-SM-2TC6H,1.3679
GTEX-11ZTS-3226-SM-5EGID,1.2516
GTEX-13N2G-0011-R4b-SM-5MR54,1.4011
GTEX-ZYY3-3226-SM-5SI9X,1.7009
GTEX-146FR-0326-SM-5SI8U,1.2394
GTEX-YJ89-0011-R7a-SM-4V6GO,0.517
GTEX-XGQ4-0005-SM-4AT5U,0.7146
GTEX-RU72-0926-SM-2TF6B,1.4174
GTEX-13FTW-1226-SM-5LZZ1,1.9931
GTEX-13FTX-0526-SM-5IFGS,2.118
GTEX-OIZH-1526-SM-3NB1J,1.4652
GTEX-UTHO-0011-R3A-SM-3GIK8,-1.4305
GTEX-S4Q7-1626-SM-3K2AE,1.9675
GTEX-RU1J-0126-SM-2TF6Y,3.0637
GTEX-RM2N-0826-SM-48FD3,-0.3022
GTEX-1122O-0008-SM-5QGR2,-1.2142
GTEX-1117F-0726-SM-5GIEN,-0.9971
GTEX-P78B-1126-SM-3P615,1.2147
GTEX-13U4I-1426-SM-5J2M3,1.5709
GTEX-1399S-2726-SM-5KM22,-9.9658
GTEX-PVOW-1026-SM-5O9B9,1.3167
GTEX-YFCO-0126-SM-4W1YT,1.884
GTEX-13RTK-0226-SM-5RQHR,1.334
GTEX-WVLH-0226-SM-3MJG6,1.7403
GTEX-13O3Q-0011-R6a-SM-5KM2V,2.2573
GTEX-QXCU-0226-SM-2TC5W,0.1124
GTEX-14AS3-2126-SM-5S2MK,-1.4699
GTEX-11TUW-1026-SM-5GU7D,-0.5756
GTEX-11EI6-0726-SM-59866,2.1798
GTEX-OXRK-0226-SM-2YUN1,3.6451
GTEX-QVJO-0126-SM-3GIK4,-0.4131
GTEX-U8XE-0326-SM-3DB8P,2.8641
GTEX-PLZ5-0006-SM-5S2W5,0.099
GTEX-T6MN-0002-SM-3NMAH,1.6281
GTEX-U3ZH-0426-SM-4DXSE,1.46
GTEX-U4B1-0526-SM-4DXTK,3.3336
GTEX-OXRN-0126-SM-48TDM,2.236
GTEX-QEG4-0008-SM-48TYZ,3.162
GTEX-13X6K-1926-SM-5LU4O,3.2826
GTEX-PWN1-2426-SM-48TDD,1.0847
GTEX-ZQUD-0926-SM-57WE3,0.547
GTEX-XYKS-1026-SM-4BRVH,2.0218
GTEX-132AR-1726-SM-5EGHQ,3.2374
GTEX-N7MT-0011-R4a-SM-2I3G9,2.3732
GTEX-VUSG-0626-SM-4KL1Z,-0.5756
GTEX-ZGAY-0526-SM-4WWBB,1.0503
GTEX-131XF-2326-SM-5BC6B,3.5224
GTEX-QDT8-0008-SM-48U2F,1.2085
GTEX-T8EM-1626-SM-3DB7K,-0.013
GTEX-11NUK-0926-SM-5HL57,-0.8084
GTEX-ZGAY-0426-SM-4WWAM,0.7999
GTEX-13PVQ-1726-SM-5IFF3,2.8502
GTEX-WL46-0626-SM-3LK7R,-9.9658
GTEX-13CF3-2426-SM-5IFGX,3.5694
GTEX-1399R-2526-SM-5IFG2,0.0014
GTEX-NPJ8-0226-SM-48TBN,1.1512
GTEX-ZXG5-0011-R7b-SM-57WCC,-0.013
GTEX-ZG7Y-1626-SM-5S2NO,1.8879
GTEX-145MN-0926-SM-5NQBT,-1.5105
GTEX-X88G-0008-SM-47JWN,2.0878
GTEX-148VI-0326-SM-5RQK7,-1.4699
GTEX-ZAB4-0011-R5a-SM-4SOKC,2.4171
GTEX-ZTX8-1526-SM-5N9GI,0.1903
GTEX-11TUW-2126-SM-5GU7B,2.2019
GTEX-12126-0008-SM-5S2UC,0.7664
GTEX-ZPIC-1826-SM-57WFE,-0.5125
GTEX-OHPL-1826-SM-2YUN8,1.3051
GTEX-O5YT-0426-SM-3MJHD,0.1648
GTEX-13PVQ-0226-SM-5SIBG,0.2277
GTEX-ZVTK-0126-SM-57WDG,2.9839
GTEX-QCQG-0626-SM-48U21,2.4571
GTEX-ZF29-0006-SM-4WKGQ,-0.5125
GTEX-T6MO-1526-SM-4DM57,-0.0877
GTEX-X4EP-0011-R7B-SM-4PQZW,3.5547
GTEX-WYBS-0426-SM-3NM9M,3.6184
GTEX-YECK-0626-SM-4W1ZE,0.6969
GTEX-139UC-0011-R6b-SM-5K7Z1,1.692
GTEX-ZVZP-2226-SM-57WBF,5.405
GTEX-13PVR-1226-SM-5RQJ2,1.2756
GTEX-13IVO-2426-SM-5K7V9,0.537
GTEX-R55C-0326-SM-3GAF1,1.0573
GTEX-12WSC-0011-R9a-SM-5GU4U,0.4967
GTEX-P44G-0011-R5A-SM-2I3FA,1.9111
GTEX-11WQK-0011-R9b-SM-5BC6N,-0.8339
GTEX-X4EP-0011-R2B-SM-3P625,3.5911
GTEX-13QBU-1926-SM-5IJEW,0.547
GTEX-13NYB-3226-SM-5J2ND,1.196
GTEX-111VG-2526-SM-5GZXP,3.7518
GTEX-VJWN-1026-SM-4M1ZN,-1.5105
GTEX-R55D-0326-SM-48FES,1.1316
GTEX-145ME-1526-SM-5Q5F2,0.9716
GTEX-ZAB5-1926-SM-5HL7O,-0.1828
GTEX-P4QR-0008-SM-48TE2,1.3397
GTEX-13FHP-1026-SM-5K7Y2,0.03
GTEX-V1D1-0226-SM-4JBHG,2.2931
GTEX-11H98-0011-R8a-SM-5NQ8V,-0.3566
GTEX-N7MS-2526-SM-2D7W3,0.3346
GTEX-11OF3-2326-SM-5GU73,2.4805
GTEX-S341-0006-SM-3NM8D,0.0158
GTEX-1399S-1326-SM-5P9GH,2.0465
GTEX-PLZ5-0326-SM-3P614,2.7205
GTEX-13PVQ-0326-SM-5K7YF,-9.9658
GTEX-13S7M-0126-SM-5SI6A,1.3791
GTEX-ZYFG-2326-SM-5E44B,1.9452
GTEX-11DXY-0126-SM-5H11Q,1.8524
GTEX-QEG4-1826-SM-4R1JN,1.1447
GTEX-13CF2-2026-SM-5K7VI,3.793
GTEX-13NZ8-0926-SM-5MR3U,0.0158
GTEX-S95S-1626-SM-2XCDJ,-2.3884
GTEX-ZY6K-1426-SM-5GZX2,1.766
GTEX-12BJ1-0726-SM-5EGGF,2.3981
GTEX-XMK1-0626-SM-4B65A,1.46
GTEX-11EMC-0008-SM-5Q5DR,0.8647
GTEX-132QS-0526-SM-5IJC7,-3.1714
GTEX-VUSG-1126-SM-4KKZQ,-1.3921
GTEX-RTLS-1126-SM-46MUQ,2.0979
GTEX-13VXT-1326-SM-5LU3Y,1.9302
GTEX-P78B-1026-SM-3NMC4,3.011
GTEX-13N1W-0011-R11a-SM-5MR3D,0.8805
GTEX-OOBJ-0526-SM-48TDK,1.6875
GTEX-12WS9-0326-SM-59HJV,1.6558
GTEX-X4EO-1226-SM-4QARR,3.0859
GTEX-WWYW-0526-SM-3NB2W,0.4552
GTEX-12696-0426-SM-5EGL5,1.0573
GTEX-12ZZY-3126-SM-5DUX3,3.5399
GTEX-13PLJ-0011-R9b-SM-5O9DV,2.0979
GTEX-12ZZW-1026-SM-5GCMM,-1.5951
GTEX-13PLJ-0011-R5a-SM-5O9BG,1.4228
GTEX-ZXG5-0226-SM-59HJI,0.8726
GTEX-14DAQ-0005-SM-5NQ7B,0.9789
GTEX-WYJK-1726-SM-3NM9U,-9.9658
GTEX-13O21-2526-SM-5J1OZ,-0.8339
GTEX-111VG-0008-SM-5Q5BG,2.9052
GTEX-XYKS-2726-SM-4E3IC,1.3846
GTEX-YB5E-0326-SM-5IFHU,-0.7588
GTEX-OHPL-2626-SM-2HMJA,1.4494
GTEX-144GL-2926-SM-5O99F,0.9191
GTEX-14AS3-0526-SM-5QGQQ,1.5854
GTEX-11P7K-1926-SM-5GU6R,2.0604
GTEX-UJHI-0326-SM-4IHJE,1.0363
GTEX-13FTX-0005-SM-5N9F6,-0.1993
GTEX-OIZG-0226-SM-2TC5L,2.3077
GTEX-WRHU-1026-SM-4E3ID,0.8082
GTEX-XAJ8-1426-SM-47JYM,3.7992
GTEX-Y114-0526-SM-4TT8V,1.6374
GTEX-WXYG-2526-SM-3NB3F,1.9968
GTEX-13S7M-1726-SM-5RQK3,0.7407
GTEX-T2YK-1326-SM-4DM6S,2.236
GTEX-X5EB-0008-SM-46MU3,1.2085
GTEX-OHPJ-1026-SM-2HMLE,0.4657
GTEX-XBEW-1526-SM-4AT4K,0.4761
GTEX-OXRL-1426-SM-3NM9E,0.9268
GTEX-XOTO-2926-SM-4B65G,0.3685
GTEX-11NUK-3126-SM-5986M,0.9935
GTEX-S7SE-0011-R10A-SM-2XCDF,1.2085
GTEX-139TT-2626-SM-5LZUB,0.7493
GTEX-ZWKS-2826-SM-5NQ74,3.5312
GTEX-WI4N-2426-SM-4OOSC,1.8119
GTEX-ZDTS-0426-SM-4WAYH,1.1117
GTEX-P4PQ-0426-SM-3NMCI,-0.5543
GTEX-RNOR-0826-SM-2TF5C,-1.8314
GTEX-ZZ64-0526-SM-5GZXM,1.3791
GTEX-1192W-0226-SM-5EGGT,-0.1345
GTEX-R53T-1326-SM-48FCQ,2.6371
GTEX-T6MN-1826-SM-5CHQB,-9.9658
GTEX-X4XX-0011-R2A-SM-3P623,0.346
GTEX-T8EM-0426-SM-4DM7E,0.9935
GTEX-YB5E-0008-SM-4VDT7,0.6425
GTEX-OIZH-1626-SM-2HMKI,-0.4131
GTEX-ZTPG-1226-SM-4YCDO,2.3048
GTEX-11P82-1826-SM-5PNYJ,-9.9658
GTEX-S4Q7-0526-SM-4AD5N,0.4447
GTEX-RWS6-1726-SM-47JXP,0.8408
GTEX-ZVZP-2026-SM-57WB3,2.0147
GTEX-13NYS-1926-SM-5IJCB,0.3907
GTEX-Y8E4-0006-SM-4V6EW,2.1734
GTEX-OHPN-0011-R9A-SM-4DXUH,1.7744
GTEX-ZT9X-2026-SM-57WEJ,2.4831
GTEX-X4EO-1726-SM-4QARN,1.9968
GTEX-Y8LW-0926-SM-4VBQ8,3.3321
GTEX-11ONC-1026-SM-5GU64,-3.816
GTEX-WFON-0001-SM-3P61W,0.7233
GTEX-WL46-1226-SM-4OOS4,1.7995
GTEX-UPJH-0226-SM-3GADV,2.3222
GTEX-ZVT3-0008-SM-51MRI,1.1316
GTEX-132QS-0426-SM-5KLZ6,-1.4305
GTEX-XUJ4-0008-SM-4BOQI,1.0983
GTEX-QLQW-0226-SM-447BJ,3.186
GTEX-Z93S-1626-SM-5CVMB,1.9415
GTEX-ZVZQ-0011-R11a-SM-51MS6,1.6045
GTEX-T5JW-0003-SM-3NMAD,1.4388
GTEX-147F4-2526-SM-5NQBB,1.1512
GTEX-S4P3-0726-SM-4AD57,3.6771
GTEX-XXEK-0526-SM-4BRWD,1.6093
GTEX-12WSJ-1726-SM-5LZVV,-0.1187
GTEX-13CF2-0011-R7b-SM-5K7UV,2.9281
GTEX-UTHO-1226-SM-3GAEE,-2.6349
GTEX-13PL6-0011-R6a-SM-5O9C5,0.1257
GTEX-13CF3-1926-SM-5K7WF,2.299
GTEX-ZC5H-1026-SM-5CVN1,3.3703
GTEX-QLQW-0426-SM-447A7,1.3225
GTEX-ZAB5-2326-SM-5IJFR,1.4808
GTEX-13YAN-0426-SM-5O9DR,2.8819
GTEX-13PVR-1826-SM-5Q5CC,2.4279
GTEX-Y5V6-2526-SM-5IFJV,1.7617
GTEX-11NSD-0826-SM-5986S,0.2029
GTEX-Y111-2026-SM-4SOJA,1.5013
GTEX-P4QT-1426-SM-3NMCX,1.614
GTEX-ZZPT-1326-SM-5E43H,-0.9971
GTEX-YJ8A-0426-SM-5IFID,0.9568
GTEX-14ABY-0005-SM-5O99U,1.6964
GTEX-13W3W-0526-SM-5LU3X,2.872
GTEX-11NSD-2026-SM-5HL5U,-1.5951
GTEX-ZQUD-0626-SM-51MR2,2.5561
GTEX-113JC-2226-SM-5EGJG,1.6695
GTEX-139UW-0226-SM-5K7WU,-2.9324
GTEX-13X6I-1826-SM-5SIAO,2.4144
GTEX-1269C-2726-SM-5EGJ4,2.2391
GTEX-Q2AG-0826-SM-2HMKF,2.4171
GTEX-13111-1426-SM-5DUW3,1.9601
GTEX-14753-2926-SM-5LU9J,0.3573
GTEX-11EI6-2826-SM-5H11D,2.299
GTEX-XUZC-0526-SM-4BOPF,1.7744
GTEX-ZAJG-3226-SM-5HL9V,0.7321
GTEX-Z93T-0426-SM-5HL6G,-1.2142
GTEX-XQ8I-1126-SM-4BOO2,1.0007
GTEX-12WSA-0726-SM-5FQU2,-0.7588
GTEX-12584-1026-SM-59HK3,-0.9132
GTEX-11WQC-1826-SM-5GU59,2.3898
GTEX-O5YT-0826-SM-3TW8N,0.9789
GTEX-N7MT-1326-SM-2I3FV,1.334
GTEX-UJHI-1326-SM-4IHJO,1.4281
GTEX-139T6-1826-SM-5KM2E,1.6281
GTEX-R55F-0126-SM-48FCK,2.2573
GTEX-YFC4-0011-R2a-SM-4V6DZ,-0.6193
GTEX-QVJO-0011-R2A-SM-2S1QK,0.3573
GTEX-14A6H-0326-SM-5NQAN,0.044
GTEX-QEG5-0526-SM-2S1PC,2.1574
GTEX-131YS-0011-R9b-SM-5EQLY,1.2209
GTEX-QV31-0426-SM-447C4,0.4761
GTEX-N7MS-0626-SM-2YUN7,-1.3548
GTEX-139D8-0726-SM-5P9GJ,1.3679
GTEX-ZYW4-0526-SM-5GZZ5,-2.7274
GTEX-13OVL-0826-SM-5L3GV,3.795
GTEX-P4PQ-0226-SM-2S1NK,-0.1665
GTEX-Y9LG-0926-SM-4VDS6,0.5955
GTEX-145MG-0011-R3b-SM-5SI67,-1.6394
GTEX-11ZTT-0526-SM-5EQLA,-2.2447
GTEX-OXRO-0011-R2A-SM-3NB1W,1.9638
GTEX-WFG8-1926-SM-4LVM1,1.1833
GTEX-OHPK-0006-SM-2HMKH,0.4865
GTEX-P78B-1826-SM-3P5YX,1.2394
GTEX-NPJ8-0526-SM-3MJHN,1.0363
GTEX-V955-1326-SM-4JBHR,1.0711
GTEX-131YS-1126-SM-5N9FQ,0.7999
GTEX-QVUS-2826-SM-3GADB,0.1648
GTEX-11GSP-0011-R5a-SM-57WBE,2.3953
GTEX-WYJK-0626-SM-4ONCZ,1.1833
GTEX-1399T-1226-SM-5P9J5,4.2488
GTEX-RM2N-0526-SM-2TF4N,1.2992
GTEX-ZLV1-0226-SM-4WWC1,3.2127
GTEX-11GSP-2126-SM-5HL5E,-1.4305
GTEX-11O72-2026-SM-5N9G8,1.8801
GTEX-11DXY-0008-SM-5QGR4,1.4652
GTEX-YFC4-0126-101855-SM-5CVLZ,1.5165
GTEX-ZVT3-0011-R3b-SM-51MTJ,0.5859
GTEX-X4XX-0926-SM-46MV7,0.9935
GTEX-12C56-1126-SM-5FQTO,0.3685
GTEX-Z93S-0011-R11a-SM-4RGNN,1.4335
GTEX-11EM3-1326-SM-5N9C6,1.9564
GTEX-11GS4-3126-SM-5A5LH,1.196
GTEX-13U4I-1126-SM-5LU3S,2.3788
GTEX-12C56-1326-SM-5FQSV,1.692
GTEX-OIZH-0126-SM-2HMIS,2.7679
GTEX-13CF3-1826-SM-5J1NK,2.1247
GTEX-11XUK-0008-SM-5S2WD,2.824
GTEX-1399Q-2826-SM-5IJEZ,2.727
GTEX-XUW1-0626-SM-4BOP4,-0.013
GTEX-WZTO-0008-SM-4PQZZ,2.0535
GTEX-ZZ64-0426-SM-5E43F,-0.4325
GTEX-YFC4-1226-SM-5LU9R,3.2826
GTEX-1314G-0826-SM-5BC6L,1.2516
GTEX-132Q8-0526-SM-5IJBQ,0.2029
GTEX-13FHO-0011-R7b-SM-5LZXD,1.6964
GTEX-WWTW-1326-SM-4MVNT,2.609
GTEX-146FQ-2126-SM-5RQHU,2.5263
GTEX-X4EP-0008-SM-4PQYO,2.6325
GTEX-11TUW-1726-SM-5BC5C,-2.3147
GTEX-ZXES-2026-SM-5NQ6R,3.6018
GTEX-12696-2526-SM-5EQLN,-0.0277
GTEX-SUCS-1026-SM-5CHTC,-9.9658
GTEX-13FHO-3026-SM-5J1O9,0.7321
GTEX-13FHO-1726-SM-5IFGM,2.236
GTEX-T6MN-0326-SM-32PMK,2.7249
GTEX-U3ZN-0926-SM-4DXTU,1.2875
GTEX-Y111-1626-SM-57WCY,2.6715
GTEX-XUJ4-1626-SM-4BONV,1.614
GTEX-W5WG-0008-SM-4KL25,0.9038
GTEX-1269C-2426-SM-5FQSN,1.9377
GTEX-RVPV-0926-SM-47JXU,0.1776
GTEX-Y3I4-1526-SM-4TT7K,0.9343
GTEX-P44G-0011-R2A-SM-2XCD2,0.7058
GTEX-WHSE-0926-SM-3NMBS,-1.8314
GTEX-13RTL-0011-R1a-SM-5PNZ8,-1.2828
GTEX-ZDTS-1026-SM-4WAXS,-0.5332
GTEX-11P7K-1026-SM-5HL6Y,4.2788
GTEX-12WSD-1726-SM-5GCN4,1.6512
GTEX-QV44-1526-SM-4R1KI,2.3135
GTEX-WFJO-0008-SM-4LVN7,0.9038
GTEX-11I78-1226-SM-5A5K6,1.8323
GTEX-11UD2-1126-SM-5EQM6,1.9822
GTEX-ZAB4-0426-SM-5HL7N,-3.3076
GTEX-ZGAY-0326-SM-57WF5,-2.7274
GTEX-ZYFC-0126-SM-5GIEH,4.8997
GTEX-12WSF-0011-R11a-SM-5LZVT,1.787
GTEX-ZF2S-0626-SM-4WKH2,0.7058
GTEX-ZV7C-0126-SM-57WDE,0.434
GTEX-UPIC-1426-SM-4IHLQ,3.9617
GTEX-VUSG-0008-SM-4KL24,-0.5756
GTEX-13IVO-3026-SM-5J2M2,0.2642
GTEX-1399R-2726-SM-5IJBA,2.0254
GTEX-ZYT6-1726-SM-5E44P,-3.6259
GTEX-POMQ-1226-SM-3P61F,-0.1665
GTEX-XBEW-0926-SM-4QASR,0.6239
GTEX-ZVTK-0006-SM-57WBK,-1.0862
GTEX-11TT1-0326-SM-5LUAY,1.0079
GTEX-117YX-1326-SM-5H125,-0.6416
GTEX-12WSN-0006-SM-5NQAP,1.3791
GTEX-W5WG-0002-SM-3NMDN,0.058
GTEX-13PL7-0626-SM-5IJCD,0.4967
GTEX-TKQ2-0006-SM-33HBH,0.1903
GTEX-13112-0011-R6b-SM-5DUVK,2.3251
GTEX-13OVL-0011-R11b-SM-5L3G7,3.1028
GTEX-13VXT-2026-SM-5L3EW,1.3623
GTEX-WYBS-0005-SM-4ONDR,0.9789
GTEX-S4Q7-0826-SM-4AD5E,2.7007
GTEX-ZAJG-3126-SM-5HL9J,0.5069
GTEX-11TUW-0006-SM-5LZW2,0.7832
GTEX-131XH-2226-SM-5DUXJ,3.1669
GTEX-Y8E4-0008-SM-4V6FW,2.1247
GTEX-OHPK-0226-SM-3MJH6,0.8805
GTEX-TML8-0008-SM-4DXUI,-1.8314
GTEX-13OVI-0526-SM-5IFFQ,1.2271
GTEX-14C5O-1726-SM-5RQI9,0.4233
GTEX-13N1W-1026-SM-5IJC5,-1.2828
GTEX-11PRG-0826-SM-5EQ6A,2.3871
GTEX-WVJS-0008-SM-4MVPC,1.2209
GTEX-WK11-1026-SM-4OOS8,4.0162
GTEX-XQ3S-2526-SM-4BOOG,1.9564
GTEX-11XUK-1326-SM-5EQM4,2.8321
GTEX-13FLV-1326-SM-5L3EJ,0.537
GTEX-13D11-2126-SM-5IFH2,0.1648
GTEX-13O3P-0726-SM-5J2OM,-0.1187
GTEX-P44G-0011-R1A-SM-2I3FE,-0.394
GTEX-132NY-2826-SM-5P9G2,2.876
GTEX-X585-2426-SM-46MW2,2.3649
GTEX-1192X-3126-SM-5N9BY,0.1648
GTEX-13N2G-0011-R1b-SM-5MR3G,0.4233
GTEX-11ILO-0006-SM-5LZWE,-0.9971
GTEX-11DXX-1526-SM-5H115,0.1124
GTEX-145MN-1426-SM-5SI9H,0.547
GTEX-ZV68-0011-R6a-SM-51MSR,0.9642
GTEX-ZGAY-0226-SM-4WWAL,-1.5105
GTEX-11DYG-1926-SM-5H12I,0.7999
GTEX-13FXS-0326-SM-5K7TV,-0.5543
GTEX-11EQ9-0526-SM-5A5JZ,-2.3147
GTEX-QVUS-0011-R3A-SM-3GAFD,0.0014
GTEX-OHPN-0011-R9A-SM-2YUMN,1.9638
GTEX-1128S-0126-SM-5H12S,0.8961
GTEX-U3ZN-0826-SM-4DXSZ,2.4465
GTEX-11ZVC-1426-SM-5EGGA,1.7954
GTEX-OHPL-0526-SM-3NM8U,1.4388
GTEX-WHSE-1526-SM-4M1XH,2.2113
GTEX-13SLW-0011-R1a-SM-5S2W7,-0.1504
GTEX-145MO-1326-SM-5Q5EF,0.2642
GTEX-ZXES-1926-SM-5E445,3.5212
GTEX-RWS6-0426-SM-47JXH,-1.3548
GTEX-ZDXO-0226-SM-4WKH7,0.5763
GTEX-N7MT-0011-R7a-SM-2I3FZ,3.6359
GTEX-13IVO-0011-R8a-SM-5L3DY,-0.0725
GTEX-Q2AG-0011-R11A-SM-2HMKZ,1.6649
GTEX-Y8E5-0008-SM-57WBA,0.8568
GTEX-WOFL-0726-SM-3MJG4,-0.0425
GTEX-144GL-0011-R5b-SM-5PNUJ,0.8883
GTEX-XPVG-0326-SM-4B653,0.4865
GTEX-UPIC-0926-SM-4IHLV,0.8327
GTEX-144GO-1326-SM-5Q5EL,3.1876
GTEX-ZV6S-2026-SM-5NQ8P,0.6699
GTEX-ZVT4-0626-SM-5E45T,0.2642
GTEX-144GL-0426-SM-5QGOZ,1.8363
GTEX-ZVTK-0826-SM-5GZXI,1.595
GTEX-14BIM-0426-SM-5SI9N,2.1378
GTEX-ZYT6-0826-SM-5E43I,-0.5543
GTEX-1314G-1826-SM-5LZVA,0.3346
GTEX-OIZH-0626-SM-3NB1L,1.9073
GTEX-14E6C-0005-SM-5O98N,0.3907
GTEX-PLZ6-1226-SM-3P5ZS,0.7233
GTEX-13CF2-2426-SM-5LZYL,2.8916
GTEX-T2YK-0008-SM-4DM6M,1.0573
GTEX-11P82-1126-SM-5BC5K,0.537
GTEX-WYJK-1526-SM-4ONCW,-1.8836
GTEX-13X6K-2126-SM-5O9D4,3.4116
GTEX-WHPG-2626-SM-3NMBR,1.6466
GTEX-ZPU1-0008-SM-4E3IR,1.0222
GTEX-144GN-1626-SM-5Q5BU,2.5388
GTEX-12WSK-0726-SM-5LZUV,0.044
GTEX-132QS-0126-SM-5IFH9,1.9638
GTEX-PLZ5-0826-SM-3P5ZW,1.1897
GTEX-WOFM-0726-SM-3MJF8,1.6649
GTEX-POYW-0426-SM-2XCEV,4.3944
GTEX-144GL-0011-R3a-SM-5P9HP,0.3346
GTEX-XV7Q-1526-SM-4BRWB,1.7097
GTEX-14BIN-0005-SM-5N9FE,-0.4719
GTEX-1211K-2426-SM-59HL8,0.1903
GTEX-R55E-0011-R9A-SM-2TC6C,1.5316
GTEX-13IVO-0426-SM-5LZY7,0.9191
GTEX-13X6J-0011-R11a-SM-5P9HE,1.736
GTEX-R55F-1226-SM-2TF59,1.7053
GTEX-11EQ9-0006-SM-5LUB6,0.7493
GTEX-QEL4-0526-SM-3GIJ4,2.5137
GTEX-XOT4-0426-SM-4B66T,-1.8314
GTEX-11EI6-0226-SM-5EQ64,1.6649
GTEX-14C5O-1426-SM-5RQI8,0.5568
GTEX-REY6-1126-SM-48FDU,-0.0574
GTEX-WI4N-1126-SM-3LK7Q,0.7832
GTEX-XYKS-0226-SM-4BRW3,0.0158
GTEX-X4XY-1726-SM-46MVO,2.5363
GTEX-ZTPG-0326-SM-5O9AX,3.6136
GTEX-ZF2S-0008-SM-4E3IK,2.4831
GTEX-13CZV-0011-R11b-SM-5N9FN,1.3051
GTEX-WQUQ-1626-SM-4OOSH,2.7763
GTEX-144GO-0011-R5a-SM-5PNUR,2.791
GTEX-11NV4-1726-SM-5N9FC,3.3421
GTEX-N7MT-0011-R3a-SM-2I3GC,3.3032
GTEX-ZVT3-2126-SM-59HL2,-0.8084
GTEX-XYKS-1626-SM-4BRUQ,1.9749
GTEX-SIU7-1426-SM-4BRWT,3.4291
GTEX-132Q8-0011-R10b-SM-5DUWZ,0.8961
GTEX-13PL6-0011-R9b-SM-5O9CH,0.0014
GTEX-ZVP2-1726-SM-5GU5P,3.0619
GTEX-139T6-0526-SM-5IJC9,0.8883
GTEX-YFC4-2626-SM-5P9FQ,0.2881
GTEX-WYVS-1726-SM-3NMAY,2.9655
GTEX-11NV4-0326-SM-5HL58,-1.7322
GTEX-12WSA-0326-SM-5BC6I,0.8883
GTEX-Y3IK-1626-SM-4YCF5,3.4739
GTEX-13NZA-0326-SM-5J1MK,3.6277
GTEX-Y3I4-2026-SM-4TT6Z,2.9356
GTEX-ZYVF-1726-SM-5E443,1.46
GTEX-WH7G-2626-SM-3NMBE,2.5061
GTEX-S341-0126-SM-4AD64,2.6138
GTEX-XOT4-0326-SM-4B66S,1.7009
GTEX-WFON-2326-SM-3LK7M,-1.1172
GTEX-1192X-0726-SM-5987R,-5.0116
GTEX-XPT6-2026-SM-4B64V,0.8647
GTEX-QMR6-0011-R11A-SM-32PKK,-0.1504
GTEX-WK11-0006-SM-3NB3J,2.0569
GTEX-ZAK1-2326-SM-5CVMY,1.2394
GTEX-ZVZQ-0826-SM-51MRF,1.5709
GTEX-WY7C-1826-SM-4ONCE,1.6558
GTEX-11P82-0426-SM-5HL5D,-0.7834
GTEX-13PL7-2026-SM-5IFGK,2.0076
GTEX-1128S-2126-SM-5H12U,0.346
GTEX-QV44-1126-SM-4R1KO,2.872
GTEX-13NZ9-1326-SM-5MR3V,0.4761
GTEX-14C39-2426-SM-5S2U5,-1.3921
GTEX-111YS-1826-SM-5GIEP,-0.2498
GTEX-ZDYS-2226-SM-5S2MI,-0.0425
GTEX-W5X1-0001-SM-3P61V,2.1798
GTEX-145MH-2826-SM-5RQJF,2.1147
GTEX-PWOO-0526-SM-2S1Q3,-3.458
GTEX-13W46-0726-SM-5LU3Z,-5.0116
GTEX-R53T-0008-SM-48FEW,0.7058
GTEX-XPT6-1626-SM-4B655,3.0927
GTEX-ZDXO-0011-R8a-SM-4WWD7,0.4016
GTEX-14B4R-0526-SM-5QGQT,1.5758
GTEX-11EMC-3226-SM-5EGKW,-0.5543
GTEX-13OVJ-1426-SM-5K7Z2,0.0158
GTEX-SIU7-1726-SM-2XCDZ,3.551
GTEX-ZQG8-1526-SM-5HL65,-0.8863
GTEX-P44G-0011-R3A-SM-2I3FC,0.7916
GTEX-12ZZW-0011-R10b-SM-5HL9X,-0.8599
GTEX-S7SF-0526-SM-3K2BC,0.434
GTEX-13111-0926-SM-5DUVQ,0.537
GTEX-12WSE-0011-R6b-SM-5LZV5,1.4388
GTEX-13D11-0726-SM-5LZZB,0.4761
GTEX-113JC-2726-SM-5EGIS,-1.7322
GTEX-ZYFG-1826-SM-5GZWX,1.4011
GTEX-OOBK-0625-SM-3LK5P,1.8484
GTEX-O5YW-0526-SM-2YUMX,-1.2481
GTEX-13FHP-0011-R1b-SM-5K7XL,0.2029
GTEX-WOFM-1326-SM-3MJFR,0.2642
GTEX-11EMC-1726-SM-5H11P,1.2815
GTEX-XMD1-0011-R10A-SM-4AT4A,1.0847
GTEX-ZDYS-2526-SM-4WKGU,0.1648
GTEX-146FQ-0926-SM-5LUAV,0.8327
GTEX-X5EB-1126-SM-46MVV,1.334
GTEX-12WSK-1326-SM-5CVNM,0.0854
GTEX-N7MT-1926-SM-3LK5N,3.5766
GTEX-UJMC-0008-SM-4IHKK,-1.9942
GTEX-OIZH-0326-SM-2HMKC,-1.2142
GTEX-ZC5H-0005-SM-4WAXM,-0.3022
GTEX-ZT9X-1526-SM-5DUXD,2.8076
GTEX-YB5K-0426-SM-5LUA4,1.196
GTEX-11TT1-0526-SM-5P9JO,1.2934
GTEX-12WSJ-0526-SM-5GCOZ,2.7594
GTEX-PWN1-0126-SM-2I3FK,2.7721
GTEX-12WSD-0011-R3b-SM-5LZWN,-1.2142
GTEX-1445S-1126-SM-5QGOW,1.2394
GTEX-14C38-2126-SM-5RQJO,2.7292
GTEX-WZTO-0011-R8A-SM-4E3II,2.7889
GTEX-145LT-1926-SM-5QGP5,2.108
GTEX-13FTY-0626-SM-5L3F8,3.8993
GTEX-XXEK-1726-SM-4BRVB,1.6785
GTEX-ZPU1-0526-SM-4YCDA,0.8488
GTEX-Y3IK-2426-SM-4WWDU,3.7475
GTEX-SNOS-1026-SM-4DM4Y,1.334
GTEX-ZF29-1726-SM-4WKFV,0.044
GTEX-YFCO-1926-SM-4W212,-0.9971
GTEX-13CF3-0726-SM-5J2MY,2.409
GTEX-139UC-1426-SM-5IJGH,-0.0574
GTEX-146FQ-1926-SM-5NQBY,2.1734
GTEX-Y8E4-1326-SM-5IFIY,2.1378
GTEX-PLZ5-1626-SM-3NB21,2.4597
GTEX-ZGAY-0926-SM-4WWBQ,-0.3383
GTEX-13FXS-0011-R9a-SM-5K7UI,1.1641
GTEX-12KS4-1326-SM-5LUB3,-3.1714
GTEX-13O3Q-0011-R10b-SM-5KM39,-0.0574
GTEX-131YS-0011-R4a-SM-5DUVL,0.1257
GTEX-13N2G-0011-R10a-SM-5MR34,0.2154
GTEX-ZYFC-0826-SM-5E44K,2.9655
GTEX-WOFL-0006-SM-3TW8K,-3.1714
GTEX-145ME-0426-SM-5S2QP,1.1577
GTEX-S33H-0826-SM-4AD5Y,2.1147
GTEX-14DAQ-1326-SM-5RQIM,-1.2481
GTEX-13OW8-0011-R6b-SM-5L3I3,1.7786
GTEX-13FLV-0011-R4a-SM-5LZYU,-0.1828
GTEX-ZVZQ-0011-R10b-SM-51MRT,0.5666
GTEX-11WQK-1826-SM-5EQM2,0.9789
GTEX-144GN-2126-SM-5O99D,1.9452
GTEX-QMRM-1726-SM-2S1QG,2.4171
GTEX-QMRM-1626-SM-4R1KV,2.1988
GTEX-145ME-0526-SM-5QGQV,1.949
GTEX-OXRO-0126-SM-2YUN4,3.1572
GTEX-ZYWO-2526-SM-5GIDM,0.9642
GTEX-13O3P-0826-SM-5L3DH,0.7233
GTEX-U3ZG-0008-SM-47JWL,0.7493
GTEX-11WQK-0226-SM-5EQLI,-0.9971
GTEX-131XH-0011-R1a-SM-5DUWA,2.2931
GTEX-1212Z-2026-SM-5N9EA,2.4144
GTEX-ZAB4-1826-SM-5HL8O,0.346
GTEX-S32W-0626-SM-2XCBG,-4.035
GTEX-ZA64-2026-SM-5PNXT,3.1045
GTEX-WYBS-0626-SM-3NMAS,3.8085
GTEX-N7MS-0008-SM-4E3JI,0.0854
GTEX-P4PP-1526-SM-3P61M,1.6187
GTEX-12696-1726-SM-5EQLH,-1.8314
GTEX-145MH-0426-SM-5LU8T,1.7489
GTEX-ZLWG-0126-SM-4WWC5,1.3791
GTEX-14753-1626-SM-5NQ9L,-3.0469
GTEX-P44H-0011-R10A-SM-2XCEK,1.692
GTEX-ZDYS-0926-SM-4WWCS,-0.4521
GTEX-XMK1-0001-SM-4B64F,-0.1665
GTEX-13OW7-0011-R4b-SM-5O9CX,0.5955
GTEX-146FQ-1726-SM-5QGPX,2.4035
GTEX-YEC3-2126-SM-5CVLR,-2.114
GTEX-14BIL-2426-SM-5QGQR,1.6234
GTEX-13OVH-0011-R6b-SM-5LUAX,2.3019
GTEX-P4QS-0005-SM-2I3EY,-2.3884
GTEX-13NYS-0011-R9b-SM-5MR44,1.5366
GTEX-RU72-0011-R10A-SM-2TF6D,-1.3548
GTEX-12BJ1-0926-SM-5EQ62,1.7617
GTEX-13OVJ-2826-SM-5L3GW,0.9642
GTEX-13JUV-2426-SM-5J1NS,0.5568
GTEX-11GSO-3026-SM-5Q5AL,0.3796
GTEX-147F3-0826-SM-5NQA7,2.7763
GTEX-WHSE-0011-R1A-SM-3P5ZK,0.8327
GTEX-13RTJ-2126-SM-5S2PZ,0.8726
GTEX-YJ8O-0326-SM-5RQJW,1.5661
GTEX-WFG7-0008-SM-4LMKB,0.8961
GTEX-REY6-0005-SM-2TF54,-2.1779
GTEX-13OVJ-0426-SM-5L3GX,-0.1828
GTEX-OOBK-2025-SM-3LK5S,1.5806
GTEX-T6MN-0011-R4A-SM-5CHSD,-9.9658
GTEX-ZG7Y-0126-SM-4WWEX,-0.4131
GTEX-QCQG-1426-SM-48U22,2.1313
GTEX-117YX-0726-SM-5GIET,-0.2159
GTEX-11P7K-1326-SM-5BC5G,2.0604
GTEX-ZUA1-3026-SM-59HJC,0.9268
GTEX-ZP4G-0426-SM-4YCER,0.679
GTEX-147JS-1326-SM-5SI6D,0.346
GTEX-R55D-0008-SM-48FEV,1.4808
GTEX-RU72-0826-SM-46MUS,-0.2671
GTEX-WOFL-0626-SM-3MJG3,-0.7346
GTEX-NL3G-2526-SM-4SOIE,2.1047
GTEX-ZEX8-1626-SM-4WKG7,0.7058
GTEX-X8HC-1326-SM-46MWB,3.4778
GTEX-11XUK-0926-SM-5EQL3,2.8341
GTEX-12ZZY-0626-SM-5EQ5T,3.0323
GTEX-ZQUD-0326-SM-4YCEN,0.2029
GTEX-13OW5-1126-SM-5J1NR,-1.4305
GTEX-11GSP-0011-R8b-SM-5NQ79,-0.2498
GTEX-11EQ9-1426-SM-5987G,-1.0262
GTEX-13NZ9-0926-SM-5KM12,0.1648
GTEX-YJ89-0011-R2b-SM-4RGLT,-0.1345
GTEX-Q2AH-0008-SM-48U2J,0.8805
GTEX-Q2AG-0011-R10A-SM-2HMLA,0.5859
GTEX-YECK-1226-SM-4W21G,0.2154
GTEX-11WQC-0726-SM-5EQMR,-2.3884
GTEX-PWN1-0726-SM-48TDR,1.3397
GTEX-ZVT4-2626-SM-5N9GJ,2.753
GTEX-13112-2126-SM-5GCO4,1.9111
GTEX-UPJH-0526-SM-4IHK8,-9.9658
GTEX-OHPK-2526-SM-3MJH9,2.3222
GTEX-111YS-0126-SM-5987T,1.934
GTEX-131XE-0426-SM-5IJF4,3.1179
GTEX-Y8DK-0008-SM-4RGM2,1.5806
GTEX-12126-0626-SM-5Q5AQ,2.8602
GTEX-WHSB-0726-SM-4M1XQ,0.8408
GTEX-PSDG-1126-SM-2S1ON,-0.5543
GTEX-YB5E-1726-SM-5IFJ3,-0.8339
GTEX-RVPV-0226-SM-2TF6W,1.125
GTEX-WYVS-0126-SM-4ONDH,2.0111
GTEX-U8XE-2526-SM-4E3IT,0.8164
GTEX-12WSJ-0926-SM-5P9JD,0.7146
GTEX-1192W-0008-SM-5QGRE,0.8082
GTEX-ZV6S-0003-SM-4YCCT,1.1184
GTEX-P4PP-0008-SM-48TDV,0.5666
GTEX-SNOS-1126-SM-4DM67,1.5806
GTEX-WL46-0011-R5A-SM-3LK6V,1.2147
GTEX-ZAB5-0526-SM-5CVMU,0.0014
GTEX-ZA64-0126-SM-5HL8Z,3.6207
GTEX-11VI4-0001-SM-5S2OI,1.2934
GTEX-145LT-0126-SM-5S2QJ,2.0465
GTEX-12WSC-1726-SM-5GCN3,1.1316
GTEX-YB5K-0626-SM-5LUB5,-0.6193
GTEX-145MG-0011-R7b-SM-5P9JY,1.3283
GTEX-13FHP-1526-SM-5IJGE,2.3222
GTEX-111FC-1026-SM-5GZX1,1.5064
GTEX-11NUK-0126-SM-5A5L3,2.1606
GTEX-RNOR-0126-SM-2TF57,2.0742
GTEX-11DXY-0326-SM-5H12F,1.6695
GTEX-NFK9-0626-SM-2HMIV,1.7097
GTEX-ZDYS-1026-SM-4WKHC,1.2147
GTEX-111CU-1526-SM-5N9FS,0.2522
GTEX-145ME-2226-SM-5S2VY,0.9493
GTEX-13113-0126-SM-5LZVX,3.1062
GTEX-ZVZP-1426-SM-5NQ7R,3.5923
GTEX-144GL-2026-SM-5LU3O,0.7321
GTEX-QEL4-0008-SM-447AZ,1.2147
GTEX-OIZI-0008-SM-2XCFD,-0.8084
GTEX-X4EP-0011-R9B-SM-4QASI,3.492
GTEX-13112-2926-SM-5DUWT,1.5709
GTEX-ZV7C-0326-SM-57WB1,-0.7108
GTEX-TSE9-0011-R7A-SM-5CHS2,-9.9658
GTEX-11DXZ-2626-SM-59882,1.4962
GTEX-VJYA-1526-SM-3GIJV,1.2085
GTEX-11P82-1726-SM-5Q5AT,-0.9686
GTEX-145ME-2126-SM-5SIAH,1.0915
GTEX-13111-1226-SM-5GCNC,1.5806
GTEX-13PDP-0326-SM-5K7XP,0.8883
GTEX-13S86-0726-SM-5Q5DH,-0.013
GTEX-13JUV-0626-SM-5J1MQ,-0.2498
GTEX-POYW-1226-SM-5LZWQ,3.4945
GTEX-ZTSS-2026-SM-5987K,0.9642
GTEX-WVJS-2726-SM-4MVNU,1.3846
GTEX-11WQC-0011-R7b-SM-5BC7A,-0.0877
GTEX-139T4-0126-SM-5HL5G,0.4761
GTEX-T6MO-1026-SM-4DM72,-0.5332
GTEX-QESD-1726-SM-2S1R7,0.9493
GTEX-ZVT2-2226-SM-5NQ6P,0.9419
GTEX-13D11-2526-SM-5KM28,-9.9658
GTEX-X8HC-2726-SM-46MUA,3.7909
GTEX-139YR-0826-SM-5LZXY,-3.458
GTEX-12ZZZ-0011-R7b-SM-5EGLE,1.2992
GTEX-113JC-0726-SM-5GZZR,-0.5543
GTEX-13RTL-0011-R3a-SM-5P9JP,-1.0862
GTEX-P4QT-2026-SM-3NMCJ,0.6332
GTEX-13FHO-0011-R11b-SM-5LZYQ,0.2522
GTEX-ZYWO-2326-SM-5GZY4,1.4174
GTEX-1192X-2526-SM-59868,1.2576
GTEX-1314G-1726-SM-5LZUX,-4.6082
GTEX-RWS6-1326-SM-47JXB,1.8036
GTEX-11VI4-0526-SM-5EQ48,0.9191
GTEX-139T8-0226-SM-5L3EA,1.7273
GTEX-132NY-2026-SM-5L3FM,2.0395
GTEX-11ZUS-1426-SM-5FQSP,-1.9942
GTEX-ZYFC-2226-SM-5NQ96,3.0927
GTEX-11P7K-0426-SM-5BC5H,2.2633
GTEX-13VXU-3126-SM-5SIA4,1.5266
GTEX-XV7Q-2426-SM-4BRV8,1.1316
GTEX-13CF3-1126-SM-5LZXB,2.7205
GTEX-Q2AG-0011-R5A-SM-2HMJH,2.3423
GTEX-U8T8-0008-SM-4DXSP,0.3346
GTEX-WFON-1626-SM-4LVMV,1.8036
GTEX-13FHO-0326-SM-5IJBH,1.0779
GTEX-13OVH-0011-R8b-SM-5MR35,2.233
GTEX-147GR-0011-R6b-SM-5S2RO,3.0002
GTEX-ZYY3-2926-SM-5GIEB,2.4571
GTEX-117YX-2526-SM-5EQ4Q,-2.9324
GTEX-ZYY3-0526-SM-5E45G,0.5568
GTEX-O5YV-2026-SM-26GMK,1.0293
GTEX-XBEW-1926-SM-4SOJO,0.5955
GTEX-YF7O-1626-SM-5IFII,0.7579
GTEX-ZVTK-0003-SM-51MRV,1.9786
GTEX-R55E-0326-SM-48FD2,0.434
GTEX-12WSN-2326-SM-5DUVG,3.3047
GTEX-Q734-2026-SM-3GADA,0.1124
GTEX-132Q8-0011-R5a-SM-5IJDM,2.6043
GTEX-OHPK-2426-SM-3MJGH,0.7999
GTEX-13QBU-0726-SM-5J2OA,-0.7834
GTEX-WZTO-0011-R5B-SM-3NMC5,2.8502
GTEX-11ONC-0011-R1a-SM-57WD4,-1.2481
GTEX-13CF3-1326-SM-5LZXZ,3.6451
GTEX-1399S-2226-SM-5IFEW,-0.0425
GTEX-WRHK-0426-SM-4MVOG,1.1117
GTEX-139D8-1126-SM-5LU8W,3.0706
GTEX-14BIN-0011-R10a-SM-5S2UA,-0.2845
GTEX-PLZ5-2026-SM-2S1O4,2.1894
GTEX-13O3P-1326-SM-5K7Y8,0.3573
GTEX-11I78-0001-SM-5Q5BE,0.5955
GTEX-QV31-0626-SM-447C5,-0.3201
GTEX-X15G-1026-SM-4PQZF,3.8044
GTEX-ZVE2-0526-SM-5GU7E,-0.4521
GTEX-T2IS-0011-R6A-SM-32QP2,3.5035
GTEX-1339X-0526-SM-5KLYW,1.2576
GTEX-11WQK-2226-SM-5CVL7,0.044
GTEX-131XF-1026-SM-5BC6A,3.1701
GTEX-131XG-1526-SM-5GCNQ,-0.0877
GTEX-144GL-0011-R8a-SM-5Q5B1,-0.5543
GTEX-X8HC-0226-SM-4E3K1,2.9319
GTEX-13QIC-3026-SM-5LU58,2.296
GTEX-TSE9-2226-SM-4DXUR,2.5163
GTEX-X4EP-0526-SM-3P5YW,3.242
GTEX-QCQG-2026-SM-2S1PH,2.7095
GTEX-ZGAY-2126-SM-4YCFB,0.8488
GTEX-SNMC-0626-SM-4DM6H,1.2333
GTEX-1313W-0011-R10b-SM-5DUXA,0.03
GTEX-145MN-0626-SM-5QGRH,-3.0469
GTEX-12ZZX-0426-SM-5DUVT,2.8522
GTEX-12WSL-2526-SM-5GCNJ,2.0325
GTEX-XBED-1126-SM-48TCF,-1.5522
GTEX-13YAN-1526-SM-5LU3E,3.2343
GTEX-13W46-0926-SM-5LU3T,-0.3383
GTEX-RUSQ-0626-SM-2TF5V,3.2959
GTEX-12WSH-0005-SM-5NQ9P,0.058
GTEX-XUJ4-1926-SM-4BOOV,1.9564
GTEX-146FQ-1526-SM-5Q5CX,1.2271
GTEX-ZZ64-0326-SM-5E45S,1.0503
GTEX-XGQ4-2626-SM-4AT6B,-0.013
GTEX-12WSG-0826-SM-5EQ5A,-0.6193
GTEX-11NV4-0005-SM-5N9EX,0.3685
GTEX-YFC4-0011-R9a-SM-4SOK4,0.688
GTEX-13O3Q-2926-SM-5KM45,-0.9686
GTEX-YB5E-0001-SM-4VDSV,-1.2142
GTEX-13NYC-0626-SM-5K7U8,1.4911
GTEX-13OVL-1326-SM-5IJCZ,3.5436
GTEX-12WSD-2926-SM-5LZUH,0.0158
GTEX-12WSA-1426-SM-5EGJU,3.1344
GTEX-XMK1-1826-SM-4B66F,-0.4325
GTEX-13FTW-0126-SM-5IJED,1.3901
GTEX-S33H-0526-SM-5SI83,-3.6259
GTEX-V955-0326-SM-4JBGV,0.2762
GTEX-11DXW-0326-SM-5H11W,1.0642
GTEX-1399U-0826-SM-5KM1P,-0.7346
GTEX-14A6H-0526-SM-5NQAZ,1.5115
GTEX-13N11-1026-SM-5K7XQ,1.125
GTEX-ZQUD-0426-SM-57WFR,1.5563
GTEX-14BMV-2226-SM-5RQHX,0.7058
GTEX-NPJ8-0626-SM-48TBO,0.9419
GTEX-12126-0011-R9b-SM-5BC6P,1.5013
GTEX-Y5V6-2226-SM-4VDTC,2.2019
GTEX-11NSD-1826-SM-5N9CF,0.6145
GTEX-132Q8-1126-SM-5K7XS,-0.7346
GTEX-ZY6K-0626-SM-59HJL,1.8323
GTEX-ZXG5-0011-R5b-SM-57WBN,1.0779
GTEX-13CIG-0006-SM-5P9HF,-0.5332
GTEX-11DZ1-0426-SM-5H11A,1.4441
GTEX-13FHO-0426-SM-5L3F5,1.9859
GTEX-WFG8-0826-SM-5CHQY,-9.9658
GTEX-145LT-1626-SM-5O992,-1.4305
GTEX-13PL7-2226-SM-5L3IC,1.7532
GTEX-11P81-2126-SM-5HL6N,2.7401
GTEX-13W3W-0426-SM-5SI9D,2.876
GTEX-11DYG-0008-SM-5QGR5,0.3685
GTEX-12WSD-1626-SM-5GCNR,0.7748
GTEX-14C38-1226-SM-5S2UK,1.7617
GTEX-XBED-2426-SM-4AT4O,-0.5973
GTEX-OXRL-1626-SM-2YUMU,-2.8262
GTEX-13N1W-0626-SM-5MR4U,-1.4305
GTEX-OIZG-1526-SM-2YUNG,-1.8836
GTEX-R55C-1726-SM-3GADJ,2.3677
GTEX-13OW7-0011-R1b-SM-5L3HF,0.9343
GTEX-11ZTS-2626-SM-5EGIC,2.328
GTEX-1477Z-2226-SM-5QGPG,1.4281
GTEX-11NSD-1126-SM-5N9BQ,2.0569
GTEX-13JUV-2026-SM-5K7UA,1.9264
GTEX-1313W-0126-SM-5LZUN,2.7161
GTEX-PWN1-0006-SM-2S1NG,1.4281
GTEX-12WSC-3126-SM-5GCNB,0.0014
GTEX-13FHP-1626-SM-5N9FK,2.183
GTEX-13112-0011-R5b-SM-5DUV8,0.605
GTEX-11XUK-1726-SM-5GU61,3.0056
GTEX-T6MN-0011-R6A-SM-32QP8,2.7139
GTEX-13X6H-1726-SM-5Q5EH,-0.1993
GTEX-14DAR-2126-SM-5RQID,-2.2447
GTEX-NFK9-0126-SM-3LK5H,4.6154
GTEX-Y3I4-0926-SM-4TT2B,1.0711
GTEX-12584-0011-R6a-SM-5NQ7C,0.9789
GTEX-WVLH-2626-SM-4MVNV,2.8462
GTEX-ZZPU-2626-SM-5E45Y,2.7139
GTEX-13PDP-2926-SM-5N9E8,0.5271
GTEX-ZT9W-0726-SM-4YCDC,1.1833
GTEX-11LCK-1426-SM-5HL5R,4.2427
GTEX-ZG7Y-1326-SM-4WWBL,0.4761
GTEX-OXRK-0426-SM-2YUMT,3.5387
GTEX-ZZPT-0226-SM-5E43X,1.2696
GTEX-13O1R-0426-SM-5K7WG,0.2881
GTEX-ZE9C-0011-R5a-SM-5EGLO,1.5165
GTEX-ZVZP-0008-SM-51MSX,2.4465
GTEX-WHSB-1026-SM-4M1XN,0.4233
GTEX-14BIN-2726-SM-5RQIE,1.766
GTEX-11ZVC-2126-SM-5EGJ1,1.614
GTEX-ZTX8-1226-SM-4YCE9,1.9675
GTEX-139UC-0011-R3b-SM-5K7VZ,0.1903
GTEX-12WSI-0826-SM-5EGKD,0.7579
GTEX-ZAK1-1826-SM-5HL93,1.0293
GTEX-11P81-0726-SM-5PNYH,1.3956
GTEX-12WSL-1826-SM-5LZW9,0.0718
GTEX-Y114-0002-SM-4TT78,1.334
GTEX-ZDYS-2126-SM-5S2OD,0.7321
GTEX-SE5C-2126-SM-4BRUJ,1.7009
GTEX-OXRO-1226-SM-48TDL,4.034
GTEX-U412-0326-SM-5BC7E,1.1577
GTEX-111VG-0526-SM-5N9BW,2.982
GTEX-X4XY-1626-SM-46MVN,-0.2159
GTEX-12WSC-0011-R10a-SM-5GU57,0.0718
GTEX-145ME-1326-SM-5O98Q,1.177
GTEX-ZGAY-1126-SM-4WWBS,1.9859
GTEX-11DXY-2026-SM-5N9CZ,1.46
GTEX-ZQUD-1726-SM-51MRQ,-1.1172
GTEX-13O21-0326-SM-5J1N9,-1.6394
GTEX-ZAB4-2426-SM-5HL8A,0.7832
GTEX-ZP4G-2426-SM-57WEY,2.5536
GTEX-XBEW-0526-SM-4QASO,0.1903
GTEX-XQ8I-2026-SM-4BOOL,0.5955
GTEX-VJYA-0526-SM-4KL1R,1.5266
GTEX-ZPIC-2626-SM-57WE2,-1.1811
GTEX-YJ8O-2226-SM-5IFHW,1.2636
GTEX-13PVR-0126-SM-5S2PY,0.2998
GTEX-14BMU-1026-SM-5RQJ5,0.03
GTEX-OHPN-2826-SM-3LK67,1.5806
GTEX-1192W-3026-SM-5GZZV,1.2023
GTEX-139T6-2026-SM-5IFFL,0.0158
GTEX-WRHK-0008-SM-4MVPA,1.614
GTEX-13OW8-0226-SM-5K7UP,0.6145
GTEX-117XS-3126-SM-5GIDP,0.0014
GTEX-1192X-0005-SM-5NQC3,-3.1714
GTEX-139TT-0006-SM-5O9CG,-1.3548
GTEX-QCQG-2126-SM-2S1P8,-0.3201
GTEX-14BIL-0326-SM-5SI9Q,-2.8262
GTEX-14A5I-0326-SM-5NQ9J,-0.8339
GTEX-ZVE2-0006-SM-51MRW,-2.2447
GTEX-111YS-0626-SM-5GZXV,1.4441
GTEX-13PDP-0726-SM-5L3HP,2.4701
GTEX-Y114-1526-SM-4TT79,2.5036
GTEX-X5EB-1026-SM-46MVU,-0.2845
GTEX-XOTO-0011-R8A-SM-4B65J,-0.2845
GTEX-11P81-0326-SM-5HL6B,0.5763
GTEX-ZA64-0326-SM-5HL8T,3.2826
GTEX-13OVG-1426-SM-5K7VP,-1.0559
GTEX-Y3IK-1826-SM-4WWDS,2.6895
GTEX-WH7G-0002-SM-4LVN9,0.099
GTEX-11H98-0011-R10b-SM-5NQ98,0.3573
GTEX-11P81-1126-SM-5GU5G,0.7493
GTEX-S4Z8-1226-SM-4AD6W,0.5069
GTEX-OHPJ-1626-SM-2HMKO,-1.685
GTEX-13O3O-0526-SM-5J1NL,-1.7322
GTEX-Y5LM-1926-SM-5RQJH,1.4065
GTEX-ZDXO-0006-SM-4WKGF,0.2277
GTEX-YJ89-1526-SM-5P9IR,2.4063
GTEX-11OF3-0011-R7a-SM-57WCG,1.7446
GTEX-S32W-1226-SM-4AD67,0.7058
GTEX-13FXS-1126-SM-5IJBB,1.7489
GTEX-14ASI-3026-SM-5S2PN,0.1903
GTEX-WH7G-2226-SM-3NMBN,0.517
GTEX-Y9LG-0006-SM-4VBRK,-2.4659
GTEX-ZVP2-0226-SM-57WBD,3.4061
GTEX-11VI4-2026-SM-5CVLJ,-2.7274
GTEX-11TUW-2026-SM-5EQL8,-0.3383
GTEX-131XW-0326-SM-5KM1J,2.7636
GTEX-P4QS-0326-SM-2I3EU,-0.5973
GTEX-NPJ8-2626-SM-26GMI,2.2723
GTEX-Y114-2026-SM-4TT7L,2.4675
GTEX-WFG8-0426-SM-3GILD,0.0718
GTEX-13X6I-1426-SM-5SI9Z,0.1257
GTEX-ZC5H-0626-SM-5LU9K,2.7249
GTEX-XOTO-0426-SM-4B66A,-1.1811
GTEX-148VJ-2426-SM-5NQ9Y,0.2642
GTEX-11I78-2626-SM-5Q5AI,2.0325
GTEX-13OW8-0426-SM-5J2NR,1.7489
GTEX-13NYB-1826-SM-5J1N3,1.0151
GTEX-11I78-2026-SM-5987C,2.6418
GTEX-13CIG-0011-R9a-SM-5K7VU,-0.5332
GTEX-111FC-0526-SM-5GZZ8,2.7205
GTEX-X4EO-0426-SM-4QASA,1.0079
GTEX-WWYW-0011-R1A-SM-3TW8G,1.4011
GTEX-X638-0226-SM-47JZ9,0.605
GTEX-NL4W-0011-R6a-SM-2I3GA,1.8643
GTEX-NPJ7-0011-R10A-SM-2I3E5,1.0503
GTEX-13NYB-0011-R7a-SM-5MR5D,1.7185
GTEX-YJ89-1926-SM-5IFJ6,1.7995
GTEX-RNOR-0326-SM-2TF51,1.4441
GTEX-139T6-0006-SM-5LU92,0.8327
GTEX-11DXX-1926-SM-5EGJK,-0.6416
GTEX-13FLW-0011-R8b-SM-5J1MZ,2.0218
GTEX-QXCU-0126-SM-2TC5Q,1.8762
GTEX-Q2AG-0011-R8A-SM-2HMK5,0.7233
GTEX-PW2O-1426-SM-48TCD,1.4228
GTEX-111CU-2226-SM-5N9G5,0.8647
GTEX-XUW1-0005-SM-4BOQ7,-0.2845
GTEX-13X6K-0011-R3b-SM-5PNUD,2.9432
GTEX-WFON-0005-SM-3NMC9,-0.394
GTEX-VJYA-1926-SM-3GIJJ,-9.9658
GTEX-XAJ8-0826-SM-47JY6,3.5754
GTEX-ZF29-1026-SM-4WKGC,0.1648
GTEX-ZAB5-2426-SM-5CVMW,0.8164
GTEX-1399U-0626-SM-5J1NZ,1.5064
GTEX-147F4-1326-SM-5LU9V,0.8647
GTEX-ZZ64-0826-SM-5E449,1.2023
GTEX-111CU-1726-SM-5EGHM,1.105
GTEX-13U4I-2226-SM-5LU5H,2.2693
GTEX-S7PM-0126-SM-4AD6S,2.5338
GTEX-RN64-1826-SM-48FDV,-3.3076
GTEX-13OW6-2426-SM-5K7WO,0.6699
GTEX-144GO-0226-SM-5LUB1,2.328
GTEX-P4QS-1626-SM-2S1NH,-9.9658
GTEX-O5YT-0226-SM-32PK5,0.0718
GTEX-1128S-2326-SM-5GZZY,1.1117
GTEX-TMZS-0008-SM-47JWM,-1.4305
GTEX-13X6H-0526-SM-5LU4Q,0.1388
GTEX-Y8DK-0005-SM-4RGNR,-0.8339
GTEX-13OVH-0726-SM-5N9BU,2.8034
GTEX-U3ZH-1026-SM-4DXUZ,2.609
GTEX-13FH7-1326-SM-5IFG8,0.7407
GTEX-11WQK-2826-SM-5EQKH,2.3019
GTEX-14A5I-1026-SM-5Q5E3,0.2522
GTEX-13PDP-0226-SM-5K7W9,0.8082
GTEX-YJ8O-1226-SM-5P9JE,3.1112
GTEX-11P7K-2226-SM-5GU56,3.2435
GTEX-X585-0011-R1B-SM-46MVE,1.2516
GTEX-12696-1426-SM-5EGJ6,0.8805
GTEX-REY6-0526-SM-2TF5M,-0.7108
GTEX-13N2G-0011-R5a-SM-5MR33,0.5568
GTEX-WEY5-0008-SM-4LMKC,-0.1993
GTEX-OXRP-0326-SM-33HBJ,2.4386
GTEX-YEC4-1026-SM-5P9FW,1.2696
GTEX-WWYW-0926-SM-3NB2Z,2.7205
GTEX-12WSK-0226-SM-5BC62,0.0158
GTEX-14C5O-2826-SM-5RQI6,1.6327
GTEX-ZP4G-0826-SM-4WWF3,1.949
GTEX-12WSI-0005-SM-5O99K,-0.9406
GTEX-13NYS-0626-SM-5L3F1,2.5585
GTEX-13OW8-1626-SM-5L3HW,-0.8863
GTEX-13FLV-0326-SM-5N9DJ,-0.6193
GTEX-ZYFD-1526-SM-5NQ7T,-4.035
GTEX-13G51-2526-SM-5LZYK,2.676
GTEX-Y111-2626-SM-4TT24,0.8408
GTEX-QV44-0826-SM-2S1RG,1.3791
GTEX-RVPU-0011-R6A-SM-2XCAC,-2.6349
GTEX-PWN1-1526-SM-48TDA,-0.2498
GTEX-111YS-1926-SM-5GICC,1.6649
GTEX-XLM4-2026-SM-4AT4X,2.2723
GTEX-ZAJG-2626-SM-5S2NU,1.9564
GTEX-13112-2826-SM-5DUWH,2.036
GTEX-XUZC-1026-SM-4BOPY,2.2019
GTEX-XOTO-0006-SM-4B64T,-1.7809
GTEX-ZG7Y-1826-SM-4WWD3,1.3283
GTEX-S33H-1626-SM-4AD68,-1.0862
GTEX-13X6I-0011-R11a-SM-5P9HN,1.4335
GTEX-13S7M-3126-SM-5RQJQ,1.2209
GTEX-ZVT4-0326-SM-51MS5,0.6425
GTEX-145MI-0826-SM-5SI95,1.4335
GTEX-ZYFD-0326-SM-5NQ8I,-1.5105
GTEX-R55C-1926-SM-2TF4K,3.9755
GTEX-11PRG-0005-SM-5NQ6X,-2.7274
GTEX-13113-1726-SM-5GCOO,2.6533
GTEX-Y5LM-1626-SM-4VDTB,2.0742
GTEX-X5EB-2326-SM-46MW5,-9.9658
GTEX-Y8LW-1026-SM-5IFJY,2.5634
GTEX-S341-0526-SM-4AD5U,2.4386
GTEX-ZDXO-0011-R3a-SM-4WKFS,0.6239
GTEX-111FC-2926-SM-5GZY7,1.8444
GTEX-117YW-0426-SM-5GZZZ,-3.0469
GTEX-ZVZP-0006-SM-51MSW,2.4198
GTEX-12WSL-0326-SM-5CVMK,0.8408
GTEX-ZUA1-2626-SM-5NQ92,1.6649
GTEX-1122O-0826-SM-5GICV,-2.1779
GTEX-13RTJ-0011-R3a-SM-5PNX7,0.3685
GTEX-11EQ9-1726-SM-5HL6U,0.7916
GTEX-PVOW-0126-SM-2XCFA,1.5514
GTEX-139D8-2326-SM-5IFGE,0.8568
GTEX-139UC-0011-R4a-SM-5K7XM,-0.2328
GTEX-XQ3S-1126-SM-4BOPK,2.5437
GTEX-1399S-1426-SM-5PNYQ,0.2154
GTEX-11P7K-0126-SM-5986E,2.1411
GTEX-1212Z-2826-SM-59HJ5,-0.3383
GTEX-Y114-1126-SM-4TT7V,2.6114
GTEX-14B4R-0006-SM-5O9A7,0.7146
GTEX-Y5V5-2426-SM-5IFJA,0.8726
GTEX-X5EB-2426-SM-4E3HX,-0.1345
GTEX-X261-0011-R8A-SM-4E3I5,3.5754
GTEX-12126-0926-SM-5FQTW,1.4859
GTEX-11DXX-2126-SM-5PNYR,2.2543
GTEX-11PRG-0926-SM-5EGI8,0.4865
GTEX-OXRN-1726-SM-3NM9B,2.7572
GTEX-13JUV-2326-SM-5IJCE,-2.2447
GTEX-11ONC-1926-SM-5GU75,-0.2328
GTEX-113JC-0006-SM-5O997,-3.3076
GTEX-13X6K-0426-SM-5O9DZ,3.2692
GTEX-13PL7-0726-SM-5KM1S,-1.0559
GTEX-13O21-1026-SM-5IJDU,-0.1187
GTEX-13QJ3-1926-SM-5QGQM,2.8562
GTEX-ZPU1-0726-SM-5HL6O,-0.6873
GTEX-Y8E4-2226-SM-5LU94,4.9031
GTEX-X4XY-0926-SM-4E3JD,-0.4521
GTEX-111YS-2426-SM-5GZZQ,1.1316
GTEX-PLZ6-0526-SM-3P61C,1.8722
GTEX-QCQG-0226-SM-48U28,2.362
GTEX-VUSH-0526-SM-3NB2J,1.2085
GTEX-X8HC-0008-SM-46MU6,3.0002
GTEX-14ASI-0011-R8b-SM-5S2UB,0.9862
GTEX-X4LF-0002-SM-4QASG,0.5069
GTEX-14A5I-2826-SM-5SIBF,1.683
GTEX-14E7W-1326-SM-5RQIV,0.7321
GTEX-12WSL-2626-SM-5GCNV,-1.1811
GTEX-113JC-0126-SM-5EGJW,0.9038
GTEX-147F3-0726-SM-5NQ9U,3.5766
GTEX-12WSA-0011-R2a-SM-57WDK,0.6517
GTEX-U8T8-1126-SM-4DXUE,0.7579
GTEX-V1D1-0926-SM-4JBHQ,1.4547
GTEX-P78B-0826-SM-3NMCA,0.605
GTEX-WFON-0326-SM-3GIKX,-9.9658
GTEX-ZXES-1226-SM-5NQ8G,3.2602
GTEX-XQ3S-1426-SM-4BOPR,2.7889
GTEX-13VXT-1726-SM-5IFF5,-0.5973
GTEX-ZC5H-2626-SM-5J2MG,3.4778
GTEX-14E1K-0426-SM-5S2PF,-0.2498
GTEX-POMQ-0126-SM-48TD6,0.9493
GTEX-QXCU-1926-SM-48FE4,-1.8836
GTEX-12WS9-1526-SM-5FQT4,2.0289
GTEX-13N2G-0526-SM-5MR5L,0.7058
GTEX-U8XE-2026-SM-3DB8S,0.346
GTEX-13S86-1626-SM-5Q5C5,2.0569
GTEX-139TT-0726-SM-5K7XW,0.4657
GTEX-14ICL-0326-SM-5S2OS,0.4125
GTEX-NPJ7-0011-R1a-SM-3GACT,1.8036
GTEX-12WSN-0226-SM-5DUXH,1.9452
GTEX-UPIC-0526-SM-4WWCQ,3.6324
GTEX-14A6H-2826-SM-5QGPM,0.8805
GTEX-13N2G-0011-R6b-SM-5MR3P,3.5073
GTEX-WQUQ-1826-SM-4OOSD,1.5465
GTEX-11TUW-3026-SM-5EGKM,1.3791
GTEX-NPJ8-1826-SM-2YUNC,0.5859
GTEX-1212Z-1026-SM-5EGJ8,0.058
GTEX-NPJ7-0011-R4a-SM-2I3GJ,1.4011
GTEX-X261-0526-SM-4PQYS,3.7667
GTEX-12ZZX-2126-SM-5LZVL,3.0305
GTEX-S3XE-2026-SM-3K2B5,-0.0877
GTEX-ZYFG-0226-SM-5GIDT,0.7664
GTEX-XYKS-2526-SM-4BOPX,1.9564
GTEX-NL3H-0011-R6a-SM-2I3G8,2.0946
GTEX-13N2G-0226-SM-5K7VF,1.816
GTEX-W5WG-1826-SM-4KL2Y,2.4008
GTEX-XUJ4-2626-SM-4BOQ3,0.9268
GTEX-UJMC-1926-SM-3GADS,1.5165
GTEX-14753-2526-SM-5LU97,0.3907
GTEX-11VI4-1226-SM-5EQMP,-0.1031
GTEX-ZAB4-0626-SM-5CVN3,-0.6193
GTEX-ZAB4-0011-R10a-SM-4SOKH,1.3791
GTEX-R55E-2726-SM-48FCX,0.1257
GTEX-1192X-2326-SM-5987X,1.3735
GTEX-11GS4-0826-SM-5986J,1.7185
GTEX-QXCU-0008-SM-48FCH,0.688
GTEX-13SLW-0011-R11a-SM-5SI8Q,-0.0574
GTEX-13OW6-0826-SM-5L3GA,0.03
GTEX-WHSB-0002-SM-4M1ZR,-0.1665
GTEX-SNMC-1426-SM-2XCFM,1.334
GTEX-X3Y1-1926-SM-4PQZO,1.5013
GTEX-V955-2626-SM-3NM9F,-1.5951
GTEX-XXEK-1626-SM-4BRUZ,2.8779
GTEX-139TS-1726-SM-5IJG5,1.8918
GTEX-U412-1826-SM-4DXTJ,2.5263
GTEX-11DXY-0526-SM-5EGGQ,-0.8863
GTEX-11WQK-3026-SM-5EQL6,0.8961
GTEX-1399R-0226-SM-5IJGG,1.3109
GTEX-PVOW-0726-SM-2XCF5,1.8683
GTEX-ZYT6-1426-SM-5E43U,0.9789
GTEX-13QBU-2226-SM-5K7WI,-1.7322
GTEX-XUW1-1126-SM-4BONZ,-2.3147
GTEX-11TTK-0226-SM-5N9EC,1.0573
GTEX-1117F-2426-SM-5EGGH,2.3843
GTEX-131XW-0011-R6b-SM-5K7XY,1.9111
GTEX-12696-0626-SM-5EGGD,1.8524
GTEX-13113-1326-SM-5GCOI,0.058
GTEX-1122O-0526-SM-5N9DM,1.9415
GTEX-145LT-1726-SM-5QGP3,2.3926
GTEX-ZYFD-2226-SM-5E43P,-0.0877
GTEX-13X6H-1526-SM-5Q5E2,-0.7108
GTEX-Y3IK-2126-SM-4YCDS,2.9071
GTEX-13X6K-0326-SM-5Q5D6,3.0498
GTEX-111FC-1426-SM-5N9C7,1.5563
GTEX-N7MT-1126-SM-2YUNQ,3.868
GTEX-SNOS-1626-SM-3NMA4,1.0711
GTEX-WEY5-0626-SM-4LMIA,-1.685
GTEX-WYJK-0926-SM-4ONCF,-0.7588
GTEX-1122O-2426-SM-5GIDN,-9.9658
GTEX-WHSB-2126-SM-4M1XF,0.4125
GTEX-14E7W-1926-SM-5S2R9,1.0915
GTEX-1477Z-1626-SM-5SIA8,-5.0116
GTEX-WL46-2926-SM-3LK82,0.0158
GTEX-12BJ1-0326-SM-5FQUB,0.0158
GTEX-ZTTD-0008-SM-51MQV,2.727
GTEX-13CF2-3226-SM-5IFF6,3.1669
GTEX-14AS3-1526-SM-5Q5ED,1.736
GTEX-1117F-0226-SM-5GZZ7,-0.8339
GTEX-W5X1-2626-SM-4LMI8,2.93
GTEX-14B4R-0426-SM-5Q5EI,0.7493
GTEX-V955-1126-SM-4JBH3,2.0638
GTEX-13OVG-0426-SM-5KM2T,-1.9942
GTEX-11LCK-0526-SM-5A5M9,4.4777
GTEX-ZVT4-0008-SM-57WCA,1.3397
GTEX-YECK-2826-SM-5IFHF,1.7097
GTEX-OIZI-1326-SM-3NB1B,0.3115
GTEX-ZC5H-0008-SM-4WAX8,2.6738
GTEX-ZDXO-2926-SM-4WKFM,1.4388
GTEX-OXRL-0426-SM-3NM97,0.3796
GTEX-YEC3-2526-SM-5CVLS,2.3926
GTEX-11P7K-1226-SM-5HL4X,3.1491
GTEX-13112-2726-SM-5DUW5,1.5612
GTEX-T6MO-0003-SM-3NMAG,-1.4699
GTEX-ZTPG-2026-SM-5O999,2.8034
GTEX-RVPU-0005-SM-2TF6L,-2.7274
GTEX-1211K-2326-SM-5FQU7,1.0433
GTEX-11P81-1026-SM-5GU54,0.688
GTEX-ZF28-2526-SM-57WFH,4.4397
GTEX-1399T-0011-R4b-SM-5DUVX,1.9302
GTEX-13S86-0126-SM-5S2PI,0.434
GTEX-13U4I-1526-SM-5IFFF,0.5568
GTEX-12ZZW-0011-R7a-SM-5DUWC,1.412
GTEX-13X6K-2726-SM-5O9DG,3.7741
GTEX-1122O-1126-SM-5NQ8X,-1.1488
GTEX-QDT8-0626-SM-48TYW,2.0878
GTEX-139T6-1326-SM-5IFFO,1.5612
GTEX-PLZ6-0726-SM-3P619,0.537
GTEX-OOBJ-2026-SM-3NB1R,1.3679
GTEX-12BJ1-1926-SM-5HL9Z,1.3167
GTEX-11DXY-0006-SM-5NQ8N,-1.8836
GTEX-14BIM-2726-SM-5Q5EG,1.2576
GTEX-RU72-1426-SM-46MUF,-2.9324
GTEX-Y9LG-1426-SM-5IFJZ,-0.0877
GTEX-13FTW-1626-SM-5KM4N,2.1378
GTEX-XQ8I-2426-SM-4WAXY,1.4281
GTEX-111FC-0426-SM-5N9CV,1.2934
GTEX-XXEK-1926-SM-4BRVD,1.1833
GTEX-13OVI-1326-SM-5IJBO,1.9188
GTEX-13OW8-2426-SM-5L3ID,0.8488
GTEX-1211K-0126-SM-59HJE,1.4859
GTEX-PLZ6-0626-SM-5K7WJ,-0.3752
GTEX-R55F-0005-SM-2TF4W,-0.2671
GTEX-1445S-0011-R2b-SM-5PNUH,1.3567
GTEX-139T8-0126-SM-5K7XZ,1.9968
GTEX-TMMY-2226-SM-4DXTN,0.6608
GTEX-11DXZ-0426-SM-5987Y,0.8164
GTEX-R55E-0011-R11A-SM-2TC6I,1.1577
GTEX-11DXZ-0006-SM-5LZZH,-1.2142
GTEX-QMR6-1326-SM-32PLB,0.4233
GTEX-UJHI-0426-SM-3DB8Y,0.058
GTEX-147F4-0011-R8b-SM-5S2UN,0.2998
GTEX-139TS-0011-R10a-SM-5K7TU,-1.1172
GTEX-Y5V6-2326-SM-4VDSA,3.1095
GTEX-12WSB-0011-R7b-SM-5GU6V,4.1859
GTEX-13IVO-0011-R11b-SM-5LZXQ,0.4657
GTEX-13CF3-1026-SM-5LZWY,2.6418
GTEX-ZF28-0005-SM-4WKH3,1.2875
GTEX-11DYG-1526-SM-5A5JS,1.7786
GTEX-Y3IK-0001-SM-4WWE1,2.3019
GTEX-131XW-0726-SM-5EGK3,3.9384
GTEX-1212Z-0011-R1b-SM-5BC72,-0.6873
GTEX-13VXT-0005-SM-5N9F3,0.9716
GTEX-ZAB5-2626-SM-5KM3Y,1.0915
GTEX-111CU-1426-SM-5GZYP,1.2875
GTEX-Q2AG-0011-R2A-SM-2HMIT,1.3567
GTEX-SE5C-1126-SM-4BRWZ,2.2753
GTEX-YB5K-2426-SM-5IFHP,1.2147
GTEX-VUSG-2526-SM-4KL1V,1.9149
GTEX-QDT8-2526-SM-48TYX,2.0076
GTEX-11H98-0011-R5b-SM-57WCF,1.8201
GTEX-P4QT-0126-SM-2I3FL,2.2268
GTEX-POMQ-0006-SM-33HBY,-0.8339
GTEX-1211K-1126-SM-5EGGB,1.0711
GTEX-ZV7C-2426-SM-5NQ7Q,-3.1714
GTEX-ZTX8-0008-SM-4YCDV,-0.5756
GTEX-SIU7-0001-SM-3NMAW,2.6067
GTEX-1445S-1226-SM-5O9BF,0.4552
GTEX-WFJO-1126-SM-4LVLZ,0.547
GTEX-WY7C-0626-SM-4ONCT,1.1641
GTEX-11P7K-0826-SM-5BC5F,2.1925
GTEX-11OF3-2526-SM-5P9JL,-0.0574
GTEX-11XUK-2226-SM-5CVLL,2.7721
GTEX-145LS-2726-SM-5Q5D8,1.3454
GTEX-XQ8I-0006-SM-4BOQ5,-4.2934
GTEX-ZV68-0011-R7a-SM-51MT4,-1.2142
GTEX-X4XX-0726-SM-4QARS,1.6093
GTEX-Y8LW-2126-SM-4VBRX,3.4984
GTEX-12ZZY-0011-R10b-SM-5HL7W,3.3321
GTEX-ZZ64-0726-SM-5GZX4,-0.4131
GTEX-13S86-2326-SM-5RQK1,-1.7322
GTEX-14753-0326-SM-5QGQB,-0.013
GTEX-ZDXO-2326-SM-5LU9W,1.412
GTEX-12WSK-2026-SM-5CVNB,1.3283
GTEX-1313W-0826-SM-5EQ4T,1.3454
GTEX-12WSC-0011-R5b-SM-5CVNS,1.5013
GTEX-OHPL-0526-SM-2HMIX,0.6608
GTEX-11GSO-2926-SM-5HL73,-0.5973
GTEX-117YW-1426-SM-5EGGO,0.605
GTEX-SIU8-0226-SM-2XCDS,3.7971
GTEX-13O3O-0011-R10a-SM-5LUA9,1.0711
GTEX-PLZ4-0226-SM-5SI7M,1.3511
GTEX-12WSF-0011-R1a-SM-5DUVI,0.8726
GTEX-QV31-1426-SM-2S1QD,-2.4659
GTEX-13PVQ-1326-SM-5LU4J,-1.2828
GTEX-132NY-1426-SM-5J1MJ,-0.2328
GTEX-146FH-0826-SM-5SI8T,2.328
GTEX-11ZTS-2326-SM-5EQMY,1.2209
GTEX-13X6J-1326-SM-5QGOV,0.6517
GTEX-139UC-3026-SM-5IJE4,0.9115
GTEX-13U4I-1926-SM-5LU39,2.0325
GTEX-N7MS-0007-SM-26GME,-2.1779
GTEX-13OVJ-1026-SM-5IFGI,0.8246
GTEX-N7MS-0007-SM-26GMV,-9.9658
GTEX-OXRK-1326-SM-3NB1A,2.9784
GTEX-TKQ1-0326-SM-4DXSM,2.0569
GTEX-WHWD-0726-SM-4OORX,2.6302
GTEX-13111-2326-SM-5LZUQ,1.5709
GTEX-Q2AI-1726-SM-2S1PZ,-0.1828
GTEX-X4LF-0126-SM-4QAS7,2.362
GTEX-139TS-2826-SM-5J1OO,1.7828
GTEX-1497J-0126-SM-5Q5BK,0.3573
GTEX-QCQG-0006-SM-5SI8M,0.5069
GTEX-Q734-0826-SM-48U1G,1.5165
GTEX-12WSM-0011-R7b-SM-5EGLD,1.1447
GTEX-1269C-0826-SM-5N9EM,-1.1172
GTEX-PLZ6-1526-SM-2S1OC,-9.9658
GTEX-Y5LM-1426-SM-5RQJL,0.5763
GTEX-14E6D-0005-SM-5N9D7,0.8082
GTEX-1314G-2026-SM-5LZUM,0.5271
GTEX-RNOR-0005-SM-2TF4Z,0.6517
GTEX-R55E-0126-SM-2TC5Y,1.9415
GTEX-139UC-3126-SM-5J1OY,0.2642
GTEX-P44H-0008-SM-48TDW,1.9034
GTEX-11WQC-0626-SM-5EQMF,-0.5125
GTEX-ZT9W-1726-SM-51MS3,1.1316
GTEX-11GSP-0011-R10a-SM-5NQ7J,0.346
GTEX-YFC4-1426-SM-5IFJG,2.0673
GTEX-ZF28-0011-R8a-SM-4WWFW,2.004
GTEX-RVPU-0011-R3A-SM-2XCAE,-1.9942
GTEX-SUCS-1626-SM-32PLS,-4.035
GTEX-11VI4-1126-SM-5EQMD,2.0325
GTEX-QLQ7-0426-SM-4R1JU,0.6608
GTEX-139TU-1926-SM-5J2OC,-3.1714
GTEX-RNOR-0011-R3A-SM-2TF5J,-9.9658
GTEX-13OVJ-0011-R2b-SM-5L3GP,-0.1345
GTEX-QMR6-0011-R5A-SM-32PKT,1.8036
GTEX-13VXT-0726-SM-5SIAD,0.4552
GTEX-11P82-1926-SM-5Q5AU,-0.0425
GTEX-11I78-0626-SM-5A5LZ,0.6425
GTEX-XMD2-1026-SM-4WWE8,1.5165
GTEX-145MO-1126-SM-5NQBX,0.099
GTEX-X4EO-0326-SM-3P5YO,2.5731
GTEX-WHWD-0526-SM-4OORW,3.8095
GTEX-12C56-0006-SM-5N9E9,-0.5543
GTEX-T6MO-1426-SM-4DM73,1.196
GTEX-13111-1826-SM-5GCP1,2.6278
GTEX-13113-0426-SM-5GCOD,2.874
GTEX-S7SF-0426-SM-3K2B7,2.9262
GTEX-14ABY-0626-SM-5Q5C9,3.1604
GTEX-13CF3-0226-SM-5J1NW,2.9948
GTEX-O5YT-1726-SM-3NMD7,0.7832
GTEX-ZVZO-0226-SM-5A5LA,2.7183
GTEX-12WSL-2726-SM-5CVNL,-4.6082
GTEX-ZVP2-0426-SM-57WC2,3.7269
GTEX-145MN-0726-SM-5NQBH,-0.2671
GTEX-11WQC-0011-R11b-SM-57WD6,2.043
GTEX-11DXX-0326-SM-5PNWC,-3.458
GTEX-X8HC-1626-SM-46MWE,2.8199
GTEX-XXEK-0626-SM-4BRWE,2.8779
GTEX-11DXW-1026-SM-5H11K,1.2934
GTEX-ZE9C-0011-R2a-SM-4WKGH,0.2881
GTEX-13O1R-2326-SM-5IJF9,3.0181
GTEX-132Q8-1826-SM-5EGIY,2.6962
GTEX-14BMU-2426-SM-5RQIJ,-1.5951
GTEX-Y5V5-0006-SM-4V6FE,-2.4659
GTEX-146FR-0526-SM-5Q5EX,0.044
GTEX-14753-0011-R8b-SM-5S2U1,-3.6259
GTEX-ZDXO-0008-SM-4E3HR,1.6512
GTEX-Z93S-0005-SM-4RGLW,0.2029
GTEX-13FHP-3026-SM-5IJBS,-0.013
GTEX-13VXU-0011-R7b-SM-5SI72,1.6466
GTEX-131XF-1926-SM-5DUW4,4.0705
GTEX-145MN-1526-SM-5SI9T,1.4652
GTEX-ZU9S-1826-SM-5NQ9E,2.118
GTEX-13VXU-0526-SM-5K7V1,1.46
GTEX-ZLFU-1426-SM-4WWEU,0.6145
GTEX-PWCY-2126-SM-48TEC,-0.1993
GTEX-13O3O-1826-SM-5IFGW,0.1648
GTEX-12ZZX-0526-SM-5DUW6,1.2576
GTEX-14DAR-1926-SM-5S2NQ,-1.0862
GTEX-YFCO-1226-SM-5LUAT,2.5137
GTEX-133LE-2326-SM-5K7W3,2.5363
GTEX-12WSE-0011-R7a-SM-5PNWF,-3.458
GTEX-OHPM-2626-SM-33HC5,3.9346
GTEX-Q2AI-1426-SM-2S1P5,1.4065
GTEX-12KS4-0926-SM-5BC5S,1.8036
GTEX-X4XY-0226-SM-4E3IZ,2.0673
GTEX-12WSG-0005-SM-5NQA2,-0.5332
GTEX-12WSM-0326-SM-5LZVI,-3.1714
GTEX-ZDYS-0002-SM-4WKGR,0.044
GTEX-147F4-1026-SM-5Q5F9,-0.6873
GTEX-X585-3026-SM-46MWF,1.6374
GTEX-W5X1-0226-SM-5CHTO,-9.9658
GTEX-14C5O-0226-SM-5SI6O,0.9493
GTEX-1497J-2326-SM-5NQBK,0.1257
GTEX-WEY5-1026-SM-4LMK9,-0.0877
GTEX-12WSF-0011-R10a-SM-5LZVH,1.0779
GTEX-QCQG-0526-SM-48U2A,1.8078
GTEX-ZF2S-2526-SM-5CVNT,1.3735
GTEX-11WQK-0008-SM-5SI6T,0.7493
GTEX-131YS-2926-SM-5EGKI,0.7916
GTEX-13FTW-1326-SM-5LZZD,2.5288
GTEX-ZVT2-2026-SM-5NQ8Q,0.3231
GTEX-ZC5H-0526-SM-5HL9E,3.5621
GTEX-11PRG-0008-SM-5S2N5,0.4016
GTEX-TMMY-0926-SM-4WKH4,-0.6416
GTEX-11TT1-2226-SM-5GU6B,1.4547
GTEX-13O21-1926-SM-5MR39,0.7058
GTEX-14BMV-0326-SM-5RQHW,-1.685
GTEX-14C39-2626-SM-5S2QD,-0.1665
GTEX-WYBS-1926-SM-3NM8N,4.2758
GTEX-WEY5-0726-SM-4LMID,0.6145
GTEX-ZYY3-0826-SM-5E44R,1.7273
GTEX-ZF2S-2326-SM-4WWCE,2.2175
GTEX-ZP4G-0926-SM-4WWF4,-0.4521
GTEX-WOFM-2126-SM-4OOSR,2.1638
GTEX-ZE9C-0011-R4a-SM-4WKH6,-0.3566
GTEX-117YW-1826-SM-5PNY5,1.5854
GTEX-WFON-1226-SM-3TW8F,0.8246
GTEX-14BIN-0011-R11a-SM-5SI79,0.7579
GTEX-12ZZX-2926-SM-5GCOQ,1.5013
GTEX-1399S-2126-SM-5J2MH,0.2642
GTEX-117YX-1426-SM-5H12H,-1.4699
GTEX-WFJO-0926-SM-4LVM2,1.6327
GTEX-11ONC-1126-SM-5GU6G,0.24
GTEX-144GM-2226-SM-5O9B5,-0.8599
GTEX-WVJS-0126-SM-4MVOT,2.6043
GTEX-ZT9X-0526-SM-5GCOP,2.2175
GTEX-ZF29-1926-SM-5S2P1,0.5271
GTEX-PWN1-1626-SM-2S1OL,0.3573
GTEX-13O3Q-0326-SM-5L3FE,0.6425
GTEX-145LV-2526-SM-5S2VA,1.0503
GTEX-1313W-0226-SM-5LZV7,2.1047
GTEX-O5YV-0226-SM-48TBY,1.4011
GTEX-12WSD-1826-SM-5GCOA,1.4228
GTEX-13JVG-0226-SM-5J1MW,1.0711
GTEX-13FLV-0426-SM-5KLZA,-0.394
GTEX-113IC-0426-SM-5HL5O,3.1228
GTEX-YEC3-1226-SM-5IFI8,1.5998
GTEX-11EQ9-1826-SM-5Q5AJ,0.8647
GTEX-Z93S-1326-SM-5CVMR,0.2029
GTEX-117YW-1926-SM-5H121,2.2842
GTEX-QDVJ-0626-SM-48U1T,-0.2159
GTEX-Y8DK-0011-R11A-SM-4SOK2,-0.8339
GTEX-139TT-2226-SM-5LZWO,0.605
GTEX-144GO-2026-SM-5O99P,3.7356
GTEX-146FQ-1226-SM-5QGQ4,1.0293
GTEX-12WSH-0226-SM-5GCOG,1.9601
GTEX-PLZ4-2726-SM-3P61A,2.108
GTEX-ZEX8-2226-SM-57WC6,2.118
GTEX-QLQW-1526-SM-2S1QV,-2.1779
GTEX-1399Q-2426-SM-5J2MO,1.949
GTEX-XUZC-1126-SM-4BOPZ,2.2268
GTEX-YFCO-0826-SM-5LUAG,0.3231
GTEX-RNOR-1226-SM-48FDQ,2.5707
GTEX-XUJ4-0226-SM-4BOP8,1.4911
GTEX-WFON-1026-SM-4LVMD,-0.6416
GTEX-SE5C-1026-SM-4BRUG,0.8488
GTEX-1497J-0326-SM-5Q5CN,0.1903
GTEX-QV31-0126-SM-447BP,1.8078
GTEX-14A5H-0726-SM-5Q5DW,2.4279
GTEX-13113-1626-SM-5EQ4I,2.6325
GTEX-WZTO-2926-SM-3NM9I,2.9857
GTEX-11P82-0326-SM-5HL51,-0.6193
GTEX-WWYW-0011-R5A-SM-3NB3E,2.7117
GTEX-VJYA-0226-SM-4KL1Q,1.105
GTEX-PWCY-1026-SM-48TD4,0.9493
GTEX-XUZC-1326-SM-4BRV2,0.7748
GTEX-ZYFC-0726-SM-5E448,2.496
GTEX-S32W-1526-SM-4AD6Z,0.6145
GTEX-SNMC-0426-SM-4DM5Y,2.1702
GTEX-WHSB-0326-SM-5GICB,-1.1811
GTEX-117YW-0008-SM-5QGRD,0.9862
GTEX-13U4I-0426-SM-5LU4W,1.0642
GTEX-13CF3-0826-SM-5LZYZ,3.29
GTEX-NPJ8-0007-SM-26GMW,-3.0469
GTEX-12WSM-1326-SM-5GCP9,0.6332
GTEX-13QJC-0011-R2b-SM-5PNUN,2.8034
GTEX-R55G-1026-SM-48FDI,2.9562
GTEX-13SLX-0011-R10a-SM-5P9HV,0.5271
GTEX-11GSP-2226-SM-5HL5Q,0.5568
GTEX-12BJ1-0826-SM-5EQ5P,0.679
GTEX-147JS-2626-SM-5S2UX,0.7579
GTEX-12WSD-0626-SM-5GCMW,1.8404
GTEX-YFCO-0326-SM-4W1ZP,1.4652
GTEX-ZDYS-2026-SM-5HL5L,2.043
GTEX-P4PP-0226-SM-2S1NN,2.9893
GTEX-NFK9-0726-SM-2HMJW,2.824
GTEX-VUSG-2226-SM-4KKZO,1.3109
GTEX-YJ8A-1126-SM-5IFJU,1.4388
GTEX-U3ZM-0426-SM-59HKR,3.5312
GTEX-145MH-3126-SM-5S2QT,0.9642
GTEX-ZVT3-2626-SM-5GU5L,1.334
GTEX-NPJ8-2026-SM-3TW91,1.8404
GTEX-ZEX8-1426-SM-4WKHQ,1.2756
GTEX-OHPL-2526-SM-3MJGT,1.2023
GTEX-OHPJ-1326-SM-3MJHG,-0.2498
GTEX-117YW-1526-SM-5EGGP,1.2271
GTEX-13W3W-2126-SM-5K7UX,3.3828
GTEX-RVPV-0011-R11A-SM-2TF6F,0.9935
GTEX-13VXT-0226-SM-5LU9Q,1.5854
GTEX-XBED-2026-SM-4AT5D,1.6875
GTEX-ZTTD-0001-SM-4YCD5,2.299
GTEX-WHSB-1226-SM-4M1XR,-1.3548
GTEX-XBEC-0006-SM-4AT5T,-2.0529
GTEX-117XS-0005-SM-5PNU6,-1.7809
GTEX-1211K-1226-SM-5EQ4N,0.7664
GTEX-V1D1-2026-SM-3GAF4,2.0147
GTEX-ZQUD-1526-SM-51MRE,-0.9132
GTEX-12WSH-0326-SM-5GCNH,2.9802
GTEX-ZYWO-0926-SM-5E43J,0.9115
GTEX-OHPL-1026-SM-3MJGI,0.9493
GTEX-WYBS-1626-SM-4ONCA,4.1441
GTEX-14H4A-1626-SM-5SI69,1.9675
GTEX-ZG7Y-0006-SM-4WWEA,-0.3383
GTEX-NFK9-1526-SM-3LK7B,1.7532
GTEX-ZVT3-2826-SM-5GU6A,2.1247
GTEX-12WSA-0011-R7b-SM-5GU5U,1.7912
GTEX-YEC3-1726-SM-5IFIK,2.8994
GTEX-Q734-0126-SM-48U1E,1.7995
GTEX-1269C-3126-SM-5EGI6,1.4441
GTEX-11WQK-0011-R10a-SM-5BC6R,-0.0877
GTEX-11DXW-0826-SM-5H118,2.3843
GTEX-11LCK-1926-SM-5A5KE,4.0532
GTEX-11VI4-1626-SM-5EQKO,0.1776
GTEX-146FH-1126-SM-5NQAT,2.7073
GTEX-11ZUS-0726-SM-59886,1.5013
GTEX-144GM-0926-SM-5O994,-0.2328
GTEX-11DXX-1626-SM-5H11H,0.0158
GTEX-11GSO-0226-SM-5A5LV,2.2633
GTEX-13111-0526-SM-5LZVF,1.2696
GTEX-146FR-0126-SM-5Q5F3,0.6608
GTEX-11EQ9-1026-SM-5H134,0.3346
GTEX-WOFM-1926-SM-4OOSP,1.8801
GTEX-OIZI-0126-SM-3NB13,2.4571
GTEX-12BJ1-2626-SM-5FQUF,1.9931
GTEX-N7MS-0225-SM-4E3HO,1.6045
GTEX-ZZPU-0526-SM-5E44U,3.2002
GTEX-11ZVC-0126-SM-5986G,1.46
GTEX-ZDTS-0001-SM-4WAXW,-0.1828
GTEX-13OVJ-0011-R1b-SM-5L3I6,0.4865
GTEX-13CF3-0626-SM-5J1NO,3.0358
GTEX-132QS-1826-SM-5IFFN,-0.2845
GTEX-13FTW-0426-SM-5K7X2,-0.1504
GTEX-13O3P-1026-SM-5N9E7,-1.1172
GTEX-Y9LG-0126-SM-5Q59W,2.4035
GTEX-139TS-0011-R2b-SM-5J1MX,-0.5756
GTEX-1192X-1526-SM-5H11I,-0.1187
GTEX-PWN1-1426-SM-48TDF,1.7316
GTEX-131XE-1426-SM-5HL7V,2.167
GTEX-XBEW-0002-SM-4AT5O,-0.3201
GTEX-POMQ-2126-SM-2S1OJ,1.6093
GTEX-S4Q7-0226-SM-4AD5O,2.4623
GTEX-144GN-2326-SM-5LU4F,1.9749
GTEX-R55E-0826-SM-2TC5M,1.5661
GTEX-14DAR-1426-SM-5RQIR,-1.7809
GTEX-XPVG-0626-SM-4B65B,1.0079
GTEX-1399S-0326-SM-5IFFS,1.5709
GTEX-11ZVC-2526-SM-5FQTE,2.5188
GTEX-WYJK-1626-SM-3NM9J,-0.1031
GTEX-13PVR-0426-SM-5RQK2,2.2421
GTEX-1339X-1126-SM-5J2OI,0.7146
GTEX-13QIC-1426-SM-5LU4V,2.5561
GTEX-RU72-0226-SM-46MUD,-1.2481
GTEX-S32W-1326-SM-4AD5Q,2.2206
GTEX-X585-0226-SM-4QAS2,2.236
GTEX-ZTSS-0826-SM-5985L,-0.2671
GTEX-13JVG-1326-SM-5N9F8,-3.1714
GTEX-R55D-1026-SM-3GAEQ,1.7744
GTEX-1399S-0926-SM-5PNVQ,1.2023
GTEX-11OF3-0011-R6b-SM-57WBG,1.9415
GTEX-13FHO-0011-R3b-SM-5K7YA,0.1903
GTEX-13S7M-0005-SM-5NQ76,-0.9686
GTEX-RU72-0011-R5A-SM-2TF6U,1.6374
GTEX-14ICL-0006-SM-5SIAB,-0.4131
GTEX-PWN1-0626-SM-48TDT,2.2482
GTEX-11P81-2526-SM-5GU6H,-0.0277
GTEX-XOTO-0226-SM-4B66H,-0.1504
GTEX-1212Z-2726-SM-5EQ59,1.8242
GTEX-YJ8O-1826-SM-5HL82,1.9377
GTEX-132QS-1126-SM-5P9GC,1.0007
GTEX-13OVL-0011-R1a-SM-5L3H5,2.7336
GTEX-ZVZP-2626-SM-51MR4,3.7836
GTEX-1192X-2926-SM-5N9BA,1.6327
GTEX-ZQUD-0826-SM-57WDQ,0.3573
GTEX-ZC5H-1626-SM-5HL7L,2.6019
GTEX-U3ZM-0226-SM-4DXTA,3.2127
GTEX-ZYW4-0626-SM-59HJR,1.2696
GTEX-TML8-0005-SM-32QPA,0.688
GTEX-Y3IK-2326-SM-4WWDT,3.0927
GTEX-X4XX-0011-R11A-SM-46MWQ,-0.1993
GTEX-ZF28-0011-R5a-SM-4WWCZ,3.2389
GTEX-ZWKS-0626-SM-5GIDV,3.8208
GTEX-O5YV-0526-SM-26GMJ,3.2466
GTEX-QEG4-0426-SM-33HC3,2.3649
GTEX-OHPM-2126-SM-3LK75,5.6162
GTEX-ZAB5-1226-SM-5P9FY,1.5266
GTEX-14753-0726-SM-5QGQO,1.595
GTEX-S341-1026-SM-4AD71,2.5413
GTEX-NPJ7-0011-R9a-SM-2TC5R,2.609
GTEX-NPJ7-0006-SM-3GACR,1.6785
GTEX-TKQ2-1326-SM-4DXT9,1.6649
GTEX-11NUK-1326-SM-5P9GN,2.4225
GTEX-13OW6-0011-R10a-SM-5L3HE,0.0158
GTEX-XUJ4-2026-SM-4BOOW,2.0325
GTEX-ZYFG-0826-SM-5BC5T,1.9302
GTEX-T6MN-0011-R1A-SM-32QOY,2.1345
GTEX-RVPV-1226-SM-2TF73,2.6962
GTEX-X4LF-1726-SM-3NMBZ,1.683
GTEX-Y114-1426-SM-4TT6W,2.2901
GTEX-13PL6-0326-SM-5IJCP,-0.3752
GTEX-Y5LM-0726-SM-4VBRP,0.9115
GTEX-14ABY-2126-SM-5QGQZ,3.3393
GTEX-YEC3-2526-SM-4YCDN,1.3051
GTEX-ZAJG-2926-SM-5HL8P,2.2513
GTEX-X4EP-1426-SM-4PQZP,3.0825
GTEX-13111-1326-SM-5GCNO,2.8301
GTEX-XUZC-0726-SM-4BOPH,1.1641
GTEX-S32W-1626-SM-4AD6G,0.7999
GTEX-PX3G-1026-SM-48TZW,0.9716
GTEX-SE5C-1526-SM-4BRWU,1.595
GTEX-WFON-1926-SM-3LK7L,2.108
GTEX-QXCU-0926-SM-48FEP,-0.9406
GTEX-12KS4-0826-SM-5BC5R,-3.816
GTEX-ZTPG-0006-SM-4YCFG,0.4125
GTEX-RVPU-0011-R7A-SM-2XCAB,0.3907
GTEX-R55C-0226-SM-48FEO,3.2511
GTEX-11GSP-0011-R7b-SM-57WC3,1.595
GTEX-11UD2-0826-SM-5EQKS,0.9862
GTEX-12584-0126-SM-5EGKQ,1.7786
GTEX-YBZK-0426-SM-59HLM,1.2875
GTEX-XAJ8-0526-SM-47JYK,3.0092
GTEX-VUSG-2426-SM-4KKZG,0.0854
GTEX-146FH-0426-SM-5QGPS,1.6187
GTEX-UPJH-0626-SM-4IHJN,1.8918
GTEX-ZAJG-0826-SM-5PNVA,-0.1665
GTEX-S95S-0002-SM-3NM8K,1.0079
GTEX-PLZ4-0126-SM-5SI8O,2.8622
GTEX-ZDYS-0226-SM-5HL4K,-3.0469
GTEX-XBED-2526-SM-47JYD,1.125
GTEX-12ZZX-0011-R6a-SM-5HL8L,2.9071
GTEX-11ILO-0008-SM-5QGR9,0.8488
GTEX-ZF29-0626-SM-4WKHD,0.8164
GTEX-13O21-0926-SM-5IFGT,0.2642
GTEX-W5WG-0826-SM-4RGNE,0.517
GTEX-NPJ7-0008-SM-4E3JS,0.9716
GTEX-QMRM-0126-SM-4R1K9,2.3164
GTEX-13O61-0626-SM-5L3D1,-0.4131
GTEX-131XW-0011-R10a-SM-5DUVA,2.9356
GTEX-S341-0826-SM-4AD73,3.2282
GTEX-ZYW4-1626-SM-5GIE6,0.4233
GTEX-ZU9S-1926-SM-5NQBP,2.0218
GTEX-1192X-2726-SM-5N9DN,1.2455
GTEX-UTHO-0011-R6A-SM-3GIJW,2.5658
GTEX-NFK9-0326-SM-3MJGV,2.5658
GTEX-ZLWG-0726-SM-5S2NG,1.5415
GTEX-OOBK-1026-SM-48TC2,1.5115
GTEX-WFG8-0826-SM-4LVN5,0.6608
GTEX-WYVS-1926-SM-4SOIC,0.1776
GTEX-XUZC-0226-SM-4BOO7,2.05
GTEX-13VXU-3026-SM-5LU3K,0.8408
GTEX-Y114-2426-SM-4TT8A,3.0252
GTEX-131XF-2126-SM-5DUWS,3.4687
GTEX-13SLX-0326-SM-5Q5E4,-1.3921
GTEX-13W3W-1526-SM-5LU5I,3.3925
GTEX-P4PP-1726-SM-2S1NS,1.2875
GTEX-13113-0726-SM-5LZUF,0.8082
GTEX-ZT9W-1426-SM-4YCD2,0.8726
GTEX-13CF2-0426-SM-5KM1H,2.2019
GTEX-WY7C-0326-SM-4OND5,1.9895
GTEX-T2IS-0011-R2A-SM-32QPF,2.3164
GTEX-RWS6-2126-SM-2XCAV,-4.6082
GTEX-12ZZZ-0626-SM-5DUXI,1.7575
GTEX-13NZA-1426-SM-5KM4Y,3.9403
GTEX-YB5K-0326-SM-5IFJQ,-0.4719
GTEX-11DXW-0226-SM-5H122,2.1213
GTEX-131XH-2926-SM-5LZU4,3.4543
GTEX-RU72-0006-SM-2TF65,-1.4305
GTEX-117YX-0326-SM-5GICL,-0.3022
GTEX-13VXT-0426-SM-5LU57,2.0254
GTEX-11DYG-1326-SM-5N9DO,2.236
GTEX-132QS-0005-SM-5LZXK,-0.3566
GTEX-WHSB-0926-SM-4M1XJ,1.412
GTEX-ZTX8-1126-SM-51MRM,2.2633
GTEX-145ME-0126-SM-5S2QM,1.196
GTEX-13JUV-0226-SM-5IJCC,-0.5543
GTEX-TSE9-1226-SM-4DXTM,3.1212
GTEX-139UC-0011-R5b-SM-5K7VY,1.8404
GTEX-13OW6-2726-SM-5J2OE,2.694
GTEX-ZDTS-0926-SM-4WAXG,1.1447
GTEX-13113-0626-SM-5GCP2,2.6783
GTEX-11GS4-2626-SM-5A5LD,0.8246
GTEX-X4EO-0926-SM-3P5Z2,1.0079
GTEX-YJ89-0126-SM-4TT3X,2.7487
GTEX-QDT8-0011-R5A-SM-32PKN,0.5763
GTEX-13G51-0011-R10b-SM-5LZYF,-0.3566
GTEX-111YS-1526-SM-5GZYW,2.1606
GTEX-131XG-1326-SM-5DUX4,2.2753
GTEX-11EM3-1826-SM-5A5KO,-0.9132
GTEX-WHSE-3126-SM-3P5ZI,-0.3383
GTEX-11O72-1326-SM-5BC5A,1.0079
GTEX-13N2G-2626-SM-5J1OT,2.2206
GTEX-11NSD-0126-SM-5987F,-0.4921
GTEX-11DXW-1126-SM-5H12Q,-0.4521
GTEX-145LS-0011-R2a-SM-5PNZI,0.6239
GTEX-11NSD-2226-SM-5986V,1.692
GTEX-13CF3-0926-SM-5LZZC,2.9356
GTEX-1212Z-2526-SM-5EGKP,2.6783
GTEX-QV44-1226-SM-4R1KE,0.3346
GTEX-UPK5-1626-SM-4JBHI,0.8082
GTEX-WL46-0011-R10A-SM-3MJFQ,-0.0574
GTEX-W5WG-0006-SM-3GIJT,2.1988
GTEX-QLQW-0526-SM-4R1KS,2.578
GTEX-132AR-0526-SM-5J2MJ,3.1669
GTEX-TML8-1526-SM-4DXUX,2.4171
GTEX-13PL6-1026-SM-5L3E5,2.0325
GTEX-QMRM-0926-SM-447BR,2.8641
GTEX-R55D-1226-SM-48FE9,-0.3383
GTEX-XUJ4-0326-SM-4BOP9,-0.0725
GTEX-12WS9-0011-R6a-SM-5P9EW,2.2452
GTEX-Y8LW-0126-SM-4VBS1,2.3048
GTEX-12ZZY-0126-SM-5LZV2,5.9255
GTEX-ZDYS-0526-SM-5L3EE,-0.7588
GTEX-ZEX8-0004-SM-4WKFQ,1.7532
GTEX-N7MT-1026-SM-3TW8T,2.685
GTEX-13O3Q-0526-SM-5KM18,-1.685
GTEX-13O3P-0626-SM-5L3D5,-9.9658
GTEX-ZLWG-2426-SM-57WG6,0.679
GTEX-ZPU1-0826-SM-57WG2,-2.5479
GTEX-13O61-1826-SM-5KM4I,1.2696
GTEX-ZYVF-0626-SM-5E43Q,0.3115
GTEX-ZYFC-0926-SM-5GZWW,3.1062
GTEX-YJ8A-0726-SM-5Q5A6,1.3051
GTEX-14DAQ-1826-SM-5S2VV,1.5013
GTEX-WZTO-1726-SM-4PQYV,3.2435
GTEX-131XF-2026-SM-5DUWG,2.4779
GTEX-147GR-0011-R7a-SM-5S2RP,1.2271
GTEX-XBED-0226-SM-47JY8,0.7058
GTEX-13PL6-3126-SM-5LUAR,1.2756
GTEX-12WSH-0011-R11a-SM-5LZVM,1.412
GTEX-S4Q7-0726-SM-4AD5F,0.346
GTEX-14BMU-1826-SM-5RQII,0.8883
GTEX-S4P3-1226-SM-4AD4Y,3.1797
GTEX-XBED-1426-SM-4AT4G,0.2881
GTEX-13SLX-0011-R2b-SM-5S2VP,-0.394
GTEX-13NZB-0826-SM-5K7X5,0.6239
GTEX-WY7C-0526-SM-3NB3D,-0.1345
GTEX-OXRL-0226-SM-3NB18,1.0007
GTEX-13JVG-3026-SM-5IJEV,0.9419
GTEX-UJHI-1226-SM-4IHLR,1.2333
GTEX-S3XE-0526-SM-4AD4G,1.0007
GTEX-WHSE-0011-R4A-SM-3P5ZN,-0.3752
GTEX-148VJ-2926-SM-5Q5DA,0.3796
GTEX-111VG-2226-SM-5N9DU,3.1261
GTEX-12C56-1226-SM-5FQSU,2.1894
GTEX-Y3I4-0008-SM-4TT21,1.2209
GTEX-13QIC-1226-SM-5K7YR,1.1184
GTEX-V1D1-2626-SM-4JBJH,1.2934
GTEX-U8XE-1826-SM-4E3HV,-0.2498
GTEX-13IVO-0726-SM-5LZYV,1.4547
GTEX-1212Z-0326-SM-5FQSJ,2.9893
GTEX-11NUK-2426-SM-5BC4U,-1.3548
GTEX-145ME-0926-SM-5O9AR,1.0222
GTEX-ZEX8-2326-SM-5S2MN,1.4911
GTEX-13FHO-2726-SM-5K7VG,-0.013
GTEX-11EMC-1926-SM-5A5JU,2.3649
GTEX-XXEK-2026-SM-4BRVE,0.2642
GTEX-OHPM-0126-SM-2YUN9,3.6148
GTEX-13U4I-0006-SM-5N9CI,0.1257
GTEX-YECK-1426-SM-5IFHE,1.6785
GTEX-YEC3-0002-SM-4W1YI,1.642
GTEX-SUCS-0326-SM-32PLL,-1.5105
GTEX-O5YW-1426-SM-3MJHF,1.4388
GTEX-PWCY-2026-SM-5Q5BF,-9.9658
GTEX-Y5V5-0626-SM-4VBPX,-1.7322
GTEX-ZVTK-0008-SM-57WDA,0.7999
GTEX-13QJ3-1026-SM-5QGQU,1.5465
GTEX-13SLX-1226-SM-5S2Q6,-0.013
GTEX-12WSL-1026-SM-5CVNJ,0.0854
GTEX-12ZZW-0011-R3a-SM-5DUWW,-0.5125
GTEX-YFC4-0126-SM-5CVLY,1.6558
GTEX-13X6K-0011-R2b-SM-5P9K3,2.236
GTEX-ZTPG-1526-SM-51MTF,4.0688
GTEX-ZYFD-0126-SM-5GIDL,1.6604
GTEX-147F4-0626-SM-5LUAK,2.2237
GTEX-YFC4-2926-SM-5IFJ8,0.058
GTEX-13X6I-0011-R10a-SM-5PNWI,1.0363
GTEX-ZEX8-0826-SM-4WKHK,-0.6873
GTEX-131XF-2826-SM-5EGKH,2.8381
GTEX-14BIM-0011-R11b-SM-5S2RN,1.8201
GTEX-11EMC-2926-SM-5EQ4F,1.8484
GTEX-1122O-0003-SM-5Q5DL,-0.2159
GTEX-SIU7-1826-SM-2XCE2,3.4437
GTEX-RVPU-0008-SM-3NM8B,1.0293
GTEX-11ZTS-0326-SM-5EQKP,0.5069
GTEX-RM2N-0326-SM-48FD8,0.7832
GTEX-11NSD-0926-SM-5N9DR,0.8327
GTEX-13N1W-0326-SM-5IJDJ,-0.7108
GTEX-O5YT-0926-SM-48TDG,1.8363
GTEX-ZGAY-1326-SM-5S2NS,0.3907
GTEX-13VXU-2726-SM-5LU4N,0.7748
GTEX-YEC4-1726-SM-4W21E,0.4125
GTEX-13OW8-2326-SM-5L3I9,2.6918
GTEX-R55F-0011-R8A-SM-2TF4F,1.0983
GTEX-13D11-0326-SM-5LZXX,0.9642
GTEX-11UD1-0011-R2b-SM-5BC6O,0.0014
GTEX-ZZPU-1226-SM-5N9CK,2.7508
GTEX-131XH-0126-SM-5LZUY,3.5212
GTEX-11DZ1-0926-SM-5EQ5R,0.2277
GTEX-11EM3-0926-SM-5A5KK,-1.8836
GTEX-U4B1-0006-SM-3DB8E,2.4675
GTEX-147F4-0011-R6b-SM-5S2UP,1.0007
GTEX-13D11-1326-SM-5IJFY,2.1411
GTEX-12126-1126-SM-5P9GP,0.9493
GTEX-13FTW-1126-SM-5J2NV,-2.0529
GTEX-WFG7-0926-SM-4LMK7,1.6466
GTEX-XUZC-1426-SM-4BRV3,0.8327
GTEX-WHPG-2426-SM-3NMBQ,2.5061
GTEX-RWS6-0326-SM-2XCAP,-3.816
GTEX-XUZC-0926-SM-4BOQF,2.0912
GTEX-OHPK-1726-SM-48TC4,1.9111
GTEX-QEG4-0526-SM-48TZD,3.0825
GTEX-13NYB-0926-SM-5IFFA,1.4065
GTEX-12WSL-2126-SM-5GCNG,-0.0877
GTEX-113IC-0526-SM-5HL76,2.4779
GTEX-131XW-0626-SM-5PNVD,3.7149
GTEX-W5X1-0426-SM-3GILB,3.3163
GTEX-11ZTS-0005-SM-5NQ8A,-0.4131
GTEX-145MF-1526-SM-5LU95,1.9859
GTEX-X585-0011-R11B-SM-46MUZ,0.4967
GTEX-Z93S-1726-SM-5HL8G,2.8219
GTEX-OHPM-1426-SM-3TW8Y,3.0092
GTEX-11WQC-2726-SM-5CVLG,0.1519
GTEX-RWS6-0626-SM-2XCAS,0.1257
GTEX-13OVI-1026-SM-5L3EM,1.1706
GTEX-13SLX-3126-SM-5S2Q5,0.9642
GTEX-13QJC-0726-SM-5RQJK,1.7446
GTEX-11WQK-0005-SM-5O9AV,0.7233
GTEX-YJ8A-1526-SM-5P9FT,-0.8339
GTEX-11NV4-0011-R6a-SM-57WD5,1.8996
GTEX-11DXZ-2226-SM-5EGH2,1.1316
GTEX-13CZV-0011-R7b-SM-5LZXH,1.4441
GTEX-XYKS-1126-SM-4BRWP,3.3119
GTEX-ZE7O-1126-SM-57WC8,1.8762
GTEX-YEC3-1326-SM-4WWEL,2.3451
GTEX-13W3W-0005-SM-5SI9Y,1.8801
GTEX-SUCS-0008-SM-4DM53,1.1184
GTEX-145LU-0011-R10a-SM-5PNWJ,0.7233
GTEX-ZAB4-0011-R2a-SM-4RGNP,1.0503
GTEX-RM2N-0006-SM-2TF5H,0.5859
GTEX-Z93S-2426-SM-5HL8N,1.3397
GTEX-11VI4-0726-SM-5GU5B,1.5266
GTEX-13N2G-0726-SM-5MR38,1.2756
GTEX-13113-0526-SM-5GCN2,2.9413
GTEX-XGQ4-1726-SM-4RH4G,-0.8599
GTEX-12WSB-2226-SM-5GCOS,4.4628
GTEX-QMRM-1426-SM-4R1K8,3.4237
GTEX-ZZPU-1326-SM-5GZWS,2.77
GTEX-12WSM-0226-SM-5LZV6,0.1903
GTEX-U8XE-1726-SM-4E3IF,1.9601
GTEX-X585-0002-SM-46MVA,0.8164
GTEX-12696-1526-SM-5EGL6,0.1124
GTEX-11GSP-1826-SM-5N9DQ,2.791
GTEX-11O72-2926-SM-5BC4V,0.2522
GTEX-P4PQ-0326-SM-2HMJ8,-9.9658
GTEX-12WSH-0011-R10a-SM-5LZUS,0.3573
GTEX-13FXS-0011-R6b-SM-5L3F7,1.4065
GTEX-1313W-0011-R4b-SM-5KLZV,0.3115
GTEX-1477Z-2826-SM-5SI9J,0.679
GTEX-13OW7-0826-SM-5L3EL,2.081
GTEX-Y8DK-0011-R6A-SM-4V6EG,2.0776
GTEX-ZYW4-2126-SM-59HJ9,0.9568
GTEX-P4PP-1626-SM-2HMJF,0.4761
GTEX-ZU9S-0226-SM-5E441,2.1638
GTEX-11P7K-1826-SM-5HL5A,2.6693
GTEX-13113-2026-SM-5LZU3,3.0038
GTEX-X5EB-0526-SM-46MVP,0.8488
GTEX-11DXY-1626-SM-5H12L,1.9859
GTEX-ZF29-1626-SM-4WKFJ,-0.3383
GTEX-11O72-2726-SM-5HL6K,1.787
GTEX-13FTW-1526-SM-5LZXC,0.7321
GTEX-R55E-0011-R7A-SM-2TC5Z,1.2455
GTEX-11O72-0326-SM-5986D,1.0642
GTEX-13VXT-0126-SM-5LU4I,1.8762
GTEX-14C38-0826-SM-5S2U8,1.2636
GTEX-11P82-0826-SM-5P9GU,-0.5756
GTEX-11EMC-0006-SM-5O9DN,-0.5756
GTEX-OXRK-0426-SM-3NB2E,3.9261
GTEX-13FTW-0626-SM-5IFEX,0.9493
GTEX-131YS-0011-R1a-SM-5DUXC,-0.4325
GTEX-QESD-0826-SM-47J4G,1.4441
GTEX-WFON-2226-SM-3TW8W,0.5955
GTEX-13RTK-1826-SM-5S2P3,0.5955
GTEX-YF7O-1326-SM-4W1ZR,1.105
GTEX-OIZI-0005-SM-2XCED,2.3337
GTEX-13OW6-0011-R7b-SM-5L3H4,1.4704
GTEX-R55E-0006-SM-2TC5G,0.3231
GTEX-V955-1826-SM-4JBIL,1.8363
GTEX-14BMU-1126-SM-5RQJ8,-0.5973
GTEX-13OVG-0326-SM-5KM57,-1.5522
GTEX-ZVT3-3026-SM-5E43N,0.1124
GTEX-ZYW4-2226-SM-5GZYG,0.4016
GTEX-PW2O-1926-SM-2S1OB,-0.6873
GTEX-131YS-1426-SM-5IJF7,2.6232
GTEX-Q2AH-1126-SM-48TZM,-0.4131
GTEX-11OC5-0004-SM-5S2O6,1.8564
GTEX-X4XY-0006-SM-46MV2,-0.2328
GTEX-P4PQ-1526-SM-3NMCK,-1.2481
GTEX-11TUW-2726-SM-5EQLC,1.8036
GTEX-13X6J-0011-R10b-SM-5PNWA,-0.5332
GTEX-PX3G-1626-SM-2S1PT,1.4808
GTEX-11TTK-0126-SM-5987B,1.5854
GTEX-11I78-0008-SM-5Q5DI,0.8883
GTEX-ZAB4-2126-SM-5HL8U,2.2082
GTEX-R55D-0006-SM-3GIJS,1.3511
GTEX-QMRM-1526-SM-4R1K6,3.8023
GTEX-11GSP-3126-SM-5A5LL,0.605
GTEX-13FH7-1526-SM-5J2N6,-0.394
GTEX-11EM3-0005-SM-5N9DK,1.0779
GTEX-Y8E5-0526-SM-57WBY,2.2901
GTEX-13PL6-0011-R5b-SM-5O9BI,0.6699
GTEX-11WQC-0011-R8b-SM-57WCH,2.0111
GTEX-YB5E-2426-SM-5IFIV,0.0014
GTEX-P4PQ-1626-SM-2HMKK,-2.6349
GTEX-13OVJ-0011-R4b-SM-5P9H5,-0.1504
GTEX-XBEC-0626-SM-4QARY,-9.9658
GTEX-R55C-0726-SM-48FCN,3.4997
GTEX-14753-0126-SM-5S2TX,1.177
GTEX-U3ZH-0002-SM-3NMDD,0.0718
GTEX-13PL7-1026-SM-5MR5C,2.236
GTEX-13RTJ-0011-R2a-SM-5PNW9,0.03
GTEX-SE5C-0008-SM-4B64J,-0.8084
GTEX-13N11-0726-SM-5L3DP,0.7233
GTEX-OHPM-0226-SM-3LK61,3.1717
GTEX-11O72-3026-SM-5986R,0.4447
GTEX-X4EP-3226-SM-3P5YR,2.9857
GTEX-13FLW-0011-R7b-SM-5L3EZ,1.9859
GTEX-XMD1-0011-R1A-SM-4AT4C,-0.7834
GTEX-TKQ1-0626-SM-4DXTS,0.1648
GTEX-Q734-2226-SM-3GAD9,1.2333
GTEX-S7PM-0011-R6A-SM-3NM8F,0.1124
GTEX-ZLV1-1426-SM-4WWES,3.1344
GTEX-N7MS-2326-SM-2HMLD,0.9191
GTEX-113IC-0226-SM-5HL5C,2.8321
GTEX-P4PP-0626-SM-3NM9X,2.2391
GTEX-ZTSS-0005-SM-4YCDR,1.0642
GTEX-SSA3-0226-SM-32QPN,2.1766
GTEX-11ZTS-0008-SM-5S2VC,0.6145
GTEX-QDVN-2026-SM-3GAEP,3.0927
GTEX-YECK-0005-SM-4W217,-0.5973
GTEX-139UW-0011-R11a-SM-5IJGN,0.24
GTEX-RN64-1026-SM-48FDX,2.3451
GTEX-13W46-1226-SM-5SIAS,1.1706
GTEX-13PL6-2926-SM-5L3I2,3.0723
GTEX-13QBU-0826-SM-5IJBU,-0.9132
GTEX-QVJO-0006-SM-2S1RC,-2.1779
GTEX-Y3I4-1626-SM-4TT7W,1.2394
GTEX-132Q8-0006-SM-5NQA4,-0.7108
GTEX-139T6-1026-SM-5IJGC,1.46
GTEX-11ILO-0726-SM-5HL5I,-1.1172
GTEX-Q734-1026-SM-48U16,0.2154
GTEX-Y114-2526-SM-4TT8M,1.5064
GTEX-145LS-1226-SM-5Q5D9,-0.0725
GTEX-ZF2S-2026-SM-5E461,1.9527
GTEX-1269C-2526-SM-5EGJ3,2.3704
GTEX-1313W-3026-SM-5LZUZ,0.6425
GTEX-133LE-1426-SM-5IFH1,1.5316
GTEX-ZDYS-0426-SM-5IJEQ,-1.1488
GTEX-139UC-3226-SM-5N9EZ,1.0007
GTEX-WL46-3026-SM-3LK7Z,0.9789
GTEX-13OVH-1026-SM-5J2NP,2.3164
GTEX-11DXY-0826-SM-5EGGR,-0.3566
GTEX-YEC4-1226-SM-5CVLX,-0.9132
GTEX-X585-1826-SM-4QAS3,1.196
GTEX-QDT8-0426-SM-32PKZ,0.4865
GTEX-11ILO-0226-SM-5N9D3,0.2642
GTEX-ZYW4-0126-SM-5E44A,1.125
GTEX-13PLJ-0005-SM-5NQ99,-0.8599
GTEX-ZZPU-0126-SM-5E446,3.1278
GTEX-WXYG-0226-SM-3NB2Y,1.6045
GTEX-X15G-2126-SM-4PQZR,3.1813
GTEX-WL46-0011-R9A-SM-3MJFP,0.8568
GTEX-13FH7-0826-SM-5J2NW,-1.7322
GTEX-144GN-1226-SM-5O991,1.6604
GTEX-11VI4-0326-SM-5EQ6L,-1.5951
GTEX-14ICL-0426-SM-5RQJ3,1.2636
GTEX-11ZU8-0011-R4a-SM-5BC6Y,-1.1811
GTEX-NL3H-0011-R3a-SM-2I3GL,1.1897
GTEX-N7MT-0011-R1a-SM-5SI7S,2.6873
GTEX-12WSK-0926-SM-5CVNQ,1.4652
GTEX-131XE-1526-SM-5KM1A,1.4011
GTEX-WHSB-0226-SM-4M1XE,-0.2845
GTEX-13X6H-1326-SM-5LU42,1.5514
GTEX-13N1W-0011-R6a-SM-5MR43,1.1316
GTEX-13FLV-0011-R3b-SM-5LZYP,-0.8339
GTEX-X4XY-0326-SM-46MVZ,0.0014
GTEX-ZDTS-2726-SM-5L3E2,-0.9686
GTEX-T5JC-0011-R6A-SM-5SI89,1.6374
GTEX-13O21-2926-SM-5J1OU,1.5165
GTEX-NPJ8-0011-R8a-SM-2HMLG,0.5955
GTEX-1445S-0011-R10a-SM-5PNWB,0.537
GTEX-145ME-0826-SM-5O9AF,1.1184
GTEX-PWO3-1526-SM-48TCM,2.5413
GTEX-UJMC-1226-SM-4IHLI,0.7664
GTEX-WFG8-2426-SM-3GILL,-1.9942
GTEX-X4XY-1526-SM-4QASE,0.7579
GTEX-WFJO-0826-SM-4LVM5,1.4652
GTEX-T2IS-2926-SM-32QPO,3.6725
GTEX-NPJ8-1626-SM-2HMIY,0.7321
GTEX-QESD-1426-SM-2S1R9,2.004
GTEX-PLZ6-0826-SM-3P61K,-0.7346
GTEX-13FTY-0526-SM-5L3EV,4.235
GTEX-131XW-0011-R11a-SM-5DUV9,2.1476
GTEX-RNOR-0008-SM-48FEY,0.7916
GTEX-Y5V6-0226-SM-4V6G7,1.6187
GTEX-QDVN-1926-SM-48TZ8,2.7095
GTEX-111YS-2326-SM-5987L,0.1519
GTEX-131XG-2526-SM-5HL7F,0.6699
GTEX-13RTJ-2226-SM-5S2Q1,0.9935
GTEX-S7PM-0526-SM-3NM92,-4.2934
GTEX-SIU7-1626-SM-4BRUK,3.7867
GTEX-PWOO-1726-SM-48TDC,-1.1172
GTEX-TKQ2-0926-SM-4DXU5,0.2642
GTEX-OOBJ-0826-SM-3NB2K,-0.5125
GTEX-11P82-0926-SM-5986X,-0.4131
GTEX-R55G-0226-SM-48FEI,3.2359
GTEX-132AR-1826-SM-5EGHR,2.651
GTEX-ZPU1-0926-SM-57WDO,-0.5756
GTEX-WYVS-1326-SM-4ONCQ,0.1776
GTEX-14BIN-0926-SM-5S2OZ,-2.2447
GTEX-14E6E-2226-SM-5SI6F,2.0776
GTEX-144GN-0426-SM-5O9AP,0.4967
GTEX-ZP4G-1726-SM-4WWCM,0.099
GTEX-P78B-1326-SM-3P611,-0.8339
GTEX-XV7Q-1126-SM-4BRVS,1.6785
GTEX-11EMC-0826-SM-59862,-0.5543
GTEX-12WSM-1826-SM-5BC64,-2.114
GTEX-ZYVF-1626-SM-5N9EH,1.5115
GTEX-YEC3-2426-SM-5IFJR,1.5612
GTEX-QVJO-1325-SM-2S1QX,1.0779
GTEX-XMD1-0011-R3B-SM-4AT5R,0.4233
GTEX-YBZK-0008-SM-59HL6,1.0079
GTEX-1212Z-0006-SM-5NQ8M,-1.4699
GTEX-11ZUS-1326-SM-5FQUC,1.9564
GTEX-13OVI-2126-SM-5KM3U,1.2875
GTEX-ZE7O-0011-R10a-SM-57WAZ,1.0293
GTEX-S4UY-1326-SM-4AD4X,1.4911
GTEX-11LCK-0326-SM-5A5M7,4.1094
GTEX-PVOW-0426-SM-5N9DW,-0.3752
GTEX-Y114-0726-SM-4TT6U,2.1957
GTEX-11P81-2226-SM-5PNYI,2.3308
GTEX-11DXW-0626-SM-5N9ER,1.2756
GTEX-Y111-1926-SM-4SOIS,0.044
GTEX-11I78-1126-SM-5A5K5,1.7273
GTEX-U8XE-0826-SM-4E3J1,-1.1488
GTEX-WEY5-0326-SM-4LMI7,0.4233
GTEX-ZF28-1426-SM-5S2OG,3.944
GTEX-O5YT-1326-SM-3MJGR,1.5854
GTEX-XV7Q-2226-SM-4BRVY,0.9642
GTEX-OXRL-0526-SM-2I3EZ,-0.2671
GTEX-TKQ1-0426-SM-4DXT4,0.1648
GTEX-13G51-3026-SM-5IJB8,0.537
GTEX-WHWD-0008-SM-4OOSU,2.4985
GTEX-W5X1-0008-SM-4LMKA,2.2513
GTEX-ZG7Y-1126-SM-4WWEZ,1.7575
GTEX-13FHP-0011-R11b-SM-5LZXP,0.0718
GTEX-WZTO-0006-SM-3NM9T,0.1124
GTEX-QLQ7-1526-SM-2S1QA,0.8805
GTEX-VUSG-1426-SM-3GIJN,-0.9406
GTEX-131XE-1926-SM-5IFER,1.46
GTEX-13N11-2726-SM-5L3ER,-0.4921
GTEX-11LCK-0005-SM-5O98U,2.8381
GTEX-WWYW-0011-R11A-SM-3NB38,1.2992
GTEX-XUJ4-0626-SM-4BOOO,-0.6416
GTEX-Q2AI-0426-SM-48U13,1.7316
GTEX-ZYW4-0226-SM-5E44M,0.1903
GTEX-OOBJ-0006-SM-2I3F4,-0.1828
GTEX-POYW-0008-SM-48TE4,3.0568
GTEX-14ABY-0011-R5b-SM-5SI7B,1.9034
GTEX-12696-1926-SM-5EGJT,0.4552
GTEX-ZTX8-0002-SM-4YCEU,1.4859
GTEX-13FHO-0826-SM-5L3E8,1.3167
GTEX-1192X-0326-SM-5H11U,0.7493
GTEX-WY7C-1126-SM-3NB3A,-0.9686
GTEX-XPVG-2726-SM-4B66W,0.1519
GTEX-T2IS-2026-SM-4DM6W,5.4793
GTEX-ZTPG-0426-SM-5O98K,3.011
GTEX-14753-1726-SM-5NQ9X,1.6281
GTEX-ZXG5-0011-R6a-SM-57WBZ,1.5998
GTEX-X4EP-3026-SM-3P5YP,3.5424
GTEX-RU1J-0526-SM-46MUT,2.8838
GTEX-QEG5-1226-SM-447AR,2.0707
GTEX-RN64-0726-SM-48FCV,0.7916
GTEX-WVJS-0226-SM-4MVOU,1.4704
GTEX-139T4-0008-SM-5S2WF,0.7233
GTEX-XUZC-0005-SM-4BOQ8,0.7321
GTEX-13QJ3-0226-SM-5S2PU,2.3981
GTEX-Y3IK-2526-SM-4WWDM,3.0145
GTEX-RUSQ-1826-SM-2TF6E,3.1669
GTEX-11EM3-1226-SM-5N9DD,0.8327
GTEX-13OW7-0011-R8b-SM-5L3HR,1.2516
GTEX-Q2AG-3026-SM-48U1L,2.1957
GTEX-14A5H-0826-SM-5QGPJ,2.826
GTEX-TMMY-1926-SM-4DXUU,1.2023
GTEX-11GSO-0005-SM-5O9CA,-0.4521
GTEX-OXRO-1726-SM-3LK6C,3.0199
GTEX-13RTJ-0011-R8b-SM-5O9DL,0.9343
GTEX-145MO-0826-SM-5NQBL,0.3346
GTEX-11WQC-2326-SM-5EQKE,3.5224
GTEX-13NZB-0226-SM-5KM1T,-0.8863
GTEX-12ZZZ-0011-R4b-SM-5DUV7,0.4447
GTEX-145LT-1826-SM-5QGP4,1.9601
GTEX-ZVTK-0526-SM-5GZWT,1.5902
GTEX-13CZV-0011-R3a-SM-5KM27,-0.3022
GTEX-ZAK1-1126-SM-5PNXU,-1.8314
GTEX-11ZTS-1026-SM-5LU8O,0.6239
GTEX-Q2AH-0226-SM-48U1I,0.2642
GTEX-11DZ1-2726-SM-5A5KH,1.9377
GTEX-148VJ-1526-SM-5Q5DU,-3.0469
GTEX-145MF-2626-SM-5O98S,0.3685
GTEX-OHPK-1826-SM-2YUMR,0.7916
GTEX-QDVN-1226-SM-48TZ5,1.2085
GTEX-13D11-2326-SM-5IJCY,0.03
GTEX-XXEK-2426-SM-4BRUS,1.0915
GTEX-N7MS-0011-R11A-SM-2HMJS,1.0079
GTEX-13PVQ-1426-SM-5J1O4,-0.1828
GTEX-Y9LG-0008-SM-4VBRJ,1.9527
GTEX-ZAK1-0726-SM-5HL8Q,-0.0877
GTEX-148VJ-1126-SM-5NQBZ,0.7493
GTEX-WK11-0008-SM-4OOSX,2.7615
GTEX-V1D1-0326-SM-4JBIY,1.3567
GTEX-11ZTT-1826-SM-5CVLN,-1.2828
GTEX-145MF-0426-SM-5LU9T,2.3816
GTEX-ZE9C-0726-SM-4WKGA,-0.3566
GTEX-12WSE-0011-R10b-SM-5P9JV,-0.4719
GTEX-OHPM-1826-SM-2YUNF,3.6657
GTEX-QESD-0226-SM-447BH,-0.7834
GTEX-ZVT2-2526-SM-51MT1,2.5036
GTEX-1313W-3226-SM-5LZUU,1.674
GTEX-12ZZX-3026-SM-5GCP3,2.1047
GTEX-ZVT2-0826-SM-5GIEO,1.7053
GTEX-12696-0526-SM-5EQ3Z,0.1776
GTEX-Y5V6-2626-SM-5IFIX,0.6332
GTEX-11NSD-1026-SM-5N9BE,1.9822
GTEX-146FR-1026-SM-5NQ9T,0.7146
GTEX-145MN-1926-SM-5SIAI,1.1382
GTEX-T5JW-0326-SM-4DM6J,0.7748
GTEX-13SLW-0011-R5b-SM-5SI6Z,1.5709
GTEX-14753-0011-R10b-SM-5S2WE,-1.0262
GTEX-13OVI-1426-SM-5L3EY,2.3479
GTEX-14AS3-0626-SM-5QGQD,2.3077
GTEX-YF7O-2026-SM-4W1YE,2.7889
GTEX-Q2AI-0008-SM-48U2H,1.1184
GTEX-ZV6S-1426-SM-59HKX,1.105
GTEX-13OW5-0011-R1b-SM-5L3GE,0.3115
GTEX-111VG-2426-SM-5GZXD,3.453
GTEX-YEC3-1326-SM-5PNXV,2.4675
GTEX-PWOO-0008-SM-48TDU,-1.1488
GTEX-QDVN-2126-SM-5SI7X,2.6918
GTEX-Y111-0926-SM-4SOIU,0.6699
GTEX-13OVJ-1326-SM-5K7Z9,0.4233
GTEX-S95S-0426-SM-4B64I,2.2237
GTEX-1211K-1026-SM-5EQ4B,-0.0725
GTEX-Q2AH-2026-SM-2S1PX,-9.9658
GTEX-REY6-0326-SM-2TF5A,0.7748
GTEX-132Q8-1426-SM-5EGK7,1.4335
GTEX-ZVZP-2726-SM-5GZXZ,3.9089
GTEX-12C56-2026-SM-5FQSI,-0.1031
GTEX-X8HC-1426-SM-46MWC,3.7582
GTEX-ZYY3-0626-SM-5NQ6W,-0.8863
GTEX-ZXG5-0005-SM-57WCN,-0.0425
GTEX-R3RS-1326-SM-48FE7,2.1213
GTEX-117YX-1926-SM-5GIEC,0.3796
GTEX-11P82-0008-SM-5S2MS,0.8246
GTEX-14ABY-0011-R4b-SM-5S2VN,0.1519
GTEX-WRHU-0226-SM-3MJFV,-1.2828
GTEX-ZEX8-0426-SM-4WWEN,-1.0862
GTEX-11NSD-1426-SM-5HL67,-1.2828
GTEX-13W3W-1326-SM-5LU4T,3.2205
GTEX-S341-0626-SM-4AD5T,1.9859
GTEX-14C38-1526-SM-5RQJ7,0.1388
GTEX-O5YV-0526-SM-26GN1,-2.114
GTEX-WOFL-0008-SM-4OOSZ,-0.0725
GTEX-1211K-1926-SM-5EQLB,1.3791
GTEX-ZXES-0726-SM-5E451,3.4251
GTEX-WYJK-2326-SM-4ONDN,1.177
GTEX-OOBJ-0326-SM-5SI84,-1.1488
GTEX-Y3IK-0126-SM-4WWE9,1.614
GTEX-145LU-0426-SM-5O9AH,1.8282
GTEX-12ZZY-1126-SM-5DUWQ,2.081
GTEX-ZYY3-1926-SM-5GZXS,0.7321
GTEX-NL3H-0011-R10A-SM-2I3E9,1.0915
GTEX-11EQ9-2326-SM-5HL5H,0.6608
GTEX-XGQ4-0626-SM-4AT56,-1.0262
GTEX-X8HC-0726-SM-46MWG,3.5136
GTEX-14E6E-0726-SM-5S2R3,1.9302
GTEX-WH7G-0826-SM-4LVMR,0.7579
GTEX-14E1K-0926-SM-5S2U4,-0.013
GTEX-132AR-1526-SM-5KM1L,3.5887
GTEX-131YS-0526-SM-5EGKJ,-4.6082
GTEX-X15G-0005-SM-3NMDA,2.5388
GTEX-13OVL-1426-SM-5IJC1,2.3106
GTEX-111FC-2526-SM-5GZXU,2.59
GTEX-WY7C-1326-SM-4ONCX,0.6699
GTEX-ZY6K-0226-SM-5SIAY,-0.3752
GTEX-ZUA1-0005-SM-4YCEV,-0.6416
GTEX-ZC5H-2326-SM-4WAYT,2.9692
GTEX-1399T-2826-SM-5KLYZ,3.7367
GTEX-13O21-1826-SM-5MR5M,1.4388
GTEX-145LU-2626-SM-5LU9Z,1.5165
GTEX-YEC3-0526-SM-4YCF2,0.4125
GTEX-WH7G-0426-SM-3NMBJ,-0.4719
GTEX-Y8E4-1126-SM-5IFIA,3.5547
GTEX-WHSE-0011-R6A-SM-3P5ZP,1.4962
GTEX-145MN-2226-SM-5SIAU,1.8444
GTEX-NPJ8-0011-R5a-SM-2HMJY,1.6558
GTEX-13OW6-0011-R8a-SM-5L3GF,0.4657
GTEX-U4B1-1226-SM-4DXT7,3.3661
GTEX-O5YW-0008-SM-4E3IE,0.7321
GTEX-QMRM-0008-SM-447B1,1.9452
GTEX-XXEK-0426-SM-4BRVW,1.8484
GTEX-13D11-1126-SM-5KLYS,-0.3752
GTEX-11DYG-0006-SM-5NQB2,-1.3548
GTEX-N7MS-0526-SM-4E3JP,1.7229
GTEX-ZDXO-0011-R7a-SM-4WWCU,2.0707
GTEX-U3ZN-1126-SM-4DXUL,3.1733
GTEX-NPJ8-0011-R11A-SM-2YUMS,-1.2142
GTEX-ZF29-1326-SM-4WWB6,1.2576
GTEX-YB5E-0726-SM-4VDSH,1.0983
GTEX-U8XE-0426-SM-3DB91,1.0151
GTEX-139TS-0011-R6a-SM-5J2OB,-1.7809
GTEX-YJ8O-2726-SM-5IFJ7,0.8568
GTEX-QESD-1526-SM-2S1QT,-0.4325
GTEX-XV7Q-1426-SM-4BRWA,0.7146
GTEX-11NUK-2926-SM-5A5MD,0.5666
GTEX-13NZB-2626-SM-5J2M7,-1.8836
GTEX-RWSA-1326-SM-47JX9,1.4652
GTEX-ZGAY-1226-SM-4YCF4,0.0854
GTEX-Y114-0126-SM-4TT8K,0.8961
GTEX-ZV68-0526-SM-59HKI,-1.6394
GTEX-13OVL-0226-SM-5L3E9,3.6578
GTEX-11ZTS-1126-SM-5LU9X,0.3685
GTEX-REY6-2126-SM-48FD9,1.3225
GTEX-131XW-0011-R9a-SM-5N9EO,3.4843
GTEX-YF7O-2426-SM-5IFJL,0.8568
GTEX-YEC3-2026-SM-4WWFL,0.9268
GTEX-145LU-0011-R1a-SM-5Q5CE,0.9191
GTEX-WYJK-1026-SM-3NM8W,-2.7274
GTEX-13QBU-0626-SM-5J2OG,0.9493
GTEX-YEC3-1426-SM-5PNXW,1.3051
GTEX-WFON-0626-SM-4LVLX,0.9568
GTEX-WHSB-0008-SM-4M1ZP,0.3796
GTEX-WYBS-1226-SM-3NM9N,2.826
GTEX-13OW7-0626-SM-5K7UD,1.3623
GTEX-XQ8I-0826-SM-4BOOE,0.537
GTEX-145LS-0011-R4b-SM-5S2UT,0.7999
GTEX-XPT6-0326-SM-4B66V,0.2881
GTEX-ZF28-0011-R10a-SM-4WWEH,2.128
GTEX-PSDG-0826-SM-48TCZ,-0.6416
GTEX-XYKS-0926-SM-4BRVG,2.5061
GTEX-132Q8-0626-SM-5L3F3,-0.3752
GTEX-11GS4-2126-SM-5A5KR,2.4386
GTEX-14C38-2626-SM-5RQI4,0.5666
GTEX-13N2G-0126-SM-5N9DV,3.186
GTEX-ZDYS-1926-SM-5HL59,-0.0574
GTEX-XXEK-0005-SM-4BRWJ,-0.5543
GTEX-TSE9-2726-SM-4DXSQ,1.9786
GTEX-PWCY-0226-SM-48TD8,1.9895
GTEX-Y3IK-1426-SM-4YCES,2.4144
GTEX-12WSN-0726-SM-5GCMS,3.4971
GTEX-12WSB-0006-SM-5O998,3.7204
GTEX-139T6-1726-SM-5PNZ3,1.9377
GTEX-ZVT4-1026-SM-57WC4,2.5238
GTEX-13NYB-0426-SM-5IJDD,1.46
GTEX-11NUK-0826-SM-5HL4U,-1.4699
GTEX-VUSG-2626-SM-4KKZI,-2.0529
GTEX-ZF29-1226-SM-4WKH1,-0.6873
GTEX-WL46-0426-SM-3TW8J,1.2209
GTEX-13N11-2526-SM-5K7UE,2.6138
GTEX-144GO-0011-R1a-SM-5PNWO,0.688
GTEX-S4Q7-1026-SM-4AD75,1.6327
GTEX-P44H-1126-SM-48TBU,1.1512
GTEX-ZYT6-2826-SM-5GICX,-0.5543
GTEX-ZLFU-0926-SM-5P9F8,1.5366
GTEX-U412-0006-SM-3DB8J,-0.8084
GTEX-QLQ7-0005-SM-2S1QP,0.1257
GTEX-V1D1-2226-SM-3NMAX,1.9675
GTEX-1399Q-2326-SM-5KM2X,2.8341
GTEX-NPJ8-0011-R7a-SM-2HMJV,1.3283
GTEX-146FH-0326-SM-5QGPT,1.8957
GTEX-PLZ5-1826-SM-3NB22,1.5902
GTEX-ZYFG-2026-SM-5E43Y,-0.2498
GTEX-YJ8O-0826-SM-5CVM3,-0.0277
GTEX-13NZ8-0226-SM-5J2OK,0.7407
GTEX-ZYFG-2526-SM-5GIEK,1.3846
GTEX-X4EP-0011-R10B-SM-4QASJ,3.1797
GTEX-ZP4G-2226-SM-57WFB,1.4228
GTEX-NPJ8-0011-R9a-SM-2YUN5,2.1798
GTEX-ZQUD-1026-SM-4YCEZ,1.4547
GTEX-14ICL-1826-SM-5RQIY,0.8961
GTEX-ZVZQ-2626-SM-59HLB,0.9115
GTEX-11NSD-0005-SM-5LZZ5,0.6969
GTEX-13W3W-1126-SM-5L3DO,2.9966
GTEX-ZYWO-1326-SM-5SI8X,1.9564
GTEX-ZPU1-1226-SM-5HL71,-0.4131
GTEX-WFJO-0626-SM-4LVMC,1.0293
GTEX-11ILO-0526-SM-5N9DF,-0.6873
GTEX-QV31-0226-SM-447BO,0.3573
GTEX-UPK5-2126-SM-4JBJK,-1.2481
GTEX-R53T-1226-SM-48FCT,0.2029
GTEX-1212Z-2126-SM-5FQTM,2.9488
GTEX-11ONC-1426-SM-5N9F4,0.9191
GTEX-SE5C-0626-SM-4IHLJ,-9.9658
GTEX-13S86-0005-SM-5NQ7I,0.4552
GTEX-WFG7-1026-SM-4LMK8,1.5115
GTEX-145MH-0011-R11a-SM-5P9HQ,1.1512
GTEX-ZF29-1526-SM-4WKF7,-1.0262
GTEX-OXRP-0226-SM-3NB14,2.9109
GTEX-QVUS-0011-R6A-SM-3GACX,2.6371
GTEX-QLQ7-0926-SM-447BC,1.6327
GTEX-139T6-0726-SM-5PNVK,0.6608
GTEX-ZT9W-2126-SM-51MSF,1.8957
GTEX-WVLH-0011-R7A-SM-3MJFB,1.2516
GTEX-VJYA-0126-SM-4KL1P,1.4911
GTEX-144GL-0011-R4a-SM-5PNUI,-1.1488
GTEX-1445S-0011-R3a-SM-5P9HY,-0.0425
GTEX-T2IS-0426-SM-32QPE,0.8568
GTEX-SE5C-0006-SM-4BRW5,1.884
GTEX-PWOO-1026-SM-48TCN,0.3907
GTEX-ZPU1-1726-SM-4WWFV,-0.394
GTEX-SUCS-0526-SM-4DM56,2.5658
GTEX-14ABY-0011-R11a-SM-5SI7C,1.2696
GTEX-ZC5H-0126-SM-4WAYL,3.4997
GTEX-P78B-0726-SM-2S1O2,0.4447
GTEX-ZF29-0126-SM-4WKGZ,-1.1172
GTEX-ZY6K-1626-SM-5GZWV,0.8568
GTEX-11ZUS-1226-SM-5FQU8,2.1114
GTEX-13OW6-0011-R4a-SM-5O9DX,-1.3921
GTEX-ZVT3-0011-R8b-SM-57WDJ,1.0573
GTEX-S4P3-0626-SM-4AD59,2.8137
GTEX-ZPIC-1726-SM-57WF2,2.1114
GTEX-Y5V5-0326-SM-5RQJG,-0.013
GTEX-YB5K-0126-SM-5IFJ2,-2.7274
GTEX-R53T-0226-SM-48FEH,2.0638
GTEX-QVJO-0011-R4A-SM-2S1QL,1.3109
GTEX-113JC-1926-SM-5N9GE,2.3106
GTEX-ZDTS-1826-SM-5S2N6,0.4125
GTEX-S32W-0926-SM-4AD5X,2.1345
GTEX-1399S-0526-SM-5IJG8,1.0915
GTEX-TML8-1126-SM-4DXSS,2.8199
GTEX-X4EP-0011-R5A-SM-3P628,3.2973
GTEX-ZV6S-0008-SM-4YCF9,1.8323
GTEX-OIZH-0526-SM-2HMKV,2.0111
GTEX-RU72-3126-SM-46MUB,0.7916
GTEX-XAJ8-0426-SM-47JYJ,3.6172
GTEX-131YS-0005-SM-5NQAS,0.2154
GTEX-WVLH-0011-R2A-SM-3MJFJ,0.0158
GTEX-13O3O-0011-R4b-SM-5KM3F,0.0158
GTEX-11DXW-1226-SM-5H133,0.8805
GTEX-T5JC-0726-SM-4DM55,1.8444
GTEX-X4LF-0008-SM-4QAST,0.547
GTEX-QV31-1526-SM-2S1QB,-0.0277
GTEX-U8XE-0526-SM-3DB8R,0.2998
GTEX-S33H-2426-SM-2XCB2,-0.0277
GTEX-113JC-0926-SM-5H114,0.8327
GTEX-11P7K-1626-SM-5GU63,1.5612
GTEX-11OC5-0126-SM-5HL6A,2.7465
GTEX-QVJO-0226-SM-2S1R2,2.5137
GTEX-13OVJ-0011-R11a-SM-5P9H8,0.4865
GTEX-13OVJ-1226-SM-5L3HA,2.6828
GTEX-QDVN-2426-SM-2S1Q4,1.2023
GTEX-XYKS-2126-SM-4E3IB,2.9581
GTEX-11ONC-2126-SM-5HL6E,0.8726
GTEX-X4XX-0011-R7A-SM-46MWR,-9.9658
GTEX-T5JW-1326-SM-4DM5G,1.9149
GTEX-11GS4-2726-SM-5A5LE,2.6918
GTEX-14BMU-0006-SM-5MR3T,-0.1187
GTEX-NFK9-1326-SM-3LK5I,2.4279
GTEX-12WSB-0011-R5b-SM-5GU67,4.1351
GTEX-11ONC-0011-R9b-SM-5NQ8J,-0.5756
GTEX-XQ3S-1626-SM-4WAYN,0.2154
GTEX-13O21-1726-SM-5MR5A,-1.3183
GTEX-Y3I4-1226-SM-4TT8N,2.3077
GTEX-Y5V6-0526-SM-4VBRV,1.1897
GTEX-YB5E-2226-SM-5IFJ5,-2.9324
GTEX-ZAB4-0826-SM-5LU9D,-2.1779
GTEX-12WSL-0226-SM-5CVMJ,-1.9942
GTEX-11TUW-1126-SM-5EQKJ,-0.2328
GTEX-YJ8A-1726-SM-5P9IQ,1.4652
GTEX-13JUV-0011-R10b-SM-5LZXR,-1.2828
GTEX-OIZG-1326-SM-2HMIQ,-0.1993
GTEX-13OW6-0011-R1a-SM-5L3HQ,0.4657
GTEX-133LE-1826-SM-5J1MV,2.8096
GTEX-T8EM-0526-SM-4DM64,2.1013
GTEX-T6MO-1126-SM-4DM5D,0.8805
GTEX-11EMC-0526-SM-5EGJN,2.4035
GTEX-V955-0726-SM-3GAFG,-4.6082
GTEX-T6MO-0826-SM-4DM51,-0.5543
GTEX-11DXW-0426-SM-5H12E,1.4547
GTEX-11DYG-3126-SM-5A5L6,1.3283
GTEX-R55D-0926-SM-3GAEU,0.5859
GTEX-131XF-1126-SM-5HL8J,3.6359
GTEX-1399U-1126-SM-5L3DB,1.5709
GTEX-111CU-0126-SM-5GZWZ,1.2085
GTEX-13OW6-2526-SM-5IJEC,0.1124
GTEX-145MI-0626-SM-5SI8S,1.8444
GTEX-1212Z-0726-SM-5EGI5,-0.5756
GTEX-133LE-0626-SM-5IFFJ,1.9968
GTEX-111CU-0726-SM-5GZYD,1.5806
GTEX-ZTX8-1326-SM-4YCEL,1.816
GTEX-13OW5-3126-SM-5MR3Y,0.3907
GTEX-RWSA-2426-SM-47JXR,2.9692
GTEX-O5YW-0126-SM-3LK6D,1.8762
GTEX-12WSD-1026-SM-5EQ42,0.9115
GTEX-PSDG-1426-SM-48TD1,0.0718
GTEX-XYKS-1726-SM-4E3IO,2.6138
GTEX-12WSE-2926-SM-5RQJ9,0.537
GTEX-TSE9-2926-SM-5CHQO,-9.9658
GTEX-WYJK-1226-SM-4ONCP,-0.5543
GTEX-YF7O-0004-SM-4W1ZT,1.6187
GTEX-14AS3-1726-SM-5RQJV,2.6828
GTEX-13NYB-1326-SM-5K7Y1,1.46
GTEX-U8T8-0126-SM-3DB94,1.3511
GTEX-13S7M-3026-SM-5S2QQ,0.1257
GTEX-ZTTD-0526-SM-57WDV,3.9327
GTEX-X4EP-0005-SM-3P5ZE,-0.3752
GTEX-WYVS-0926-SM-4SOJV,0.8568
GTEX-OXRO-0226-SM-3LK6F,2.753
GTEX-14DAQ-0126-SM-5S2MQ,1.4808
GTEX-12WSA-1126-SM-5EGKU,-0.8339
GTEX-TKQ2-1526-SM-4DXUN,2.7139
GTEX-ZPCL-0006-SM-4WWAS,0.4447
GTEX-U3ZG-0006-SM-47JWX,-2.4659
GTEX-13JUV-3026-SM-5K7WX,0.2154
GTEX-11LCK-0726-SM-5PNYC,4.3364
GTEX-12ZZX-0011-R11a-SM-5DUVJ,1.4547
GTEX-Y8LW-0826-SM-4WWDO,2.1378
GTEX-Y3IK-2026-SM-4YCDG,3.0654
GTEX-ZDYS-0008-SM-4E3IX,1.3511
GTEX-P78B-2226-SM-3P5ZZ,2.0535
GTEX-13NYC-2826-SM-5K7WR,0.8568
GTEX-OXRN-1326-SM-3LK5V,0.6332
GTEX-12WSL-0926-SM-5N9EK,-0.1187
GTEX-S3XE-1926-SM-3K2B3,1.2875
GTEX-X5EB-1726-SM-4E3J7,0.2154
GTEX-1212Z-0526-SM-5FQSQ,1.7575
GTEX-13D11-0526-SM-5LZYM,-0.2498
GTEX-13U4I-1026-SM-5LU3G,1.0642
GTEX-13O3O-0011-R5b-SM-5KM44,1.1833
GTEX-14A5H-0326-SM-5RQIB,-0.1993
GTEX-13PVQ-0126-SM-5SIB4,2.6464
GTEX-WHSE-0526-SM-4SOJ6,-1.2828
GTEX-13QBU-0126-SM-5LU3V,1.0573
GTEX-PX3G-2026-SM-48U1H,1.0079
GTEX-ZP4G-2126-SM-57WEA,-1.6394
GTEX-Y114-1626-SM-4TT7I,2.2753
GTEX-ZUA1-0008-SM-4YCEW,1.3225
GTEX-YEC4-1326-SM-5IFHG,0.3685
GTEX-12ZZX-0126-SM-5EGK9,3.0637
GTEX-YEC3-0326-SM-5IFJJ,0.058
GTEX-11GS4-0326-SM-5N9F7,1.2333
GTEX-13FTW-2626-SM-5K7WL,2.3337
GTEX-13N11-2826-SM-5KM4Z,2.3337
GTEX-1339X-1426-SM-5K7YO,0.7233
GTEX-PW2O-1226-SM-48TCH,0.1903
GTEX-ZDTT-0426-SM-4WKFL,1.5266
GTEX-145LS-0011-R5a-SM-5SI65,2.1638
GTEX-TKQ1-0003-SM-3NMAE,0.2154
GTEX-S7SF-2026-SM-3K2AS,-0.0574
GTEX-PLZ5-0926-SM-4RGM9,2.4727
GTEX-13JVG-0011-R10b-SM-5KM2P,0.1519
GTEX-ZTX8-1626-SM-51MRY,-1.5105
GTEX-12WSD-0826-SM-5GCNE,-0.1665
GTEX-131XH-0011-R8a-SM-5EGLL,2.4492
GTEX-ZEX8-1026-SM-4WKHE,1.1641
GTEX-1122O-0926-SM-5N9C9,-0.1665
GTEX-ZDTT-0926-SM-5J2MS,0.03
GTEX-12BJ1-0003-SM-5SI6V,0.0718
GTEX-13SLX-3026-SM-5RQJU,1.2992
GTEX-NFK9-2026-SM-3LK5K,1.9034
GTEX-1122O-0226-SM-5N9DA,0.2029
GTEX-146FH-1026-SM-5RQIF,1.3901
GTEX-11P7K-0626-SM-5985Z,2.8422
GTEX-13S86-1126-SM-5RQJX,-0.4131
GTEX-13113-0006-SM-5NQ7X,-0.7588
GTEX-12C56-0626-SM-5EGGC,1.6466
GTEX-139TT-0011-R5b-SM-5K7W8,0.3115
GTEX-11WQC-0006-SM-5LZVP,1.0915
GTEX-QEG5-1026-SM-4R1KT,1.7097
GTEX-QDVJ-0826-SM-48U1S,0.8408
GTEX-P4QS-2626-SM-2I3EV,0.1388
GTEX-UPIC-0226-SM-3GADO,4.1169
GTEX-YFCO-0005-SM-4W1ZI,1.3225
GTEX-1445S-3026-SM-5O9BR,0.7493
GTEX-ZC5H-0226-SM-4WAY9,3.991
GTEX-Y5V5-1326-SM-4V6G9,1.4652
GTEX-VJYA-1826-SM-4KL1W,0.9268
GTEX-R3RS-0008-SM-48FF1,2.4571
GTEX-139T4-0226-SM-5HL5S,1.3454
GTEX-ZVP2-1526-SM-5NQ82,2.5876
GTEX-RU72-3026-SM-5SI7Y,-0.9971
GTEX-ZVT2-0926-SM-5GICE,-0.5125
GTEX-WOFL-0826-SM-3MJG1,1.334
GTEX-N7MS-2425-SM-26GMD,3.7367
GTEX-13U4I-1226-SM-5LU5M,0.8164
GTEX-139YR-0326-SM-5J1MC,0.5069
GTEX-1399R-2626-SM-5KLZ7,1.3109
GTEX-N7MT-1226-SM-26GMT,0.4865
GTEX-TSE9-0005-SM-4DXUF,-0.5125
GTEX-XOT4-1426-SM-4B65T,-1.8836
GTEX-ZDXO-2726-SM-4WKFA,1.9452
GTEX-13OW7-0226-SM-5MR3N,1.5661
GTEX-12BJ1-2226-SM-5BC6G,2.9618
GTEX-N7MT-1226-SM-26GMC,3.4264
GTEX-ZUA1-2926-SM-59HL3,1.7316
GTEX-OOBK-2126-SM-3LK5T,3.5498
GTEX-12WSM-2126-SM-5GCOC,0.679
GTEX-WK11-2426-SM-3NMAA,4.1086
GTEX-ZAB4-0008-SM-4RGM6,2.183
GTEX-131XF-0006-SM-5P9HK,1.7053
GTEX-T5JW-1826-SM-3GAE1,-3.458
GTEX-1445S-0011-R4a-SM-5PNWN,0.24
GTEX-145MO-0426-SM-5QGP6,0.9268
GTEX-P4QS-0008-SM-48TDY,1.0293
GTEX-145MO-2826-SM-5LU96,2.5585
GTEX-13X6K-0226-SM-5QGPB,3.034
GTEX-11LCK-1726-SM-5S2OQ,3.7017
GTEX-ZV7C-0426-SM-51MQY,1.6281
GTEX-YEC3-1026-SM-5IFI5,1.4859
GTEX-ZE9C-0011-R7a-SM-4WWCX,2.0638
GTEX-XQ3S-1726-SM-4BOOD,1.4704
GTEX-QEG5-1326-SM-4R1JS,2.5263
GTEX-13FTY-0726-SM-5J2OH,4.5952
GTEX-1313W-0011-R6a-SM-5K7XO,1.8323
GTEX-13O21-1226-SM-5J2MK,1.9968
GTEX-ZF29-0826-SM-5S2NP,-2.0529
GTEX-13FTY-0326-SM-5L3DN,4.3611
GTEX-111FC-0626-SM-5N9CU,0.8568
GTEX-Y9LG-0626-SM-4WWDH,2.4934
GTEX-13PL7-0326-SM-5IJEK,1.0433
GTEX-139T4-0826-SM-5N9GF,0.2522
GTEX-145MH-2326-SM-5O9AW,3.0002
GTEX-11GS4-0526-SM-5A5KQ,-0.8339
GTEX-ZXG5-2126-SM-59HKD,2.2268
GTEX-XV7Q-1826-SM-4BRUV,3.0145
GTEX-ZQUD-1426-SM-57WER,1.6964
GTEX-ZTPG-1326-SM-51MSQ,2.4727
GTEX-TSE9-0008-SM-4DXT8,1.2209
GTEX-13O3P-1226-SM-5J2O8,0.9038
GTEX-13RTL-0011-R9a-SM-5Q5BR,-1.2828
GTEX-12WSC-0326-SM-5EQ5E,-9.9658
GTEX-XXEK-0326-SM-4BRVV,2.1444
GTEX-O5YT-0526-SM-32PK8,2.05
GTEX-145MF-0626-SM-5LUAI,2.4279
GTEX-ZEX8-0326-SM-4WKGS,0.0854
GTEX-P4PQ-0526-SM-2HMKR,-0.8084
GTEX-TMKS-0426-SM-3DB85,2.6395
GTEX-13U4I-0126-SM-5LU38,1.9786
GTEX-13PVR-1726-SM-5Q5EC,0.9191
GTEX-13VXT-0326-SM-5LU4U,-0.0425
GTEX-O5YT-0007-SM-32PK7,-0.4131
GTEX-13N1W-0926-SM-5MR36,-5.0116
GTEX-146FH-2126-SM-5SI9U,2.5731
GTEX-13X6J-0011-R7b-SM-5PNUC,1.2992
GTEX-13FHO-1626-SM-5IJGB,0.2522
GTEX-12WSD-0326-SM-59HKP,1.1577
GTEX-145LS-0011-R1b-SM-5PNUP,0.2522
GTEX-11DZ1-2426-SM-5GZZX,1.9188
GTEX-13NYB-0011-R5a-SM-5MR45,2.4171
GTEX-ZPU1-0626-SM-4YCDM,-2.5479
GTEX-QVUS-0011-R10A-SM-3GIK3,1.0847
GTEX-UJHI-0726-SM-3DB92,0.9568
GTEX-SUCS-1126-SM-4DM61,-1.1172
GTEX-V1D1-2126-SM-4JBH4,2.9109
GTEX-14ASI-0326-SM-5S2VH,1.5216
GTEX-Q2AG-2926-SM-2HMJ3,0.4657
GTEX-ZE9C-1126-SM-4WWBD,2.6302
GTEX-XGQ4-0126-SM-4AT4H,0.9268
GTEX-XMK1-1026-SM-4B65H,1.2636
GTEX-13PVR-0226-SM-5RQJI,2.6828
GTEX-11I78-1426-SM-5PNVY,1.0642
GTEX-11DXY-1126-SM-5987W,0.9419
GTEX-13FHP-0926-SM-5L3EC,1.2085
GTEX-ZYFD-2026-SM-5E459,-3.0469
GTEX-ZTX8-1426-SM-5DUVO,2.3106
GTEX-13X6J-0426-SM-5O9D3,0.8408
GTEX-13X6I-2926-SM-5Q5C3,1.2636
GTEX-S341-1126-SM-4AD6T,2.874
GTEX-13PVR-0526-SM-5S2OB,1.5465
GTEX-ZTPG-2326-SM-57WFL,2.6348
GTEX-146FR-2026-SM-5NQAI,0.3907
GTEX-XBEW-0008-SM-4AT3Y,1.4281
GTEX-13NYB-0626-SM-5MR47,0.5069
GTEX-11DXX-0826-SM-5GZZP,-0.7834
GTEX-14BIN-1126-SM-5RQJZ,1.9264
GTEX-13W3W-2526-SM-5SI9P,3.7171
GTEX-T5JW-0926-SM-4DM5K,-0.2845
GTEX-11DZ1-0008-SM-5QGR3,1.6466
GTEX-13FTY-0011-R9b-SM-5KM2U,4.1011
GTEX-ZZ64-1626-SM-5E43W,1.0573
GTEX-S341-0726-SM-4AD5R,2.971
GTEX-13FTZ-0526-SM-5IJCW,-0.3752
GTEX-QDT8-0526-SM-4LMJR,-0.2845
GTEX-14BIM-3226-SM-5RQIQ,2.1411
GTEX-11ZVC-0011-R3a-SM-5BC6V,-0.8863
GTEX-NPJ8-1726-SM-2YUNB,1.334
GTEX-13FTW-1726-SM-5KM2B,0.9568
GTEX-RVPV-0006-SM-2TF6Q,-2.6349
GTEX-13NYS-3126-SM-5KLYV,1.0711
GTEX-14E1K-0006-SM-5N9DY,-0.0425
GTEX-PSDG-1026-SM-48TCV,-0.1993
GTEX-S4Q7-0006-SM-3K2AT,0.2522
GTEX-1122O-1726-SM-5GICM,1.334
GTEX-13OW7-0526-SM-5J1N2,1.8918
GTEX-1497J-0826-SM-5NQAJ,-0.2498
GTEX-RUSQ-1726-SM-2TF68,2.753
GTEX-11GSP-1226-SM-5985M,-4.035
GTEX-13S7M-0011-R10b-SM-5PNZB,0.0718
GTEX-ZVZQ-0626-SM-59HJU,1.5854
GTEX-T5JW-1126-SM-4DM5V,1.5612
GTEX-12ZZX-1126-SM-5EGKB,3.154
GTEX-R55G-2326-SM-2TC61,1.884
GTEX-13CZV-0011-R4b-SM-5J2NY,0.5763
GTEX-ZVZO-0326-SM-5HL4N,2.6019
GTEX-QEG5-1126-SM-5SI88,1.9931
GTEX-131YS-0011-R7a-SM-5IJDA,2.9224
GTEX-1477Z-0011-R10b-SM-5S2RF,0.2881
GTEX-NPJ8-0326-SM-2D7VV,0.6608
GTEX-11DXZ-2126-SM-59881,1.4962
GTEX-ZYWO-2626-SM-5E43V,-0.6643
GTEX-13NYS-0011-R4b-SM-5MR3O,0.7146
GTEX-ZYFD-0426-SM-5E45X,1.4547
GTEX-X4XX-2926-SM-3NMB1,0.2762
GTEX-PWCY-0526-SM-5P9HG,-3.3076
GTEX-ZDTT-0326-SM-4WKF9,-1.0559
GTEX-11EM3-1126-SM-5A5KM,0.7579
GTEX-S4Q7-0426-SM-3K2BJ,1.7097
GTEX-NPJ8-1526-SM-2D7VU,1.6964
GTEX-11NUK-2726-SM-5A5MC,1.8722
GTEX-13OVG-0526-SM-5K7YD,-2.7274
GTEX-ZA64-0526-SM-5HL9I,3.2511
GTEX-TMZS-0326-SM-3DB9P,-1.9942
GTEX-WVLH-0011-R6A-SM-3MJFZ,2.2452
GTEX-QEL4-1126-SM-4R1JJ,1.4652
GTEX-WHWD-1026-SM-4OORZ,3.7507
GTEX-13OW6-2226-SM-5N9FL,0.0014
GTEX-14A5I-2926-SM-5Q5CQ,1.5013
GTEX-QLQW-1026-SM-447A9,3.5387
GTEX-13111-1626-SM-5EGJY,2.3953
GTEX-144FL-2326-SM-5LUAC,-0.7108
GTEX-ZPIC-0826-SM-4WWFJ,-1.9379
GTEX-XQ3S-2426-SM-4WAYB,0.8805
GTEX-O5YT-0726-SM-3MJHA,-0.3752
GTEX-WFON-2126-SM-3LK7O,2.1766
GTEX-13U4I-2426-SM-5LU34,1.6695
GTEX-13IVO-0126-SM-5J1NG,1.7446
GTEX-13PLJ-0011-R11b-SM-5O9BS,1.3679
GTEX-111YS-1226-SM-5EGGJ,0.3907
GTEX-PLZ6-0326-SM-3P61J,0.2642
GTEX-P4PP-0726-SM-3NM9S,1.4011
GTEX-11TTK-2826-SM-5GU5K,2.2633
GTEX-PWCY-2026-SM-5SI8R,-4.6082
GTEX-11EM3-2426-SM-59861,1.7617
GTEX-13SLX-0011-R9b-SM-5SI6X,1.8201
GTEX-13OVH-1126-SM-5K7YP,0.3907
GTEX-146FH-1726-SM-5QGQ2,3.242
GTEX-1192X-0426-SM-5GIEE,-0.8863
GTEX-UPIC-0326-SM-4IHJ9,3.3192
GTEX-13OVL-0126-SM-5L3GJ,3.4437
GTEX-RM2N-0426-SM-2TF4T,-0.1031
GTEX-RN64-0626-SM-2TC5V,0.0158
GTEX-WRHK-0526-SM-4MVOF,2.0844
GTEX-WFG7-0001-SM-3P61S,1.0433
GTEX-11ZVC-2726-SM-5FQSZ,-0.6416
GTEX-PWOO-0006-SM-2I3E3,-1.3183
GTEX-XK95-0226-SM-4AT58,2.4934
GTEX-XMD1-2926-SM-4AT42,-0.7588
GTEX-ZVZO-0426-SM-5HL4Z,2.5804
GTEX-WY7C-0726-SM-4ONCB,-1.685
GTEX-X585-0011-R5A-SM-46MVI,2.7636
GTEX-X4EP-0626-SM-3P621,3.5596
GTEX-1399T-0011-R8b-SM-5IJD8,2.7805
GTEX-ZVT2-0526-SM-5E455,-0.2328
GTEX-SSA3-0326-SM-32QPS,1.2992
GTEX-13O1R-0011-R9b-SM-5KM33,-2.6349
GTEX-ZVT3-0326-SM-5GU6U,1.7532
GTEX-WL46-0926-SM-3LK7T,-2.6349
GTEX-113IC-0008-SM-5QGRF,2.3871
GTEX-ZV68-0006-SM-4YCEJ,-0.8339
GTEX-13JVG-0011-R4a-SM-5MR4C,-1.685
GTEX-XGQ4-0826-SM-4AT4T,-0.8084
GTEX-X4EP-0011-R11B-SM-4QASK,3.3759
GTEX-12WSJ-1326-SM-5GCOB,1.177
GTEX-131XH-0226-SM-5LZVB,1.8484
GTEX-ZYFG-1526-SM-5GZYM,1.5902
GTEX-TSE9-0726-SM-3DB8C,0.0854
GTEX-13OW6-0626-SM-5L3IB,-0.6416
GTEX-O5YV-0526-SM-2D7VZ,0.434
GTEX-117YX-1526-SM-5H12T,0.0718
GTEX-UJHI-1026-SM-4IHJP,1.0363
GTEX-11PRG-2026-SM-5GU5F,0.2277
GTEX-YJ89-0011-R5a-SM-4V6GM,1.0642
GTEX-13JUV-0526-SM-5K7XE,1.8801
GTEX-TML8-1926-SM-32QOS,2.9893
GTEX-14BIM-0011-R4b-SM-5S2RK,1.8484
GTEX-13NZB-2526-SM-5J1OM,1.5902
GTEX-111YS-0726-SM-5GZY8,0.8408
GTEX-X15G-0926-SM-4PQZE,3.4765
GTEX-11ZTT-0008-SM-5S2TZ,0.7407
GTEX-S341-0226-SM-5S2VG,2.3732
GTEX-13SLW-0011-R8b-SM-5SI64,1.2516
GTEX-ZDXO-1326-SM-57WBS,1.8282
GTEX-133LE-2026-SM-5K7WM,-0.8339
GTEX-11VI4-0226-SM-5GU6C,1.2209
GTEX-X4LF-0526-SM-3NMB6,1.2756
GTEX-13OVG-0826-SM-5L3D8,0.6517
GTEX-14E6E-1826-SM-5S2R7,2.233
GTEX-13QIC-0011-R8b-SM-5O9CV,0.5568
GTEX-12696-1226-SM-5FQSM,-3.1714
GTEX-N7MS-0011-R8a-SM-2YUMK,-0.5543
GTEX-ZLWG-0826-SM-59888,2.0183
GTEX-1117F-0426-SM-5EGHI,-1.3548
GTEX-T5JC-1926-SM-4DM6Q,1.4756
GTEX-ZLWG-2526-SM-57WDS,1.5612
GTEX-ZLV1-1826-SM-5FQU5,3.3563
GTEX-ZTPG-0526-SM-5O98W,3.0688
GTEX-OIZI-0426-SM-2XCEF,1.642
GTEX-111CU-0326-SM-5GZXO,0.6699
GTEX-13NZ8-2126-SM-5L3EO,-0.3383
GTEX-13O1R-1026-SM-5KM2L,0.8805
GTEX-13YAN-0526-SM-5O9BE,1.8323
GTEX-ZAK1-0226-SM-5CVMX,-0.0425
GTEX-ZYW4-0826-SM-5GIDG,-0.8863
GTEX-11PRG-2226-SM-5GU5R,-0.9971
GTEX-R55C-1426-SM-48FED,5.4715
GTEX-13W3W-2426-SM-5LU5B,3.8228
GTEX-ZA64-0226-SM-5HL9C,3.2496
GTEX-14753-2426-SM-5LU8U,-0.8599
GTEX-RWSA-0226-SM-2XCBA,1.5415
GTEX-PWCY-0526-SM-5PNU8,-2.2447
GTEX-13NYB-0011-R10a-SM-5KM43,0.2522
GTEX-14BIN-3326-SM-5Q5E6,0.1124
GTEX-NPJ8-0011-R10A-SM-2YUMO,1.1897
GTEX-W5WG-0926-SM-4RTX9,1.7273
GTEX-14DAR-0326-SM-5S2PS,1.4388
GTEX-131YS-2326-SM-5IJFJ,2.081
GTEX-1313W-0011-R5b-SM-5L3EP,1.0293
GTEX-ZC5H-1326-SM-5HL7E,2.9394
GTEX-ZF3C-1426-SM-4WWCD,1.5115
GTEX-QVJO-0011-R10A-SM-2S1QJ,0.6425
GTEX-PSDG-0626-SM-2S1OE,0.8246
GTEX-ZE9C-0006-SM-4WKG2,0.099
GTEX-13YAN-2026-SM-5Q5EY,3.2826
GTEX-XXEK-2526-SM-4BRUR,2.2633
GTEX-Q2AG-0011-R4A-SM-2HMKA,1.2516
GTEX-11TT1-2526-SM-5EGIB,1.7229
GTEX-1477Z-0626-SM-5NQB7,-1.1811
GTEX-ZVZP-1826-SM-5GZXB,2.6738
GTEX-12BJ1-2026-SM-5FQUH,1.1897
GTEX-RVPU-0011-R4A-SM-2TF6X,-9.9658
GTEX-XMK1-2226-SM-4B673,-0.0725
GTEX-YB5K-2026-SM-4VDT3,1.2023
GTEX-QEG5-0008-SM-4R1KL,1.0433
GTEX-11ZU8-1126-SM-5EQ5K,-0.2328
GTEX-OOBJ-0008-SM-3NB26,1.5316
GTEX-XMK1-1126-SM-4IHJ8,0.3573
GTEX-W5X1-2226-SM-5CHTP,-9.9658
GTEX-Q2AH-0726-SM-2I3EA,0.6332
GTEX-YF7O-1726-SM-5IFJ9,1.3454
GTEX-OHPL-0126-SM-2HMJ7,3.1179
GTEX-13S86-0926-SM-5SI6I,-0.1345
GTEX-WRHK-1026-SM-4MVOD,1.7403
GTEX-ZYVF-0826-SM-5E447,0.5271
GTEX-11ZUS-0006-SM-5O9AJ,0.7146
GTEX-14E7W-0006-SM-5N9GG,0.1124
GTEX-WHSE-0008-SM-4M1ZO,-0.4131
GTEX-13W46-1826-SM-5K7VA,0.517
GTEX-13NZB-2126-SM-5MR4Y,1.4441
GTEX-146FQ-0326-SM-5NQAX,0.9419
GTEX-ZF29-2226-SM-4WWB9,-0.2671
GTEX-TSE9-3126-SM-4DXSY,1.125
GTEX-12WSB-0426-SM-5BC6H,4.834
GTEX-WY7C-1926-SM-4ONCI,1.4011
GTEX-XUJ4-0726-SM-4BOOP,0.7146
GTEX-R3RS-1026-SM-3GADF,0.8805
GTEX-WRHU-0008-SM-4MVPB,1.4065
GTEX-QLQ7-0126-SM-4R1JW,1.4547
GTEX-11EM3-0526-SM-5H12N,-3.3076
GTEX-13FTW-0926-SM-5J2NJ,1.8282
GTEX-RWSA-0008-SM-47JYX,0.0158
GTEX-11ZTT-2126-SM-5CVLO,1.2756
GTEX-XV7Q-2926-SM-4BRUL,-0.7346
GTEX-139TS-2626-SM-5J1MT,-2.5479
GTEX-OOBK-0226-SM-2YUMF,2.4934
GTEX-WY7C-0826-SM-4ONCG,0.5763
GTEX-13112-0426-SM-5PNVC,0.605
GTEX-145MO-2626-SM-5QGPD,1.4704
GTEX-12BJ1-2126-SM-5BC5O,2.5707
GTEX-WHSE-0011-R7A-SM-3P5YZ,1.7009
GTEX-WYVS-0006-SM-3NMA7,1.4547
GTEX-UPIC-0826-SM-3GADQ,3.7909
GTEX-11DXX-1426-SM-5GIDU,0.8961
GTEX-1269C-0003-SM-5S2PB,1.6512
GTEX-XGQ4-1826-SM-4AT6F,0.1519
GTEX-P78B-1926-SM-3P616,1.5661
GTEX-OXRN-1426-SM-3LK5U,2.2144
GTEX-Z9EW-0926-SM-5CVMM,2.4008
GTEX-P44G-0011-R10A-SM-2I3FF,0.7146
GTEX-P4PP-0126-SM-3LK69,3.944
GTEX-S341-1526-SM-4AD6K,3.3119
GTEX-13NYS-0326-SM-5MR4L,0.6608
GTEX-13N11-2926-SM-5K7VD,1.766
GTEX-XUJ4-1726-SM-4BONW,1.3956
GTEX-11ZU8-2526-SM-5EQKI,1.8643
GTEX-11EMC-2826-SM-5PNY6,0.8488
GTEX-YFC4-0011-R1a-SM-4V6EH,-0.8863
GTEX-YECK-1926-SM-4W21H,0.24
GTEX-ZXES-1426-SM-5NQ8S,2.6693
GTEX-11GS4-2926-SM-5A5LF,1.1447
GTEX-1399S-2426-SM-5K7U3,1.4547
GTEX-WEY5-2326-SM-3GIKK,1.6281
GTEX-WFON-1526-SM-4LVMP,-1.1488
GTEX-1399R-0626-SM-5K7UZ,1.2147
GTEX-131XH-0011-R10a-SM-5EGLJ,2.7551
GTEX-XPVG-2126-SM-4B667,2.3193
GTEX-RTLS-0526-SM-2TF64,-0.0877
GTEX-Y8E5-0006-SM-47JWQ,-1.2481
GTEX-13G51-0526-SM-5IJCQ,1.9377
GTEX-XGQ4-2526-SM-4AT57,1.0573
GTEX-147JS-1226-SM-5RQK4,0.8408
GTEX-S4Q7-0626-SM-4AD5M,2.0076
GTEX-13QBU-0926-SM-5K7WQ,-0.1031
GTEX-SIU7-0226-SM-4BRX2,3.5827
GTEX-X638-0008-SM-47JZ7,0.547
GTEX-13N2G-0011-R2a-SM-5MR4Q,1.0503
GTEX-ZYWO-2826-SM-5GIDY,0.1124
GTEX-1128S-2726-SM-5H12C,-0.7108
GTEX-QEG5-0726-SM-4R1JQ,2.1411
GTEX-YB5E-1826-SM-5IFI4,-0.8599
GTEX-ZZPU-0926-SM-5GZYT,2.043
GTEX-145LU-1326-SM-5LU9N,-1.1811
GTEX-131XF-0726-SM-5GIE5,3.3577
GTEX-11ZVC-0011-R4a-SM-5BC6Z,-0.0877
GTEX-11GSO-0011-R3b-SM-57WB2,0.8961
GTEX-131XF-1226-SM-5HL8V,1.692
GTEX-ZDTT-1026-SM-5KM19,2.3451
GTEX-ZE9C-2526-SM-5IJDR,1.8643
GTEX-11TT1-1526-SM-5EQKU,-2.8262
GTEX-XBED-0526-SM-47JY3,-9.9658
GTEX-11ZUS-2626-SM-5FQUR,2.5112
GTEX-WVLH-2926-SM-3MJG5,1.5806
GTEX-146FR-1626-SM-5Q5DS,0.2998
GTEX-145MN-1726-SM-5SIA6,-0.1504
GTEX-ZE7O-3026-SM-51MS4,0.9935
GTEX-13FTZ-0226-SM-5K7X6,-3.6259
GTEX-ZXG5-0008-SM-57WDB,1.0847
GTEX-12WSH-2526-SM-5CVNH,0.058
GTEX-YEC3-1926-SM-4WWF5,0.8246
GTEX-RVPU-0011-R8A-SM-5SI8I,-0.5973
GTEX-U3ZH-0326-SM-4WWDX,-2.7274
GTEX-12ZZX-0011-R3b-SM-5EGLH,0.8568
GTEX-11OF3-0826-SM-5BC51,1.2023
GTEX-1313W-0011-R2a-SM-5EGLF,0.3231
GTEX-12WSM-0008-SM-5S2VD,0.1124
GTEX-13O3Q-0011-R1b-SM-5KM3L,-0.5125
GTEX-11DXZ-2426-SM-5N9DT,-1.4699
GTEX-11EI6-2626-SM-5PNVT,1.4441
GTEX-YF7O-1926-SM-4W1YQ,2.3677
GTEX-T5JC-1226-SM-4DM7C,1.2333
GTEX-11OC5-0426-SM-5Q5AR,0.7493
GTEX-W5WG-1526-SM-4LMIG,0.1257
GTEX-12696-2426-SM-5EQ6H,1.7185
GTEX-XLM4-3026-SM-4AT6L,3.0199
GTEX-P4PQ-2626-SM-5SI7K,-0.2498
GTEX-ZLFU-0826-SM-4WWBP,1.4494
GTEX-PX3G-3026-SM-48TZR,1.7229
GTEX-ZAJG-0126-SM-5HL94,1.0503
GTEX-WEY5-2026-SM-3GILE,-9.9658
GTEX-ZF2S-1026-SM-4WWB1,-0.6193
GTEX-PLZ6-0426-SM-5IJDW,0.7748
GTEX-131XW-2226-SM-5PNY1,4.5205
GTEX-14DAQ-1426-SM-5RQJD,2.2842
GTEX-13S86-0226-SM-5S2PJ,-1.0559
GTEX-146FR-1826-SM-5QGPF,1.1641
GTEX-12WSI-0011-R11b-SM-5P9EZ,1.3397
GTEX-OXRO-2026-SM-2YUMZ,2.4332
GTEX-N7MS-0011-R4a-SM-2HMKW,-0.9686
GTEX-XLM4-0426-SM-4AT54,3.7688
GTEX-ZTTD-1726-SM-57WEL,3.6782
GTEX-132NY-2726-SM-5PNY2,1.2023
GTEX-13OW5-2326-SM-5L3HO,2.3816
GTEX-131YS-3026-SM-5EGHY,0.2277
GTEX-WHWD-0426-SM-3LK83,2.6895
GTEX-11LCK-2226-SM-5HL4Q,4.0454
GTEX-TML8-1326-SM-4DXTO,2.0707
GTEX-139YR-2226-SM-5IFFW,1.1512
GTEX-139TU-1326-SM-5LZXW,-0.394
GTEX-1399S-0006-SM-5NQ7U,0.6699
GTEX-148VJ-2626-SM-5QGPI,-0.1828
GTEX-YF7O-0008-SM-4W1ZS,1.3109
GTEX-12WSN-1826-SM-5LZUT,3.1987
GTEX-Q2AG-1326-SM-43V8K,2.5462
GTEX-OHPK-1326-SM-3MJGN,1.9452
GTEX-PLZ6-1726-SM-2S1O6,1.4808
GTEX-ZVP2-2226-SM-5GU6Q,3.6463
GTEX-XXEK-1826-SM-4BRVC,1.8484
GTEX-131XW-0526-SM-5PNXZ,3.7571
GTEX-11EM3-0626-SM-5H12Z,-1.8314
GTEX-ZPIC-1626-SM-57WEB,-1.9379
GTEX-11EMC-3026-SM-5EQ4R,-0.0725
GTEX-YB5E-2326-SM-5IFIJ,0.7916
GTEX-147F3-0126-SM-5NQBJ,3.7017
GTEX-RUSQ-0326-SM-47JWS,3.1311
GTEX-11I78-2326-SM-5Q5AH,1.0363
GTEX-WYVS-2326-SM-3NMAI,0.1776
GTEX-PW2O-0126-SM-48TC8,1.0433
GTEX-U3ZN-0726-SM-4DXT5,1.0983
GTEX-13O3O-0926-SM-5KM1F,-1.1172
GTEX-13113-1826-SM-5LZW4,2.6602
GTEX-1211K-2026-SM-5EQ4Z,1.8282
GTEX-11P81-0226-SM-5HL5M,1.1316
GTEX-13JUV-0011-R1a-SM-5LZY4,0.5069
GTEX-131XE-2226-SM-5PNYX,1.2576
GTEX-139UW-2826-SM-5L3E7,2.7594
GTEX-1399T-0011-R2b-SM-5DUXM,2.1925
GTEX-11ZVC-2626-SM-5FQTA,0.9568
GTEX-ZA64-1026-SM-5HL8R,3.603
GTEX-ZTX8-0006-SM-4YCE4,-0.7588
GTEX-ZG7Y-0003-SM-4WWEJ,0.1519
GTEX-145LS-1826-SM-5LUAZ,3.0287
GTEX-ZGAY-1026-SM-4WWBR,-0.7834
GTEX-ZUA1-0626-SM-4YCCW,1.0503
GTEX-XXEK-1426-SM-4BRW1,0.7321
GTEX-YB5E-0005-SM-4VDSO,1.0711
GTEX-145ME-0626-SM-5O99Q,-0.0725
GTEX-XV7Q-2526-SM-4BRV9,2.1925
GTEX-YJ8O-2426-SM-5HL7S,1.8996
GTEX-TKQ1-1326-SM-4DXU7,1.3623
GTEX-YEC4-2426-SM-57WFO,0.9642
GTEX-SIU7-0926-SM-4BRX1,3.0145
GTEX-X4XY-0826-SM-4E3JM,1.5064
GTEX-12584-0326-SM-59HK2,1.3735
GTEX-RUSQ-2126-SM-47JXK,5.3934
GTEX-13O61-2526-SM-5J1O8,-0.5973
GTEX-XOTO-0011-R7B-SM-4B64R,0.2277
GTEX-ZVZP-2526-SM-57WBR,2.3926
GTEX-117XS-2726-SM-5N9BL,2.6348
GTEX-12WSD-0011-R10b-SM-5GU79,0.0718
GTEX-13X6H-1426-SM-5SI91,-1.1811
GTEX-N7MS-0011-R6a-SM-2HMJ4,2.8799
GTEX-UPK5-2026-SM-4JBIM,0.3907
GTEX-XK95-0005-SM-4AT4S,-2.0529
GTEX-OXRK-0526-SM-2YUMW,3.1685
GTEX-11TT1-2326-SM-5GU6N,-3.1714
GTEX-14ICL-1926-SM-5RQIZ,-0.1665
GTEX-13NYB-1026-SM-5IFH3,0.044
GTEX-ZT9X-0326-SM-51MTE,1.6327
GTEX-T8EM-0126-SM-4DM5R,3.2328
GTEX-Y8LW-2026-SM-4V6G8,2.4857
GTEX-11TT1-1126-SM-5P9GV,0.1388
GTEX-YJ8O-2626-SM-5HL8H,1.7828
GTEX-X15G-0426-SM-4PQZ6,3.154
GTEX-WQUQ-1426-SM-3MJFD,-0.4719
GTEX-WY7C-2826-SM-3NB3Q,1.5612
GTEX-WOFM-0005-SM-3MJF3,-0.1504
GTEX-13S7M-0011-R5b-SM-5P9HS,1.46
GTEX-13OVI-0626-SM-5IJCN,1.6875
GTEX-S3XE-0926-SM-4AD4S,2.5852
GTEX-ZAB5-2126-SM-5K7UN,-3.1714
GTEX-ZP4G-0626-SM-4WWF1,0.2881
GTEX-VUSG-0006-SM-3GIK9,2.8779
GTEX-P4QT-1726-SM-2S1NQ,-3.0469
GTEX-12126-0011-R10b-SM-5BC6T,-1.1488
GTEX-14C39-1726-SM-5RQIL,2.0325
GTEX-OIZI-0726-SM-2XCEI,1.7185
GTEX-ZYFD-1026-SM-5E43Z,0.099
GTEX-QVJO-0011-R1A-SM-2S1QI,0.7579
GTEX-11ZTS-0826-SM-5EQ49,0.8961
GTEX-UPK5-0008-SM-4IHJD,-0.8863
GTEX-11O72-1026-SM-5986B,0.3907
GTEX-13SLX-1726-SM-5Q5E5,2.2633
GTEX-XMD1-0011-R2B-SM-4AT5N,-0.5973
GTEX-13FH7-1426-SM-5IFIC,1.1447
GTEX-Y8E4-0226-SM-4VBQ3,3.5199
GTEX-RU72-0011-R11A-SM-2TF6J,1.6327
GTEX-11UD1-0011-R3a-SM-5BC6S,0.2642
GTEX-11VI4-0006-SM-5N9D8,-0.1187
GTEX-WVJS-0826-SM-4MVNR,0.9568
GTEX-NFK9-0008-SM-4E3JE,2.4465
GTEX-XOTO-0011-R1B-SM-4B65C,0.1388
GTEX-1211K-0226-SM-59HJY,-1.3921
GTEX-WL46-0726-SM-3LK5Z,-1.4699
GTEX-Q2AI-1126-SM-48U19,2.6738
GTEX-13O3O-0011-R1b-SM-5KM2K,1.4228
GTEX-ZF2S-1926-SM-4WWAN,2.1509
GTEX-14753-0011-R5a-SM-5S2VW,-1.6394
GTEX-VUSG-1026-SM-4KKZN,1.1117
GTEX-12WSN-0926-SM-5GCN1,1.7403
GTEX-Y9LG-1826-SM-4VBQC,0.8327
GTEX-13S7M-2226-SM-5S2WB,-0.1187
GTEX-13RTJ-0626-SM-5S2NB,-0.8084
GTEX-QXCU-1726-SM-2TC6L,-9.9658
GTEX-132AR-1126-SM-5P9GA,3.6861
GTEX-14A5I-1326-SM-5SIAQ,-0.1031
GTEX-13FTX-2026-SM-5L3D6,1.3051
GTEX-12WS9-2826-SM-5FQU9,1.7097
GTEX-ZLFU-2026-SM-4WWG2,2.4571
GTEX-145LS-0011-R3a-SM-5S2VJ,1.4808
GTEX-YJ8O-1026-SM-5CVM5,3.2158
GTEX-12WSE-0005-SM-5NQAE,-2.1779
GTEX-SUCS-0426-SM-5CHT6,-9.9658
GTEX-R55E-0011-R8A-SM-2TC66,-0.2671
GTEX-111FC-1126-SM-5GZWU,1.3454
GTEX-WRHK-1426-SM-3MJF9,2.7826
GTEX-111FC-0126-SM-5N9DL,1.7141
GTEX-WFG8-0326-SM-4LVN4,0.6425
GTEX-S4UY-0726-SM-4AD6X,1.9415
GTEX-1399S-1226-SM-5J1O6,0.7407
GTEX-QMRM-0005-SM-3NB2A,0.8246
GTEX-Z9EW-0326-SM-5CVM8,3.5887
GTEX-YB5E-2126-SM-5IFI7,0.6425
GTEX-XYKS-1226-SM-4BRVI,0.8408
GTEX-QCQG-1826-SM-2S1P2,1.674
GTEX-OXRK-1726-SM-3NB16,2.9966
GTEX-QVJO-1826-SM-447C9,0.9862
GTEX-QV31-1326-SM-2S1QE,-0.4521
GTEX-11GS4-2026-SM-5N9CP,2.9375
GTEX-PLZ5-1126-SM-3P613,2.8034
GTEX-14BIM-0011-R5b-SM-5S2RM,3.0585
GTEX-R55G-0626-SM-48FDB,3.0995
GTEX-14BMU-0126-SM-5S2Q9,1.8078
GTEX-ZZPU-2226-SM-5EGIV,2.9765
GTEX-ZF28-0011-R7a-SM-4WKF5,2.6418
GTEX-14A6H-1326-SM-5NQBC,2.4883
GTEX-RVPU-0011-R8A-SM-2TF74,-2.114
GTEX-X5EB-0004-SM-46MWA,0.9642
GTEX-ZTPG-0826-SM-5DUVC,3.1971
GTEX-12KS4-0005-SM-5SI94,0.4016
GTEX-Z93S-2626-SM-57WBX,2.3077
GTEX-145MH-2726-SM-5QGQ6,2.1957
GTEX-XBEW-1426-SM-4AT4J,1.4065
GTEX-13O3O-2726-SM-5KM35,1.674
GTEX-13FHP-0126-SM-5IJBG,2.7205
GTEX-11ZTT-0926-SM-5EQMS,-1.9942
GTEX-WI4N-0926-SM-3LK7K,1.787
GTEX-1339X-1726-SM-5P9J9,1.884
GTEX-PWOO-2026-SM-48TDE,1.8282
GTEX-UTHO-0008-SM-4JBID,0.537
GTEX-12WSI-2126-SM-5GCMV,3.1327
GTEX-ZAB5-1526-SM-5HL9P,-0.4325
GTEX-WI4N-0008-SM-4OOSV,0.6969
GTEX-11LCK-1026-SM-5A5KB,4.0892
GTEX-RU72-1326-SM-2TF6T,-9.9658
GTEX-13OVL-2926-SM-5IFG3,2.5585
GTEX-N7MS-0126-SM-3TW8O,1.9149
GTEX-X88G-0004-SM-47JZ6,2.1862
GTEX-R55G-2426-SM-2TC5I,3.9374
GTEX-OHPM-0526-SM-2YUMJ,3.4451
GTEX-ZLWG-0426-SM-4WWFA,2.081
GTEX-ZDTS-1226-SM-4WKGL,-0.3201
GTEX-Y114-2126-SM-4TT8B,3.4868
GTEX-WZTO-0126-SM-3NM95,3.9992
GTEX-ZA64-1626-SM-5CVME,5.7751
GTEX-ZYFC-1626-SM-5N9EU,3.3321
GTEX-ZDXO-0126-SM-5S2ND,1.4756
GTEX-WQUQ-0006-SM-3MJF4,0.8246
GTEX-13VXU-0006-SM-5N9FF,-0.6416
GTEX-ZTPG-2626-SM-57WFX,2.7868
GTEX-13NZB-2226-SM-5MR5B,-0.6873
GTEX-12WSK-0626-SM-5LZUJ,-9.9658
GTEX-12ZZY-0011-R5a-SM-5EGL9,2.8641
GTEX-XPT6-0226-SM-4B65L,-1.9379
GTEX-RNOR-0011-R9A-SM-2TF52,2.5828
GTEX-XV7Q-1726-SM-4BRUU,1.1833
GTEX-NPJ8-1526-SM-26GMH,3.1813
GTEX-Z93S-0126-SM-5HL7M,2.4008
GTEX-145ME-1726-SM-5Q5EU,2.1411
GTEX-Q2AH-1826-SM-2S1Q2,-1.8836
GTEX-12WSK-0006-SM-5NQA1,-0.7346
GTEX-13RTJ-2826-SM-5QGQH,1.6604
GTEX-13VXU-0011-R6a-SM-5SI71,2.1444
GTEX-SNOS-1726-SM-32PLN,-0.5973
GTEX-NPJ8-1526-SM-26GMY,-1.3183
GTEX-ZWKS-0126-SM-5SIAA,3.8896
GTEX-145LS-0126-SM-5QGP1,1.9675
GTEX-144GN-0626-SM-5O9B2,2.5658
GTEX-11DYG-0426-SM-5987J,1.736
GTEX-13OW8-1726-SM-5L3GO,0.4865
GTEX-Y8DK-0126-SM-4TT3L,2.3337
GTEX-XBED-0926-SM-48TCE,-0.6416
GTEX-11P7K-1526-SM-5EGI7,2.2573
GTEX-ZP4G-0326-SM-4YCEF,1.6234
GTEX-YFC4-2826-SM-5P9FR,0.8961
GTEX-14H4A-0006-SM-5N9E3,0.0014
GTEX-12WSD-3226-SM-5HL9G,0.9716
GTEX-13FLV-0926-SM-5L3DZ,-1.8314
GTEX-12WSF-0011-R3a-SM-5DUW7,-0.1828
GTEX-R55F-1726-SM-2TF4R,2.1894
GTEX-12WSD-0011-R7b-SM-5PNWE,1.0293
GTEX-12WSM-0626-SM-5GCOK,0.2642
GTEX-ZF3C-0005-SM-4WWAR,0.8568
GTEX-XQ8I-1626-SM-4BOOI,0.8327
GTEX-12WSA-1626-SM-5EGJV,1.4065
GTEX-13111-0005-SM-5NQ7Z,1.5465
GTEX-117YW-0005-SM-5NQ8Z,-1.4305
GTEX-11DXZ-1626-SM-5GIDI,0.8246
GTEX-Y9LG-1626-SM-5IFHM,-1.2828
GTEX-S4P3-0326-SM-4AD6P,3.5374
GTEX-12WSH-0008-SM-5S2V1,0.7233
GTEX-146FQ-0426-SM-5NQBA,1.884
GTEX-14BIM-0011-R3b-SM-5S2RL,1.3623
GTEX-Y5V6-2726-SM-4VDSC,3.1908
GTEX-13G51-0011-R1a-SM-5LZYR,0.7579
GTEX-OXRP-0526-SM-2I3EW,1.7995
GTEX-13FLW-0011-R1b-SM-5LZX2,1.1117
GTEX-11VI4-0626-SM-5EQLO,-0.7588
GTEX-146FR-0626-SM-5RQJ1,-2.4659
GTEX-QEG5-0926-SM-2TC64,1.9564
GTEX-Y5V6-1126-SM-4VDTD,1.5563
GTEX-13OW6-0011-R11a-SM-5L3H2,1.3051
GTEX-NPJ8-0011-R6a-SM-2HMKB,2.8442
GTEX-13N2G-2726-SM-5J1MG,0.8408
GTEX-ZDXO-3026-SM-5J1N5,2.0638
GTEX-13NZ9-2626-SM-5L3FK,1.3397
GTEX-144FL-1526-SM-5Q5CA,1.8643
GTEX-11NV4-1426-SM-5BC4W,1.2756
GTEX-S95S-1326-SM-2XCDK,-0.8084
GTEX-11ZVC-0011-R1b-SM-5BC6M,-0.4719
GTEX-ZYT6-0526-SM-5GIEA,-1.1811
GTEX-WWYW-3026-SM-3NB36,1.8404
GTEX-QMR6-0011-R8A-SM-32PKJ,0.4865
GTEX-W5WG-1026-SM-4LMIF,1.3846
GTEX-11ZVC-2826-SM-5FQTC,2.4465
GTEX-13FHO-1226-SM-5L3EF,-3.3076
GTEX-R53T-0426-SM-48FEM,1.3167
GTEX-146FH-1926-SM-5Q5B2,2.296
GTEX-13RTJ-0011-R9a-SM-5Q5AY,-0.2328
GTEX-T2IS-0926-SM-4DM5B,3.927
GTEX-13NYS-0011-R1b-SM-5MR55,1.7141
GTEX-U3ZH-1126-SM-4DXUG,1.7575
GTEX-OHPN-0011-R8A-SM-33HBT,0.5568
GTEX-Y8LW-1226-SM-4WWDP,2.8381
GTEX-13O3Q-0011-R2b-SM-5KM3K,0.2642
GTEX-R55G-1126-SM-48FDG,3.1129
GTEX-WI4N-1426-SM-3LK7H,1.3397
GTEX-132AR-2026-SM-5IJG4,2.651
GTEX-S95S-0226-SM-4B656,-0.8599
GTEX-R55F-0008-SM-48FE6,3.0927
GTEX-TMMY-1026-SM-4DXTI,-0.8599
GTEX-Y111-1726-SM-4SOIQ,0.1388
GTEX-OHPL-2026-SM-3TW8R,1.8604
GTEX-OHPL-0526-SM-4M1XS,1.3791
GTEX-VUSG-0003-SM-3NMDK,-0.1504
GTEX-13OVI-2426-SM-5KM4J,1.7229
GTEX-13X6K-0011-R6a-SM-5P9K6,3.5971
GTEX-12WS9-0726-SM-5FQT7,1.0363
GTEX-X5EB-0726-SM-46MVR,-1.1811
GTEX-13FH7-0426-SM-5KM4M,-1.2828
GTEX-O5YV-1026-SM-3LK72,2.7805
GTEX-RM2N-1926-SM-48FCU,-9.9658
GTEX-132QS-0326-SM-5IJFN,-0.3566
GTEX-OXRK-0826-SM-2HMK7,2.3193
GTEX-Y8DK-0011-R1A-SM-4RGLO,-0.013
GTEX-NL3G-0226-SM-4RGLU,0.2277
GTEX-QDVJ-1226-SM-48U1V,1.4441
GTEX-RU72-0626-SM-46MUI,1.177
GTEX-14BMU-1326-SM-5RQIH,-1.1172
GTEX-T6MN-0726-SM-32PML,2.7679
GTEX-13VXT-1126-SM-5LU3A,-0.1187
GTEX-ZY6K-1726-SM-5GZX8,2.0218
GTEX-131YS-0011-R11b-SM-5EGLM,1.125
GTEX-X4XX-3026-SM-3NMB2,0.3231
GTEX-111CU-1926-SM-5GZYZ,0.7999
GTEX-11GSP-1126-SM-5A5LM,0.7579
GTEX-RWS6-0008-SM-47JYV,-0.5973
GTEX-U3ZM-1626-SM-4DXSK,5.4347
GTEX-11ONC-3026-SM-5985W,0.5763
GTEX-14A5H-0226-SM-5S2VK,1.5758
GTEX-REY6-1726-SM-48FDL,1.9034
GTEX-UPK5-0726-SM-4IHL7,-1.5105
GTEX-ZAJG-0526-SM-5S2MT,-9.9658
GTEX-12WSJ-1426-SM-5GCON,1.3454
GTEX-T6MO-0526-SM-4DM6R,1.412
GTEX-Y3I4-0826-SM-4TT2A,1.8604
GTEX-11DXX-0126-SM-5EGH7,1.7532
GTEX-13CF3-2326-SM-5IFGL,3.6463
GTEX-X4EO-2726-SM-4E3HS,1.4065
GTEX-X261-1726-SM-4PQYT,1.5216
GTEX-146FR-2426-SM-5NQAU,1.6695
GTEX-11UD1-0126-SM-5PNYG,3.1765
GTEX-12WSK-1526-SM-5CVNO,1.0983
GTEX-O5YT-2126-SM-3MJGD,1.8282
GTEX-13NZA-0011-R9b-SM-5MR5I,2.93
GTEX-11P81-0006-SM-5NQ7A,-0.6643
GTEX-P44H-0326-SM-2XCES,1.2815
GTEX-SIU8-0926-SM-2XCDO,3.7507
GTEX-ZVZQ-0011-R3a-SM-57WC7,1.5064
GTEX-12696-0005-SM-5LZYS,0.3907
GTEX-QDVJ-2026-SM-2S1PD,0.9038
GTEX-14BIN-0011-R9a-SM-5SI76,-0.2845
GTEX-QEG5-1426-SM-447AS,2.5634
GTEX-13RTJ-2526-SM-5S2Q3,1.0503
GTEX-Q734-0526-SM-2I3EH,1.2147
GTEX-Y8DK-0426-SM-4TT3Q,2.0569
GTEX-QLQW-0626-SM-447A6,0.2522
GTEX-XYKS-0008-SM-4BRW6,1.1382
GTEX-144GL-0726-SM-5LU4P,1.7995
GTEX-XGQ4-1626-SM-4AT6J,0.2029
GTEX-145ME-1826-SM-5SI9G,2.3423
GTEX-139T6-0426-SM-5IJEM,1.5902
GTEX-ZT9W-0003-SM-4YCE6,0.7579
GTEX-XQ8I-2126-SM-4BOOM,0.7832
GTEX-W5X1-1126-SM-5CHTH,-9.9658
GTEX-Y5LM-0326-SM-4VBRN,1.9712
GTEX-139TT-0011-R7b-SM-5J2MN,2.2753
GTEX-14BMU-2126-SM-5S2TS,-0.7108
GTEX-14BMU-1226-SM-5S2OR,1.736
GTEX-WZTO-0326-SM-4PQYZ,5.5647
GTEX-WH7G-0726-SM-5EGIX,0.605
GTEX-TMMY-0926-SM-4TT1Z,-0.2845
GTEX-11OF3-0011-R11a-SM-57WCR,0.7832
GTEX-11OF3-1326-SM-5N9FJ,0.3685
GTEX-SE5C-1326-SM-4BRUH,0.3573
GTEX-11I78-0126-SM-5HL6F,2.0979
GTEX-11P81-2326-SM-59875,2.2543
GTEX-ZQUD-0005-SM-4YCE5,-1.8314
GTEX-1314G-1626-SM-5EQ67,0.434
GTEX-PX3G-0008-SM-48U2L,0.0014
GTEX-YF7O-0726-SM-4W213,1.7141
GTEX-132AR-1026-SM-5PNVL,2.2783
GTEX-Y9LG-0726-SM-4VDS3,0.605
GTEX-145MF-2726-SM-5O995,0.8568
GTEX-WL46-2026-SM-3LK7U,-0.2328
GTEX-T6MO-2026-SM-33HB4,0.6517
GTEX-11EQ9-0426-SM-5A5JY,1.5165
GTEX-U8XE-1126-SM-3DB8W,-0.4719
GTEX-11O72-0526-SM-5Q5AO,2.2299
GTEX-13G51-0011-R11b-SM-5J2NE,1.3567
GTEX-X4EP-1026-SM-4QAS5,1.7097
GTEX-ZXG5-0426-SM-5GICT,1.692
GTEX-11OF3-0726-SM-5BC4Z,-2.5479
GTEX-13O3Q-0011-R5b-SM-5P9H4,2.036
GTEX-X4XY-0011-R10B-SM-46MWS,-1.0559
GTEX-1313W-3126-SM-5LZUI,0.7407
GTEX-13FXS-0011-R11a-SM-5L3DM,0.6608
GTEX-WEY5-2026-SM-5SI8D,-1.5105
GTEX-13FHO-0011-R5b-SM-5LZZ3,2.5213
GTEX-Y8E4-1926-SM-4VBPW,3.8847
GTEX-11EQ9-0926-SM-5HL6I,-9.9658
GTEX-WH7G-0726-SM-3NMBM,1.412
GTEX-11TT1-1726-SM-5EQLJ,-1.8314
GTEX-147JS-1126-SM-5RQIW,-1.8836
GTEX-YEC3-0926-SM-5Q5AC,0.9716
GTEX-12ZZX-1726-SM-5BC63,2.6464
GTEX-11I78-1726-SM-5A5M3,0.0014
GTEX-U412-0226-SM-3NMC8,2.3816
GTEX-11ZUS-0926-SM-5FQSY,1.6695
GTEX-WY7C-1626-SM-4ONC8,0.9568
GTEX-1445S-0011-R7b-SM-5PNUG,1.3051
GTEX-XLM4-0726-SM-4AT64,3.7825
GTEX-SSA3-0326-SM-47JWY,1.0079
GTEX-S4Q7-0326-SM-3K2B1,1.0983
GTEX-WHSB-1326-SM-3LK6W,1.9638
GTEX-139YR-0226-SM-5IFEM,-0.1993
GTEX-RU72-0011-R6A-SM-2TF71,1.9034
GTEX-NFK9-0426-SM-2YUNK,3.1442
GTEX-UTHO-0011-R10A-SM-3GIJQ,1.6093
GTEX-VJYA-2026-SM-4KL1K,1.4808
GTEX-WOFM-0001-SM-4OOT2,1.4494
GTEX-U8XE-2126-SM-5CHRC,-9.9658
GTEX-1399U-1326-SM-5IJET,0.6969
GTEX-13OW7-3126-SM-5L3HB,1.5661
GTEX-11ZTS-1326-SM-5EQMA,0.6332
GTEX-NPJ7-2926-SM-3MJGQ,2.0289
GTEX-WY7C-2626-SM-3NB2P,1.8242
GTEX-ZTX8-1026-SM-5EGHD,1.9749
GTEX-QEL4-0926-SM-3GAD1,0.4233
GTEX-139TS-0126-SM-5K7XJ,0.044
GTEX-145MH-1026-SM-5Q5CI,1.1316
GTEX-13O3O-0726-SM-5J1N7,0.8647
GTEX-NFK9-1226-SM-3LK79,2.5087
GTEX-14A5H-0426-SM-5QGQF,2.7993
GTEX-WH7G-0526-SM-3NMBI,1.6281
GTEX-XXEK-2226-SM-4BRUM,2.4332
GTEX-13OVI-1226-SM-5J2ME,2.2813
GTEX-RUSQ-0526-SM-2TF72,2.3394
GTEX-T5JW-1426-SM-4DM5Q,0.1648
GTEX-12WSC-0005-SM-5MR3H,1.0293
GTEX-NPJ8-1226-SM-3MJHM,2.1574
GTEX-13G51-0426-SM-5K7Z5,0.2029
GTEX-ZYT6-2126-SM-5GZZ4,0.5763
GTEX-117YW-0826-SM-5H11O,0.8726
GTEX-ZAB5-1826-SM-5HL7C,1.4704
GTEX-ZV6S-2126-SM-4YCEM,-0.1993
GTEX-ZF2S-1726-SM-57WFT,0.3573
GTEX-ZVZQ-1526-SM-5N9G6,-0.3383
GTEX-11ZTT-2426-SM-5EQLS,0.4761
GTEX-1399U-0526-SM-5K7YM,-1.0862
GTEX-X15G-0526-SM-3NMB7,3.4739
GTEX-S7SF-0626-SM-4AD4V,1.8323
GTEX-S341-1326-SM-4AD72,3.0842
GTEX-13OW8-1526-SM-5K7V2,1.3511
GTEX-11ZTS-0126-SM-5EQ6M,1.7786
GTEX-12ZZW-1726-SM-5DUVD,3.2811
GTEX-ZF3C-1126-SM-57WEG,0.9115
GTEX-ZVT2-1226-SM-5GU5H,0.8805
GTEX-T6MN-2026-SM-4DM7L,4.2404
GTEX-T5JW-0126-SM-4DM6K,1.0079
GTEX-QLQ7-1926-SM-2S1R6,-0.1828
GTEX-Q2AH-0926-SM-48TZK,1.4704
GTEX-145MH-0011-R8a-SM-5PNUL,0.6517
GTEX-13113-1426-SM-5EGHU,1.2271
GTEX-ZPU1-1926-SM-57WDT,1.5013
GTEX-145LS-0526-SM-5LU8Y,-0.4131
GTEX-12WSJ-0326-SM-5GCMT,1.1577
GTEX-SE5C-0426-SM-4BRUI,-0.5332
GTEX-R55G-0326-SM-48FDM,2.4727
GTEX-S341-1426-SM-4AD6U,2.6464
GTEX-WHSE-0826-SM-4SOJU,-3.3076
GTEX-NPJ8-0011-R4a-SM-2HML3,-0.4921
GTEX-ZYFG-1626-SM-5GZYY,0.1388
GTEX-12C56-1726-SM-5EQ61,2.1988
GTEX-ZYY3-3126-SM-5SI9L,-0.7588
GTEX-139UW-0326-SM-5J1ML,1.9149
GTEX-ZT9W-2726-SM-57WG8,1.4174
GTEX-WWYW-0005-SM-3NB3K,0.1776
GTEX-WYJK-1126-SM-3NM9Z,-0.1345
GTEX-XAJ8-0006-SM-46MVM,2.7379
GTEX-UJMC-1826-SM-3GADT,-2.2447
GTEX-14AS3-2226-SM-5S2OX,1.8036
GTEX-13OVL-3226-SM-5L3H8,2.9052
GTEX-V1D1-0008-SM-4JBIJ,0.3907
GTEX-11XUK-0005-SM-5LU9F,1.8323
GTEX-XBEW-0626-SM-4QASP,2.8994
GTEX-139T8-0726-SM-5L3D2,2.0254
GTEX-ZLV1-0126-SM-4WWBZ,2.362
GTEX-13O3O-0326-SM-5K7W2,1.2815
GTEX-T5JC-1526-SM-4DM68,-0.3566
GTEX-XBED-0826-SM-47JYC,0.044
GTEX-XMD2-0326-SM-4YCD6,2.3135
GTEX-11ONC-0526-SM-5BC57,0.5069
GTEX-QV44-0008-SM-447AX,0.5069
GTEX-139TT-0011-R11b-SM-5LZV1,1.5758
GTEX-ZDTS-1326-SM-4WKGX,-3.3076
GTEX-13FLV-1426-SM-5J1N4,-0.8339
GTEX-11EMC-0926-SM-59863,0.7916
GTEX-14ICL-0926-SM-5S2TU,0.3796
GTEX-147F3-0226-SM-5NQBV,2.667
GTEX-PVOW-0426-SM-2XCF8,-0.8084
GTEX-OXRK-0126-SM-3NB1E,3.5424
GTEX-ZTX8-1826-SM-5N9E5,0.6517
GTEX-145ME-1126-SM-5SIAT,0.7407
GTEX-ZF29-2126-SM-4WWB8,1.884
GTEX-ZF28-0726-SM-4WKFU,3.8798
GTEX-14A6H-0126-SM-5QGPK,1.6234
GTEX-12C56-0426-SM-5FQU1,-0.0725
GTEX-Y3I4-0126-SM-4TT26,1.9712
GTEX-117YX-1626-SM-5GZZG,1.6558
GTEX-SN8G-0926-SM-4DM5I,-0.6643
GTEX-XMD2-0008-SM-4WWE7,1.6875
GTEX-111YS-1626-SM-5GZZ9,0.8647
GTEX-ZYFC-0426-SM-5GICQ,2.7487
GTEX-WFG8-1326-SM-4LVN3,1.3735
GTEX-1399U-0926-SM-5IFHA,1.2992
GTEX-11NV4-0526-SM-5N9BF,1.2394
GTEX-145LU-0011-R11b-SM-5P9JX,0.5763
GTEX-139TU-1226-SM-5J2NL,2.2663
GTEX-XGQ4-2326-SM-4AT53,-2.3147
GTEX-RWSA-0126-SM-2XCBB,1.7489
GTEX-14C39-1626-SM-5S2P4,0.24
GTEX-RM2N-0926-SM-48FD1,1.674
GTEX-ZV6S-0826-SM-5NQ6Z,1.736
GTEX-13N11-1126-SM-5KM41,1.4335
GTEX-R53T-1126-SM-48FD4,2.4727
GTEX-117YX-0826-SM-5H11J,-0.0574
GTEX-RM2N-1726-SM-2TF55,0.8726
GTEX-YEC3-0426-SM-4YCEP,-0.4521
GTEX-S4P3-0008-SM-3NM8R,2.5462
GTEX-OHPN-0005-SM-2YUML,0.5666
GTEX-WRHK-0226-SM-4MVOH,0.7579
GTEX-OHPK-2626-SM-2HMK9,0.7058
GTEX-Y5LM-1726-SM-4VDSX,2.6278
GTEX-13OW7-2926-SM-5MR3Z,1.5064
GTEX-R55G-1626-SM-48FF4,4.0722
GTEX-12WSA-2926-SM-5EQ4D,-0.9971
GTEX-11DXZ-1726-SM-5H12M,0.6699
GTEX-OHPJ-0626-SM-2YUMY,-0.1345
GTEX-Y111-0226-SM-4SOIW,-0.6873
GTEX-111YS-0926-SM-5EGGI,1.6649
GTEX-13FHP-0826-SM-5K7V5,-0.2328
GTEX-X5EB-2026-SM-4E3KA,1.1641
GTEX-WXYG-1426-SM-4ONCK,2.4571
GTEX-12WSK-0826-SM-5CVNP,1.4228
GTEX-11GSP-0226-SM-5A5KV,1.7403
GTEX-ZUA1-0426-SM-5NQAF,0.7999
GTEX-OXRO-1926-SM-2S1O3,3.0056
GTEX-131YS-2426-SM-5J2OD,2.118
GTEX-POYW-1326-SM-48TCG,3.5559
GTEX-Y5V5-0926-SM-4VBPZ,-1.685
GTEX-148VI-1726-SM-5S2W9,-0.2328
GTEX-11LCK-0226-SM-5A5M6,3.4371
GTEX-WEY5-0001-SM-3P61Z,-0.8599
GTEX-ZXES-0008-SM-57WCX,2.676
GTEX-SJXC-0008-SM-4DM7G,3.0978
GTEX-12WSG-1426-SM-5FQUK,0.9862
GTEX-XV7Q-2626-SM-4BRVA,1.4011
GTEX-XUJ4-0926-SM-4BOPA,1.1897
GTEX-13FLV-2326-SM-5K7UK,0.6425
GTEX-12WSD-0011-R4b-SM-5LZUA,-0.3022
GTEX-12WSD-2326-SM-59HKQ,-2.2447
GTEX-13S7M-0011-R9a-SM-5O9DW,-0.6873
GTEX-XUZC-1726-SM-4BRWS,3.906
GTEX-XYKS-1326-SM-4BRUN,2.5288
GTEX-13W3W-1726-SM-5LU4A,3.5486
GTEX-14ASI-0011-R6a-SM-5S2UZ,1.8323
GTEX-13OW8-1426-SM-5IJDT,-1.9379
GTEX-X4EO-2426-SM-4QASD,1.8564
GTEX-13OVL-0011-R5b-SM-5L3FU,2.7314
GTEX-PWCY-2026-SM-2S1NF,-9.9658
GTEX-ZLFU-1826-SM-4WWBV,1.8604
GTEX-12WSK-1926-SM-5LZVK,1.7053
GTEX-SNMC-0526-SM-4DM69,2.6208
GTEX-13FHP-3126-SM-5KLYX,1.177
GTEX-YFC4-0226-SM-57WD2,-0.0877
GTEX-12WSL-2026-SM-5GCML,0.8246
GTEX-1313W-0011-R7b-SM-5DUWL,1.2455
GTEX-T5JC-1826-SM-4DM6E,1.7053
GTEX-YF7O-0826-SM-4W21F,1.1117
GTEX-144GL-0011-R6a-SM-5P9HW,2.6464
GTEX-OHPL-0626-SM-3MJGJ,2.4597
GTEX-OXRP-2326-SM-2S1NL,1.692
GTEX-11OF3-2626-SM-5GU7F,2.6161
GTEX-YF7O-1526-SM-5IFI6,1.5758
GTEX-11DXZ-1826-SM-5H12Y,-0.1828
GTEX-PX3G-0526-SM-2I3EM,1.1512
GTEX-1313W-1426-SM-5KLZU,-0.1993
GTEX-ZAB4-1526-SM-5CVN7,0.8726
GTEX-PWN1-2526-SM-48TDS,2.043
GTEX-WHSB-0326-SM-5FQSD,-1.1488
GTEX-ZAB5-0426-SM-5CVMI,-1.5522
GTEX-R55F-1326-SM-2TF5F,0.8408
GTEX-ZP4G-0008-SM-4E3I4,1.7744
GTEX-13RTK-0426-SM-5RQHT,0.044
GTEX-1477Z-0011-R3b-SM-5PNX9,-1.6394
GTEX-12ZZX-1026-SM-5LZUW,2.6067
GTEX-13X6I-0011-R8a-SM-5PNZF,1.1447
GTEX-ZYFG-0326-SM-5E45Z,1.196
GTEX-12C56-1926-SM-5FQUG,-2.1779
GTEX-XYKS-0826-SM-4BRVF,1.2271
GTEX-12WSK-1026-SM-5CVNR,0.0014
GTEX-QCQG-0726-SM-48U1Z,0.346
GTEX-WEY5-2226-SM-3GILQ,0.8961
GTEX-11ZVC-0526-SM-5N9G1,-0.6193
GTEX-XYKS-0526-SM-4BRW2,1.884
GTEX-ZF3C-1626-SM-4WWB4,2.872
GTEX-WH7G-0726-SM-5EQ6C,1.2516
GTEX-YEC3-0726-SM-4YCD1,-0.8339
GTEX-131XE-0326-SM-5LZVO,0.9343
GTEX-ZF2S-0006-SM-4WKHF,-1.4305
GTEX-ZEX8-0526-SM-4WKH5,1.105
GTEX-117YX-0226-SM-5EGH6,0.605
GTEX-X15G-0726-SM-4PQZ5,2.7117
GTEX-146FH-2626-SM-5Q5E1,2.6715
GTEX-14E6C-1026-SM-5SI6P,0.4761
GTEX-ZDTS-0526-SM-4WKH9,-3.0469
GTEX-144GN-0826-SM-5LU5G,1.3679
GTEX-13IVO-0626-SM-5LZYJ,0.1776
GTEX-OIZH-1826-SM-2YUNP,0.4761
GTEX-12ZZX-2826-SM-5BC6K,2.2237
GTEX-12WSK-1126-SM-5LZV8,2.1411
GTEX-1497J-0726-SM-5Q5D1,-1.685
GTEX-PVOW-0008-SM-48TE8,-0.1345
GTEX-11NUK-0005-SM-5MR5F,-1.3921
GTEX-111CU-0926-SM-5EGIK,-0.7588
GTEX-1128S-0326-SM-5GZZF,-2.0529
GTEX-1192W-2326-SM-5N9BS,1.334
GTEX-11WQK-2926-SM-5EQKT,-0.1187
GTEX-ZDTT-0226-SM-4WKHM,-0.0425
GTEX-UPJH-0826-SM-4WKFD,0.7058
GTEX-11WQC-2826-SM-5GU7A,1.9149
GTEX-132QS-0826-SM-5K7WV,-0.2845
GTEX-ZDYS-0126-SM-5HL6X,0.6239
GTEX-11ZUS-0226-SM-5FQT8,-1.2828
GTEX-11TTK-0426-SM-5EQLT,1.5465
GTEX-QDT8-1326-SM-48TYY,1.0915
GTEX-14BMU-1926-SM-5S2QC,1.2636
GTEX-ZAB4-3126-SM-57WCJ,1.0847
GTEX-OHPM-1026-SM-3LK74,2.9052
GTEX-131YS-0426-SM-5EQ4J,-0.3383
GTEX-S4Z8-2126-SM-4AD5H,1.1641
GTEX-11EM3-0226-SM-5985Y,-2.3147
GTEX-13OVI-0726-SM-5L3DD,1.8323
GTEX-13VXU-0126-SM-5SI9F,2.4492
GTEX-WY7C-1726-SM-4ONCC,0.3907
GTEX-12WSB-0226-SM-5GCOR,3.9487
GTEX-13G51-0826-SM-5K7VB,0.099
GTEX-QEG5-0626-SM-2S1PP,0.7916
GTEX-145MN-0126-SM-5RQHY,0.5763
GTEX-145MF-1026-SM-5Q5EQ,1.0983
GTEX-RU1J-0826-SM-46MUU,3.7877
GTEX-13X6J-0011-R5b-SM-5PNWT,1.334
GTEX-NPJ8-0011-R1a-SM-5SI8B,-0.0574
GTEX-ZUA1-0826-SM-4YCDL,-0.5543
GTEX-YJ89-0008-SM-4RGM4,0.3346
GTEX-13CZU-0005-SM-5LU8K,1.7489
GTEX-T6MO-0626-SM-4DM6P,-1.4699
GTEX-PLZ4-0006-SM-2S1NY,0.0718
GTEX-XYKS-2426-SM-4AT43,0.2277
GTEX-Q734-1126-SM-48TZY,2.1313
GTEX-XLM4-0011-R8A-SM-4AT44,3.6994
GTEX-RVPU-1526-SM-47JXQ,0.2277
GTEX-ZYWO-0126-SM-5GZWQ,2.5731
GTEX-PW2O-0826-SM-48TC5,1.6374
GTEX-X3Y1-2026-SM-3P5YM,2.5036
GTEX-TMMY-0005-SM-33HBN,-1.1488
GTEX-131XF-0126-SM-5DUVF,2.9893
GTEX-Y5LM-0226-SM-4VBRM,1.0847
GTEX-139UW-0011-R9b-SM-5LZYT,0.5069
GTEX-117YX-1226-SM-5H11S,0.7407
GTEX-ZVTK-0626-SM-5GU6Y,-0.2328
GTEX-13RTJ-0011-R1a-SM-5O9D9,-0.2498
GTEX-111VG-0326-SM-5GZX7,2.1378
GTEX-QDVJ-1326-SM-48U1X,1.1184
GTEX-TMKS-0126-SM-3DB7S,3.1523
GTEX-12WSA-0226-SM-5BC5V,3.0825
GTEX-T6MN-1126-SM-4DM71,2.409
GTEX-WRHU-1326-SM-4E3K7,0.1124
GTEX-14A6H-2626-SM-5NQBO,2.3788
GTEX-S95S-1026-SM-4B64M,0.4865
GTEX-145MN-1026-SM-5NQ9G,1.5998
GTEX-148VJ-0426-SM-5S2V8,-0.2159
GTEX-11WQK-3226-SM-5EGI3,1.2023
GTEX-YEC4-0726-SM-5CVLV,-1.3183
GTEX-ZUA1-0011-R5b-SM-51MTG,2.8137
GTEX-13FHO-0526-SM-5K7VS,0.8883
GTEX-ZT9W-1226-SM-57WE4,0.5763
GTEX-139TS-0005-SM-5NQC1,-1.5105
GTEX-WZTO-0001-SM-4PQZY,2.2723
GTEX-X15G-0826-SM-4PQZD,3.0995
GTEX-13N1W-1926-SM-5IJCH,0.4016
GTEX-1269C-0926-SM-5FQSR,-0.4131
GTEX-145MG-0826-SM-5Q5C2,0.7748
GTEX-144GM-0826-SM-5O98R,0.5666
GTEX-11LCK-0926-SM-5A5KA,3.453
GTEX-11GSO-2826-SM-5HL6Q,1.9073
GTEX-SNOS-0003-SM-3NMAO,1.0711
GTEX-145LT-0926-SM-5LU9C,2.1988
GTEX-11ZUS-2926-SM-5FQSL,0.9568
GTEX-1313W-2826-SM-5P9G1,2.4701
GTEX-RTLS-1326-SM-46MUN,-2.0529
GTEX-S33H-0008-SM-4AD6C,-0.5332
GTEX-13O3Q-0626-SM-5IJG1,1.2576
GTEX-117YW-2626-SM-5GZZH,1.6045
GTEX-11EQ9-1926-SM-5PNVV,0.1519
GTEX-11EI6-0426-SM-5EQ43,1.642
GTEX-117XS-3026-SM-5N9CA,0.0718
GTEX-13NYS-0011-R5a-SM-5MR4D,2.5213
GTEX-14E6C-0926-SM-5S2V9,1.4335
GTEX-11TTK-2726-SM-5GU58,3.0619
GTEX-ZVZP-0004-SM-51MS8,2.8681
GTEX-13OVJ-2726-SM-5IJG6,0.9268
GTEX-Z93S-0011-R5b-SM-4RGNI,2.3193
GTEX-ZDTS-0006-SM-4WAYZ,1.5316
GTEX-OHPM-0008-SM-4E3IP,3.0654
GTEX-QDT8-3026-SM-32PKB,1.934
GTEX-WWYW-0426-SM-3NB31,0.9268
GTEX-ZT9W-2226-SM-57WFU,2.7183
GTEX-Q2AH-1926-SM-2S1PN,0.5763
GTEX-NPJ8-0011-R3a-SM-2HMIW,1.0779
GTEX-13IVO-0226-SM-5LZXU,0.1648
GTEX-YB5E-1526-SM-5IFIE,0.4125
GTEX-ZT9W-2026-SM-51MRA,1.6234
GTEX-WFJO-2026-SM-4LVM3,0.8726
GTEX-13OVH-0011-R4a-SM-5KM3W,0.1257
GTEX-QV44-0426-SM-4R1KF,1.5165
GTEX-XMK1-2026-SM-4B65K,1.3735
GTEX-UPK5-1526-SM-4JBJA,0.2154
GTEX-131YS-1226-SM-5K7VE,0.6608
GTEX-OOBJ-1826-SM-3NB1C,1.1897
GTEX-11ONC-2926-SM-5P9JM,0.434
GTEX-13VXU-0626-SM-5L3F9,2.5536
GTEX-1399R-1226-SM-5P9GF,-1.5951
GTEX-13O61-1226-SM-5KM21,-1.6394
GTEX-WWYW-0011-R7A-SM-3NB3H,1.7617
GTEX-RNOR-2226-SM-2TF5O,0.9789
GTEX-PSDG-1326-SM-48TD2,2.081
GTEX-OIZH-1426-SM-3NB1O,0.2277
GTEX-WHSE-0011-R3A-SM-3P5ZM,-0.9686
GTEX-P4QT-1626-SM-2S1NP,-9.9658
GTEX-13OVL-0426-SM-5IFG6,5.5192
GTEX-131XG-0926-SM-5LZW5,-0.2159
GTEX-14E6C-0126-SM-5RQIP,1.6327
GTEX-SNMC-0926-SM-4DM5U,3.4344
GTEX-ZV6S-1826-SM-5NQ8D,1.2875
GTEX-131XH-0011-R6a-SM-5KM2G,2.8916
GTEX-145LT-1226-SM-5Q5BZ,1.5661
GTEX-UPK5-2326-SM-3P5Z8,1.3454
GTEX-12WS9-0011-R10a-SM-57WBV,0.9419
GTEX-XBED-1926-SM-47JYP,2.081
GTEX-SIU8-0326-SM-2XCDR,4.0977
GTEX-ZVT3-0126-SM-5GU6I,1.3956
GTEX-QXCU-0006-SM-2TC5K,-0.4131
GTEX-131YS-0011-R10b-SM-5EQ5N,0.3231
GTEX-QDVN-0726-SM-4B64L,1.5115
GTEX-ZF2S-3026-SM-4WWCH,-0.394
GTEX-WL46-0526-SM-3LK7W,0.1903
GTEX-V955-2026-SM-3GAFA,0.346
GTEX-XV7Q-2126-SM-4BRVX,2.7993
GTEX-ZE7O-0126-SM-57WC1,2.0183
GTEX-13PVQ-1526-SM-5IFEQ,-1.8836
GTEX-R53T-1026-SM-48FCO,1.7575
GTEX-ZYT6-1626-SM-5E45R,-1.9379
GTEX-1122O-0326-SM-5H124,0.537
GTEX-ZXG5-1626-SM-59HJK,1.4494
GTEX-13VXU-0011-R3b-SM-5O9CU,0.688
GTEX-11I78-2226-SM-5PNYA,0.8805
GTEX-11ZUS-0526-SM-59884,1.9188
GTEX-11P81-1426-SM-5P9JN,1.1184
GTEX-WEY5-1426-SM-4LMJ3,-0.9971
GTEX-W5WG-2426-SM-4LMI6,0.9862
GTEX-Y3IK-2826-SM-4WWDW,2.6185
GTEX-11ZTT-1726-SM-5EQL4,0.9038
GTEX-XBEC-1026-SM-4QASM,-0.1828
GTEX-11EQ9-0008-SM-5Q5DK,1.3167
GTEX-139YR-0526-SM-5L3DG,-4.035
GTEX-111YS-0006-SM-5NQBE,0.7664
GTEX-TML8-0926-SM-4DXSJ,2.3732
GTEX-ZQG8-0008-SM-4YCE7,1.3397
GTEX-12ZZX-1226-SM-5EGHS,2.1147
GTEX-Q2AH-0326-SM-48U1K,0.4125
GTEX-Y3IK-1126-SM-51MSV,2.826
GTEX-11NUK-2626-SM-5A5MB,1.787
GTEX-OHPM-2626-SM-5SI7I,4.0028
GTEX-ZP4G-2326-SM-57WEM,-0.8084
GTEX-1445S-0626-SM-5LU3C,0.3573
GTEX-RU72-0326-SM-2TF5T,-3.3076
GTEX-ZYWO-0226-SM-5GZX3,2.3592
GTEX-ZAB5-0926-SM-5CVMV,1.8282
GTEX-14753-0926-SM-5Q5BI,0.0854
GTEX-12BJ1-0006-SM-5SIB5,-0.2328
GTEX-14ABY-0726-SM-5Q5DF,2.2175
GTEX-POMQ-2326-SM-5S2VS,1.1577
GTEX-13OVJ-1826-SM-5KM2D,-0.1187
GTEX-PLZ5-0006-SM-2S1NZ,1.9638
GTEX-RU1J-1326-SM-46MUL,2.108
GTEX-OXRO-0011-R9A-SM-5S2W3,1.9675
GTEX-13111-1526-SM-5EGJX,3.4596
GTEX-P4PP-3026-SM-3P61O,0.8488
GTEX-13X6J-0011-R3b-SM-5P9K5,-0.6193
GTEX-PLZ4-1626-SM-3P618,2.8158
GTEX-WHSB-0626-SM-4M1XP,1.3167
GTEX-OIZI-1026-SM-3NB1K,0.9862
GTEX-PWN1-2626-SM-2I3FH,0.537
GTEX-147F4-0006-SM-5O99T,-1.9942
GTEX-13RTK-0326-SM-5RQHS,1.2271
GTEX-1399U-1026-SM-5J1OC,2.1444
GTEX-YJ8O-0226-SM-5S2NL,2.1345
GTEX-Y3I4-0726-SM-4TT7M,1.4808
GTEX-13O1R-0726-SM-5IJEI,2.2872
GTEX-RWSA-1726-SM-47JX7,1.9895
GTEX-Q2AG-0626-SM-2S1PV,1.9712
GTEX-11O72-2326-SM-5BC7H,1.1833
GTEX-ZG7Y-0926-SM-5EQ6O,-0.6416
GTEX-11ONC-0011-R8b-SM-5NQ87,0.8568
GTEX-12126-0011-R11a-SM-5BC6X,2.561
GTEX-WOFM-0126-SM-3MJFE,1.5563
GTEX-13X6K-0526-SM-5LU51,2.9729
GTEX-X261-3226-SM-3NMC3,4.1103
GTEX-TMZS-0126-SM-3DB9Q,2.296
GTEX-RU72-0011-R7A-SM-2TF5U,-1.3921
GTEX-ZV7C-2026-SM-5NQ8F,1.949
GTEX-131YS-0326-SM-5PNYW,2.2082
GTEX-PLZ6-1426-SM-5S2TR,1.4652
GTEX-WXYG-1226-SM-4ONCJ,1.5013
GTEX-11H98-0011-R11b-SM-5NQ6U,-0.1993
GTEX-ZV6S-1626-SM-5NQ81,1.2934
GTEX-SN8G-0001-SM-3NM8L,0.4233
GTEX-P4PP-1026-SM-3NM9O,1.5854
GTEX-U3ZH-0926-SM-4DXU4,1.8282
GTEX-ZTSS-0726-SM-51MSN,0.3907
GTEX-OXRN-2626-SM-48TBX,2.183
GTEX-11LCK-1126-SM-5A5KC,4.2914
GTEX-WH7G-0626-SM-4LVMO,0.3346
GTEX-R55D-1826-SM-48FEF,1.6604
GTEX-146FR-1326-SM-5SIAJ,1.7532
GTEX-131XE-0126-SM-5LZVC,1.5854
GTEX-WZTO-0011-R11A-SM-4E3K9,3.3675
GTEX-YB5E-0226-SM-5IFHI,1.3791
GTEX-14BIM-3126-SM-5Q5C7,2.183
GTEX-QCQG-0426-SM-48U29,1.9377
GTEX-11TUW-0926-SM-5EQMW,-0.7346
GTEX-X3Y1-1726-SM-4PQZL,2.4063
GTEX-R55G-0006-SM-2TC6O,1.1512
GTEX-WWYW-0826-SM-3NB2X,0.6332
GTEX-YEC3-2526-101809-SM-5CVLT,1.6785
GTEX-X261-0005-SM-4PQYX,1.3623
GTEX-ZAB4-0011-R3a-SM-4RGNQ,0.6145
GTEX-ZYFG-1226-SM-5GIC7,0.9268
GTEX-PVOW-1626-SM-48TC9,2.753
GTEX-P4QR-0326-SM-5SI8P,2.6067
GTEX-13OVL-0011-R8a-SM-5L3HH,1.8323
GTEX-12WSJ-1526-SM-5GCNI,0.7321
GTEX-14ABY-0011-R9a-SM-5PNZK,1.2333
GTEX-RM2N-1826-SM-2TF5B,-4.2934
GTEX-11P82-1326-SM-5HL62,-2.6349
GTEX-ZYFG-1726-SM-5GZZB,1.3283
GTEX-ZPIC-0926-SM-4WWFK,0.6332
GTEX-YEC4-1826-SM-4W1YP,1.5366
GTEX-XUJ4-0005-SM-4BOQ6,1.0847
GTEX-11EQ9-2426-SM-5HL5T,2.3394
GTEX-UPIC-0002-SM-3NMDC,3.0463
GTEX-YFC4-1526-SM-5IFJS,-0.2671
GTEX-WYVS-1426-SM-4ONCV,2.6138
GTEX-14E6E-1526-SM-5RQIG,1.5064
GTEX-139UW-0426-SM-5K7V4,-0.8339
GTEX-11OF3-3026-SM-5GU52,1.2756
GTEX-RN64-0326-SM-2TC5J,-4.6082
GTEX-NL4W-0011-R8a-SM-2I3G4,-0.1345
GTEX-P78B-1626-SM-5SI85,-1.9379
GTEX-W5WG-1426-SM-4KKZP,1.5514
GTEX-13OW8-1826-SM-5L3H1,-0.1504
GTEX-TKQ2-1226-SM-4DXSV,0.7146
GTEX-WYBS-0926-SM-3NM94,3.6793
GTEX-X15G-1526-SM-4PQZM,4.0392
GTEX-S32W-2326-SM-2XCAW,-2.6349
GTEX-13112-0226-SM-5P9IV,4.1563
GTEX-13N1W-3126-SM-5IFHB,-2.0529
GTEX-11GSO-0011-R2a-SM-57WDF,0.7664
GTEX-13CF2-2626-SM-5LZZA,3.3307
GTEX-PWOO-1326-SM-48TCJ,2.4649
GTEX-NL3H-0011-R1a-SM-48TDJ,0.7748
GTEX-11OF3-1826-SM-5987N,2.8321
GTEX-WFG8-0126-SM-5CHTB,-9.9658
GTEX-X62O-2226-SM-46MW3,2.7139
GTEX-13CF2-2726-SM-5LZWW,2.5634
GTEX-111CU-0626-SM-5EGHL,-2.5479
GTEX-QCQG-1726-SM-3GIJ9,2.4805
GTEX-OOBJ-2626-SM-2I3F6,1.0915
GTEX-S95S-1426-SM-2XCDM,-4.6082
GTEX-SIU7-1126-SM-2XCDW,3.0323
GTEX-139TU-0626-SM-5KM3X,2.043
GTEX-12BJ1-0226-SM-5LUA2,-2.7274
GTEX-12WSC-0826-SM-5EQ5Q,0.5568
GTEX-S95S-0326-SM-4B66U,-0.4719
GTEX-XPT6-2126-SM-4B66P,1.8524
GTEX-145LV-0326-SM-5Q5BW,-1.8314
GTEX-X585-0426-SM-4E3JZ,1.9527
GTEX-X261-0011-R10B-SM-4E3JT,3.6474
GTEX-RVPU-2226-SM-2XCAQ,1.8119
GTEX-QEG4-1126-SM-2S1P7,3.603
GTEX-QVUS-0626-SM-447CC,3.47
GTEX-139T8-0626-SM-5KLZX,2.7357
GTEX-P4QS-1326-SM-3NMCD,1.5064
GTEX-ZVE2-2826-SM-5GU51,2.3479
GTEX-ZT9W-0926-SM-57WFS,1.1382
GTEX-ZYT6-0126-SM-5E45J,0.2998
GTEX-ZVT3-0926-SM-5GICK,-0.3383
GTEX-ZT9W-1126-SM-57WDR,1.6512
GTEX-13O1R-2526-SM-5N9FW,-0.6416
GTEX-117XS-0426-SM-5GZZN,-0.013
GTEX-X585-1226-SM-46MW7,2.236
GTEX-RVPU-2426-SM-2XCAR,-9.9658
GTEX-145MH-0626-SM-5NQAK,1.3225
GTEX-ZP4G-1226-SM-4WWCJ,-0.9132
GTEX-WHWD-0226-SM-4OORT,3.4331
GTEX-ZP4G-1626-SM-57WGD,0.8164
GTEX-11ZTS-0011-R3a-SM-5BC78,-0.2328
GTEX-VUSG-2826-SM-4KKZM,-1.3183
GTEX-XLM4-0011-R6A-SM-4AT4B,3.7094
GTEX-12WSB-0011-R11b-SM-57WBJ,3.6782
GTEX-Y5LM-0626-SM-4V6G4,1.2636
GTEX-P78B-0008-SM-48TE1,0.8568
GTEX-P4QS-2126-SM-3NMCF,1.5216
GTEX-13OVG-2226-SM-5K7V8,1.2333
GTEX-1477Z-1526-SM-5SI9V,1.8524
GTEX-Y8E4-2026-SM-5IFJB,3.5022
GTEX-14BMV-1426-SM-5S2WA,0.1257
GTEX-XV7Q-2326-SM-4BRVZ,1.5165
GTEX-PX3G-0426-SM-48U1C,1.2815
GTEX-N7MT-0011-R6a-SM-2I3G3,3.8411
GTEX-139TT-0126-SM-5K7Y5,1.8444
GTEX-T5JC-2326-SM-32PMR,-0.0877
GTEX-13O1R-1326-SM-5IJF5,2.1476
GTEX-13FH7-1626-SM-5J2O9,-1.5951
GTEX-131XG-2126-SM-5DUXG,2.609
GTEX-ZVT2-1726-SM-51MRO,1.1382
GTEX-ZTPG-0726-SM-5DUXP,2.7508
GTEX-R45C-0008-SM-48FF2,2.1047
GTEX-1192X-1026-SM-5H12P,0.2881
GTEX-13QBU-1826-SM-5IJG3,1.2516
GTEX-13O3Q-2826-SM-5KM2N,0.9268
GTEX-YFC4-1026-SM-5RQJM,-9.9658
GTEX-11GSP-1326-SM-5A5KY,-2.9324
GTEX-QDVN-0006-SM-48U1R,-0.1345
GTEX-13O21-3026-SM-5J2NI,-0.7834
GTEX-SE5C-1226-SM-4BRWV,1.2875
GTEX-145MH-0011-R5a-SM-5P9JT,1.5612
GTEX-OXRK-1826-SM-2HMJE,3.011
GTEX-WOFM-1626-SM-3MJFX,1.8604
GTEX-WYVS-1526-SM-4OND4,2.6019
GTEX-11DXZ-1926-SM-5GZZL,0.3685
GTEX-1192X-3026-SM-5N9BM,0.6425
GTEX-13NYB-0126-SM-5J1MD,2.8137
GTEX-144FL-0626-SM-5LU43,2.2842
GTEX-1269C-1826-SM-5N9E1,2.0638
GTEX-OIZH-2026-SM-3NB1M,2.0604
GTEX-13N1W-0726-SM-5MR57,0.2522
GTEX-13NZ8-3026-SM-5L3D4,0.679
GTEX-13PL7-2626-SM-5IFH4,1.3454
GTEX-SUCS-0626-SM-5CHQE,-9.9658
GTEX-OOBJ-2126-SM-3NB1N,2.8096
GTEX-QEL4-1926-SM-4R1JI,1.0573
GTEX-13O3O-0426-SM-5KM2Y,0.3573
GTEX-12WS9-0126-SM-5EGL7,2.3508
GTEX-ZYVF-2226-SM-5GIDD,2.2144
GTEX-13OVH-3026-SM-5MR4N,0.9191
GTEX-WFJO-0326-SM-3GIL3,-1.1488
GTEX-YJ89-0011-R11a-SM-4SOKA,2.1411
GTEX-13N1W-0011-R10b-SM-5MR4H,0.8805
GTEX-PVOW-0006-SM-3NMB8,-0.3752
GTEX-U8XE-0008-SM-4E3K4,1.683
GTEX-11VI4-0426-SM-5EGHZ,0.9716
GTEX-XQ3S-0926-SM-4BOPI,-0.5543
GTEX-145MI-3126-SM-5Q5CF,1.2815
GTEX-WXYG-0005-SM-3NB3M,1.4388
GTEX-Y5V5-1026-SM-5LUAH,0.6517
GTEX-WYVS-2426-SM-3NMA9,2.6693
GTEX-13OW8-0011-R10a-SM-5L3H6,0.9268
GTEX-11LCK-2326-SM-5HL53,6.4553
GTEX-ZYFD-0526-SM-5E442,-0.4719
GTEX-12ZZY-0226-SM-5LZVE,3.6474
GTEX-13113-1226-SM-5EGHT,1.5316
GTEX-S4UY-1626-SM-4AD55,0.2762
GTEX-13OW8-0011-R8a-SM-5L3G5,-1.4699
GTEX-QLQW-1626-SM-4R1K1,0.9038
GTEX-11LCK-0426-SM-5A5M8,3.9213
GTEX-13OW5-0926-SM-5L3GZ,-1.3548
GTEX-WYJK-0426-SM-3NM9G,0.1519
GTEX-N7MS-1126-SM-3LK5E,-1.3548
GTEX-ZVP2-1426-SM-5NQ7P,3.3032
GTEX-ZV68-0226-SM-59HJF,0.4552
GTEX-NFK9-0226-SM-2HMKQ,2.6783
GTEX-Y114-0426-SM-4TT6V,2.4571
GTEX-QV31-0008-SM-447AT,-0.0277
GTEX-ZLFU-1026-SM-5EQMZ,1.6327
GTEX-11EQ8-1326-SM-5EGJQ,-0.0877
GTEX-13PVR-0926-SM-5S2RB,-1.6394
GTEX-QDVJ-1426-SM-48U1Y,1.0151
GTEX-QVUS-0011-R8A-SM-3GAD7,1.4011
GTEX-P4PP-0226-SM-5S2VR,1.7954
GTEX-WL46-0008-SM-4OOSW,1.125
GTEX-PWCY-1826-SM-5SI7U,1.8484
GTEX-UTHO-1026-SM-3GAF7,-2.2447
GTEX-P44H-0011-R4A-SM-2XCEW,0.0158
GTEX-11ONC-2226-SM-5HL6D,0.8082
GTEX-P78B-1726-SM-3P5ZV,1.3791
GTEX-13CF2-0006-SM-5O99L,1.6187
GTEX-14A5H-1626-SM-5SIAN,2.4171
GTEX-11GS4-1026-SM-5N9DE,1.6785
GTEX-UPJH-0926-SM-4IHKA,0.058
GTEX-Y8DK-0326-SM-4TT3P,-3.6259
GTEX-X3Y1-0926-SM-3P5YT,2.8402
GTEX-RU72-0011-R2A-SM-2TF6O,-0.7588
GTEX-S4Q7-1326-SM-4AD74,0.7493
GTEX-X585-0011-R8A-SM-46MUX,1.7575
GTEX-ZPIC-2426-SM-5DUW1,-2.3147
GTEX-ZYFD-3126-SM-5E44O,0.2154
GTEX-148VJ-0006-SM-5NQB1,-2.6349
GTEX-13O1R-0826-SM-5J2MB,0.1776
GTEX-X15G-1726-SM-4PQZN,3.7335
GTEX-145MH-0011-R3b-SM-5P9JQ,0.2029
GTEX-11GS4-2526-SM-5A5KT,-1.1811
GTEX-12ZZZ-1726-SM-59HK5,-1.7809
GTEX-1399U-1826-SM-5PNZ1,1.9675
GTEX-139TS-1426-SM-5IFJD,-0.9686
GTEX-144FL-2726-SM-5O98Z,2.2237
GTEX-U4B1-1426-SM-4DXTX,4.1392
GTEX-Y8LW-0326-SM-4VBQ9,2.7095
GTEX-XUZC-0126-SM-4BOO6,2.2268
GTEX-11ZUS-0011-R8a-SM-5BC73,1.3225
GTEX-14753-1926-SM-5NQAA,0.434
GTEX-NPJ7-1326-SM-3MJHO,1.7575
GTEX-13FTX-0326-SM-5J2NG,1.7995
GTEX-146FH-2526-SM-5Q5BP,2.9802
GTEX-1117F-1326-SM-5EGHH,1.1833
GTEX-148VJ-0726-SM-5LU8J,0.7748
GTEX-ZPIC-1026-SM-59HKZ,0.605
GTEX-WQUQ-0126-SM-4OOSS,2.1988
GTEX-XUYS-0426-SM-47JX3,1.8918
GTEX-Y5LM-0005-SM-4V6EJ,1.2455
GTEX-11EI6-0008-SM-5QGR7,0.7321
GTEX-ZYFC-0626-SM-5GIDR,3.074
GTEX-OHPN-2926-SM-3LK65,2.5511
GTEX-NPJ8-2626-SM-2D7W2,0.4233
GTEX-Y8E5-0226-SM-57WCM,2.1345
GTEX-YFC4-0011-R4a-SM-4RGLQ,0.8327
GTEX-R53T-0826-SM-48FCP,1.3623
GTEX-ZPCL-2026-SM-57WFD,-5.0116
GTEX-11WQC-2626-SM-5CVLF,-1.3548
GTEX-XV7Q-0326-SM-4BRVM,1.8918
GTEX-ZT9X-0004-SM-4YCDT,1.9226
GTEX-13NZA-0011-R8b-SM-5KM2Q,2.3732
GTEX-11GS4-1426-SM-5N9D2,1.5013
GTEX-Y8DK-0011-R5B-SM-4RTW6,1.7532
GTEX-14B4R-1426-SM-5Q5CG,0.9935
GTEX-ZDXO-0326-SM-4WKHJ,-0.2671
GTEX-Y9LG-2326-SM-4VDS1,0.4657
GTEX-T2IS-0826-SM-4DM6L,3.9412
GTEX-11ZTS-0011-R1a-SM-5BC71,-0.4325
GTEX-VUSG-0326-SM-3GIJ7,0.5955
GTEX-UJHI-1126-SM-4IHLN,1.3901
GTEX-11DXZ-1426-SM-5H12A,0.1519
GTEX-SNMC-1026-SM-4DM7K,4.1875
GTEX-12WS9-3026-SM-5EGIE,1.3051
GTEX-PLZ6-0626-SM-3P61B,-1.0862
GTEX-YF7O-2226-SM-5CVN8,0.537
GTEX-13FH7-1926-SM-5J2OL,-0.1504
GTEX-ZLFU-0626-SM-4WWBO,1.0915
GTEX-12696-0926-SM-5FQTV,-0.2159
GTEX-13VXT-0526-SM-5SI9O,1.4911
GTEX-QEG4-1226-SM-2S1P6,2.8034
GTEX-YJ89-0011-R9a-SM-4SOK7,1.1706
GTEX-12ZZW-2326-SM-5DUW2,0.6969
GTEX-139T6-0626-SM-5IFF9,2.108
GTEX-139TU-0726-SM-5L3EK,2.0076
GTEX-139TU-0011-R5b-SM-5L3E1,-0.0725
GTEX-RTLS-0726-SM-46MV4,-0.394
GTEX-13O21-1126-SM-5N9EV,1.4494
GTEX-XQ3S-1326-SM-4BOPQ,-0.5543
GTEX-PX3G-0226-SM-2S1OU,1.5013
GTEX-SSA3-0002-SM-3P61R,1.7532
GTEX-WXYG-1626-SM-4ONCR,0.9343
GTEX-NL3H-0011-R11A-SM-2I3E6,1.9264
GTEX-N7MS-0011-R2a-SM-2HML6,0.2762
GTEX-QMRM-1126-SM-447BN,1.5013
GTEX-139D8-0226-SM-5KLZO,2.5852
GTEX-13OVJ-0726-SM-5KM1W,0.8805
GTEX-13FTY-0011-R1a-SM-5LZXE,2.3251
GTEX-S95S-0726-SM-4B64H,0.4233
GTEX-13O61-1526-SM-5KM3P,-0.3201
GTEX-ZTPG-2226-SM-57WF9,2.8779
GTEX-13FXS-0226-SM-5IJCK,2.5828
GTEX-PLZ4-0726-SM-2TC6Q,1.8323
GTEX-OHPL-0326-SM-33HC8,-1.3183
GTEX-S7SE-0005-SM-2XCEA,1.1447
GTEX-12WSF-0011-R4b-SM-5HL88,0.2881
GTEX-12ZZY-0426-SM-5LZW3,4.2158
GTEX-RVPV-0008-SM-47JYW,-0.7834
GTEX-PWCY-2226-SM-2S1OP,-2.3884
GTEX-11DXX-1126-SM-5GZZK,0.517
GTEX-S4Z8-2026-SM-3K2A9,0.7407
GTEX-O5YW-1526-SM-3MJGL,-0.0725
GTEX-11ZTS-0011-R2b-SM-5BC75,-0.0725
GTEX-T5JC-0011-R11A-SM-32PMB,0.3907
GTEX-PWCY-1726-SM-48TD3,2.328
GTEX-13OVI-1926-SM-5IJCG,2.2268
GTEX-13VXT-1426-SM-5LU4B,1.3846
GTEX-1399R-1926-SM-5K7X8,-1.5951
GTEX-1399T-3026-SM-5KLZC,2.8877
GTEX-P44G-0526-SM-2XCD1,-1.1488
GTEX-14BIM-0006-SM-5O9AA,0.5955
GTEX-12WS9-0011-R2a-SM-5CVNE,-0.6416
GTEX-P4QR-0426-SM-2S1NV,0.4967
GTEX-Y3I4-2226-SM-4TT7O,2.081
GTEX-PWOO-0726-SM-2I3EB,0.547
GTEX-139T8-0011-R1a-SM-5HL75,-0.1187
GTEX-WYJK-2426-SM-4ONDQ,0.6517
GTEX-ZV7C-0008-SM-57WCL,-1.2828
GTEX-X4XX-0011-R4B-SM-46MWL,0.0158
GTEX-RWS6-0001-SM-3NMAL,-0.1345
GTEX-13O1R-1226-SM-5J1NU,-2.9324
GTEX-145MH-1226-SM-5RQJT,1.8323
GTEX-ZLWG-0226-SM-4WWC6,1.7446
GTEX-13X6I-0926-SM-5LUAB,1.177
GTEX-ZE7O-2726-SM-51MT5,2.05
GTEX-NPJ8-2626-SM-26GMZ,-0.9132
GTEX-T5JC-2426-SM-3NMDB,0.2642
GTEX-XXEK-0004-SM-4BRWO,0.6239
GTEX-11ZUS-0011-R11b-SM-5BC7B,1.0642
GTEX-Y5V5-2126-SM-4WWFO,1.7316
GTEX-OXRK-0626-SM-2HMJ5,3.1377
GTEX-13RTJ-3126-SM-5S2Q4,1.2756
GTEX-11OF3-0006-SM-5O9CM,-1.0262
GTEX-TMMY-1226-SM-4DXT6,-1.7809
GTEX-YECK-1326-SM-4W1ZF,1.7273
GTEX-XBED-1526-SM-4AT5W,1.8484
GTEX-QLQ7-1826-SM-2S1R5,0.4447
GTEX-UJMC-1326-SM-4IHLS,1.412
GTEX-U412-2026-SM-4DXSI,1.8957
GTEX-ZVE1-0008-SM-51MS9,0.7664
GTEX-13S86-0626-SM-5Q5E7,0.4657
GTEX-Y111-0326-SM-4SOIX,-4.035
GTEX-WFG7-0005-SM-3GIKM,1.6964
GTEX-11TUW-2326-SM-5EQMO,-0.3383
GTEX-139YR-2126-SM-5KM11,1.3679
GTEX-WFON-0126-SM-4LVM9,1.7575
GTEX-ZAJG-2826-SM-5HL8D,1.7575
GTEX-13CZV-0011-R9a-SM-5LZXT,0.7832
GTEX-11EM3-0426-SM-5N9BZ,-5.0116
GTEX-13G51-3226-SM-5IFG7,0.7748
GTEX-XGQ4-1026-SM-4AT4L,0.3573
GTEX-14DAR-2226-SM-5S2VT,0.679
GTEX-NPJ8-0007-SM-2D7VX,-2.4659
GTEX-POYW-0526-SM-2XCEY,3.5645
GTEX-1497J-0226-SM-5QGPU,1.7229
GTEX-YEC4-1426-SM-5IFHS,-1.1811
GTEX-Y8E4-0826-SM-4VBRS,3.7367
GTEX-P44H-2626-SM-2XCET,0.1519
GTEX-13OW8-0326-SM-5L3FB,1.5415
GTEX-1399S-2326-SM-5K7YV,1.3791
GTEX-RTLS-0626-SM-2TF6G,1.3846
GTEX-T8EM-1826-SM-4DM7F,2.1894
GTEX-ZDYS-1126-SM-5K7UB,-1.5105
GTEX-Y8E4-2426-SM-4WWDN,3.2692
GTEX-WFON-0126-SM-5CHTF,-9.9658
GTEX-POMQ-1426-SM-3P61D,4.3213
GTEX-XMK1-1326-SM-4B65Q,1.7141
GTEX-X4XX-0626-SM-3NMC1,-1.1488
GTEX-ZDXO-2426-SM-5S2NJ,0.4125
GTEX-132AR-0426-SM-5IFH8,2.0569
GTEX-1269C-1026-SM-5N9EY,2.6693
GTEX-XMK1-0126-SM-4B65F,0.8327
GTEX-YJ8A-0526-SM-5IFHT,0.4865
GTEX-RUSQ-0226-SM-47JWT,2.9375
GTEX-ZF28-0126-SM-4WKGK,3.9728
GTEX-T5JW-1726-SM-3GADN,-1.0559
GTEX-ZDTT-2726-SM-4WKF8,0.7664
GTEX-13CZV-0011-R5a-SM-5K7XA,2.3164
GTEX-131XF-2526-SM-5EQ68,3.4817
GTEX-ZLFU-1726-SM-4WWBU,1.0151
GTEX-T8EM-1026-SM-3DB7M,2.0254
GTEX-13OW6-0011-R5a-SM-5O9BK,1.6466
GTEX-Q2AH-1226-SM-48TZL,0.9716
GTEX-WQUQ-2626-SM-4MVNP,2.1574
GTEX-U8XE-2026-SM-5CHQF,-9.9658
GTEX-U3ZN-1026-SM-4DXTC,2.5112
GTEX-12696-3126-SM-5FQUX,-0.9406
GTEX-13OW6-2626-SM-5IFF2,-0.5756
GTEX-WHSE-0526-SM-5GZZD,-1.8314
GTEX-13NZA-0826-SM-5K7WS,2.3048
GTEX-WVLH-1426-SM-4MVNX,2.8582
GTEX-13VXU-1026-SM-5KLZE,1.884
GTEX-12WSM-0011-R6b-SM-5EQ6N,1.642
GTEX-ZAKK-0426-SM-5EGHB,2.7805
GTEX-WFG8-0926-SM-3GIKJ,0.4447
GTEX-XYKS-1526-SM-4BRUP,2.8381
GTEX-ZE9C-0008-SM-4E3K6,1.4011
GTEX-WHSB-1626-SM-3LK6J,0.1776
GTEX-X3Y1-0006-SM-3P5ZG,-0.2671
GTEX-12KS4-0126-SM-5Q5A5,0.0854
GTEX-ZTTD-0006-SM-51MSJ,1.0573
GTEX-ZT9X-0926-SM-5O9C4,1.0293
GTEX-13N1W-0011-R5b-SM-5MR5Q,2.1213
GTEX-13O21-0626-SM-5IJDI,1.642
GTEX-131XG-1726-SM-5LZUR,1.5902
GTEX-P4PP-2426-SM-3P61L,3.9783
GTEX-14A5H-0006-SM-5O9AI,-0.7834
GTEX-13PVR-0326-SM-5RQJY,2.6138
GTEX-ZZPT-3026-SM-5GZXH,0.7664
GTEX-13YAN-2126-SM-5Q5C4,2.9319
GTEX-VJYA-1026-SM-4KL21,0.3573
GTEX-12ZZY-0011-R6b-SM-5EGLA,3.4437
GTEX-W5WG-2726-SM-4LMIC,0.605
GTEX-12ZZX-2726-SM-5N9FT,2.6395
GTEX-ZA64-1226-SM-5HL7B,2.9262
GTEX-WFG8-2526-SM-3GILR,-1.8314
GTEX-139YR-0126-SM-5IJEY,1.8363
GTEX-145MI-0011-R4b-SM-5PNZH,0.2762
GTEX-XMD2-0226-SM-4WWEE,1.7185
GTEX-ZUA1-0002-SM-4YCF7,2.8877
GTEX-1399R-0006-SM-5N9FR,2.5061
GTEX-13QIC-0011-R11b-SM-5O9BU,0.9038
GTEX-X62O-0826-SM-46MW8,-1.1811
GTEX-ZY6K-1526-SM-5GZXE,1.1833
GTEX-11XUK-0126-SM-5CVLK,2.7889
GTEX-XLM4-3126-SM-4AT6M,3.4804
GTEX-1192W-0005-SM-5NQBQ,-1.8314
GTEX-12BJ1-1526-SM-5LUAQ,0.4865
GTEX-Y8E5-0002-SM-57WD9,0.688
GTEX-ZVZP-1726-SM-5GZWY,2.5338
GTEX-WVLH-0011-R1A-SM-4MVOK,0.4657
GTEX-13OVI-0326-SM-5K7X1,0.24
GTEX-ZQUD-0526-SM-57WG4,-0.2498
GTEX-13NZ9-0526-SM-5J1OX,0.1388
GTEX-13OVJ-0011-R5a-SM-5P9H7,1.0079
GTEX-14DAQ-2326-SM-5S2QX,1.0151
GTEX-11GSP-3226-SM-5986O,0.3685
GTEX-13NYS-0011-R8a-SM-5MR5H,1.7532
GTEX-Y3IK-0226-SM-51MRJ,1.7185
GTEX-WHSB-0426-SM-4M1XI,1.9786
GTEX-ZPIC-2326-SM-57WDW,0.8327
GTEX-PX3G-0226-SM-3NB2C,1.7403
GTEX-13OW6-3026-SM-5J2MI,0.3231
GTEX-11EI6-0126-SM-5985R,2.7007
GTEX-ZE7O-0011-R7a-SM-57WCU,1.1833
GTEX-11ZTT-1626-SM-5EQKR,-1.2481
GTEX-14BIL-0226-SM-5SI9E,1.3109
GTEX-111YS-0826-SM-5GZYK,1.196
GTEX-ZTPG-1426-SM-51MT3,1.1833
GTEX-13O3O-2326-SM-5IJD6,1.5064
GTEX-1313W-0926-SM-5EQ56,1.0433
GTEX-12WSJ-0726-SM-5GCN6,0.5069
GTEX-12WSC-0526-SM-5BC5X,-1.0862
GTEX-UTHO-3126-SM-3P5ZB,0.24
GTEX-13NYB-0826-SM-5MR4V,2.3536
GTEX-SNMC-0826-SM-4DM66,2.2633
GTEX-Y3IK-0008-SM-4WWDZ,2.1147
GTEX-1211K-2226-SM-5FQU6,0.6145
GTEX-ZUA1-0011-R3a-SM-4YCEE,1.3791
GTEX-Y3I4-0626-SM-4TT7A,-0.3566
GTEX-ZYFC-1026-SM-5GZX9,1.8282
GTEX-12584-0726-SM-5FQTK,1.6512
GTEX-ZC5H-1526-SM-5HL9Y,3.3842
GTEX-13FTW-1926-SM-5K7Y4,1.674
GTEX-147F4-2826-SM-5NQBN,1.7273
GTEX-11DXX-1726-SM-5H11T,1.8363
GTEX-14BMV-0005-SM-5NQ6Y,-1.2142
GTEX-111YS-1026-SM-5GZYE,0.537
GTEX-XMD1-0011-R6A-SM-4AT5K,2.1766
GTEX-ZVTK-0326-SM-51MRR,2.6918
GTEX-11UD2-0926-SM-5CVL6,-0.2159
GTEX-11WQC-2526-SM-5CVLE,2.1925
GTEX-13VXT-1026-SM-5LU37,0.8164
GTEX-12WSL-2826-SM-5LZWL,0.9568
GTEX-11EI6-0326-SM-5EQ6G,-0.9971
GTEX-T6MN-0008-SM-4DM7H,1.0007
GTEX-XAJ8-0926-SM-47JXZ,4.0162
GTEX-XUW1-0426-SM-4BOOT,2.2723
GTEX-13X6K-0011-R10a-SM-5P9JR,3.0074
GTEX-WEY5-0926-SM-4LMI4,1.2756
GTEX-11GSO-1926-SM-5A5K3,1.105
GTEX-13VXT-1226-SM-5LU3M,1.6964
GTEX-14DAQ-1626-SM-5S2R1,-0.1031
GTEX-Y5V6-0326-SM-4VBRW,1.3109
GTEX-13PVQ-1826-SM-5L3GU,1.3956
GTEX-13NYS-0726-SM-5J1OR,2.0076
GTEX-OIZG-0426-SM-3LK5W,1.0007
GTEX-X4LF-0826-SM-4QASC,0.5568
GTEX-139TU-1126-SM-5J1NY,0.8568
GTEX-11EQ9-2126-SM-5PNVW,-1.5522
GTEX-RU72-0526-SM-2TF5Z,-2.7274
GTEX-ZF28-0011-R1a-SM-4WWD1,1.8078
GTEX-14A6H-2326-SM-5Q5B5,2.5288
GTEX-S32W-0826-SM-4AD5Z,0.7233
GTEX-11EQ8-0926-SM-5H12V,2.3106
GTEX-ZF28-0011-R6a-SM-4WKHI,2.4857
GTEX-ZZPU-2126-SM-5EGIU,3.3966
GTEX-S32W-1926-SM-4AD63,0.2029
GTEX-Y114-1226-SM-4TT88,2.6873
GTEX-SNOS-0826-SM-4DM5N,-1.5105
GTEX-131XH-0011-R2b-SM-5DUVY,2.4306
GTEX-13RTJ-0011-R11a-SM-5O9CK,0.4657
GTEX-Y114-0226-SM-4TT8W,1.2147
GTEX-13SLW-0126-SM-5SI6C,1.9452
GTEX-O5YV-0426-SM-3LK66,0.9862
GTEX-X3Y1-1126-SM-4PQZ9,2.3394
GTEX-Y3IK-2226-SM-4YCD4,2.8076
GTEX-Q2AG-0326-SM-48U1O,2.4279
GTEX-V955-0926-SM-4JBJ8,-0.5332
GTEX-1313W-0006-SM-5O9B1,-1.2828
GTEX-13OW5-0011-R4b-SM-5L3HS,-0.2671
GTEX-13OW6-0226-SM-5J1NB,0.5763
GTEX-W5X1-2526-SM-3GILC,3.5174
GTEX-1313W-0626-SM-5EQ4H,1.5563
GTEX-RVPV-0011-R5A-SM-2TF69,2.9525
GTEX-YEC3-2026-SM-5CVLQ,1.0293
GTEX-Y114-1326-SM-4TT9A,2.4623
GTEX-11ZTS-1526-SM-5N9G7,1.2815
GTEX-XUW1-1926-SM-4BOP1,0.8647
GTEX-12WSF-0011-R7b-SM-5HL99,1.6785
GTEX-148VJ-2226-SM-5NQ9M,1.4704
GTEX-WZTO-1626-SM-4PQYR,3.4344
GTEX-ZVT2-0001-SM-57WCK,0.3907
GTEX-U3ZN-0426-SM-4DXSH,1.4281
GTEX-QMRM-0226-SM-4R1K7,2.2513
GTEX-12696-0326-SM-5EGL4,0.2029
GTEX-RU72-2626-SM-4TT75,0.8327
GTEX-WY7C-2126-SM-3NB2R,2.2813
GTEX-WXYG-0004-SM-4MVOS,-0.1031
GTEX-OXRK-0008-SM-3NB28,2.9148
GTEX-1117F-2226-SM-5N9CH,0.1519
GTEX-12BJ1-0426-SM-5FQSO,1.8119
GTEX-NPJ8-0426-SM-2HMK6,0.2154
GTEX-WZTO-0011-R1B-SM-3NMAR,2.7636
GTEX-QDVN-0826-SM-48TZ2,0.3796
GTEX-WL46-0011-R1A-SM-3LK6M,-0.0725
GTEX-11DXX-2626-SM-5Q5A3,-2.3147
GTEX-13RTJ-2426-SM-5S2Q2,1.5806
GTEX-11TUW-2626-SM-5EQKZ,-0.7834
GTEX-14BMU-0226-SM-5S2QA,1.3791
GTEX-13PL6-0826-SM-5IJBI,1.1577
GTEX-13O3P-0526-SM-5K7UT,-0.7346
GTEX-YEC3-0826-SM-5P9JF,1.8484
GTEX-XUJ4-1526-SM-4BONU,1.787
GTEX-11O72-1126-SM-5N9E2,0.6145
GTEX-UTHO-2926-SM-3P5Z9,-0.0277
GTEX-XUW1-0826-SM-4BOP6,-9.9658
GTEX-ZG7Y-0326-SM-4WWEY,1.5563
GTEX-11TUW-1926-SM-5BC58,-1.3921
GTEX-YB5K-1826-SM-5IFJC,0.7407
GTEX-12WSL-0005-SM-5NQAD,-0.3383
GTEX-YEC3-2326-SM-5IFJF,1.1706
GTEX-QMRM-1226-SM-447C6,2.6395
GTEX-ZYFG-0626-SM-5GZYA,0.7579
GTEX-QESD-0326-SM-47J4F,-0.2159
GTEX-WFG7-1526-SM-4LVMG,1.7403
GTEX-YF7O-0626-SM-4W21R,1.5902
GTEX-QVJO-3126-SM-4R1KC,1.8683
GTEX-ZP4G-1026-SM-4YCE1,0.0718
GTEX-12WSE-0011-R1b-SM-5GU4V,0.6517
GTEX-ZE9C-0011-R6a-SM-4WWCW,2.036
GTEX-132NY-1726-SM-5EGKK,0.3115
GTEX-S341-1626-SM-3K2B8,2.5876
GTEX-13FH7-2026-SM-5IJCR,2.5487
GTEX-13O61-1326-SM-5KM31,0.0718
GTEX-144GL-0011-R1a-SM-5PNZ5,0.5666
GTEX-Q2AH-1526-SM-48TZG,1.8282
GTEX-WXYG-1326-SM-4ONCN,2.5804
GTEX-13O3Q-0011-R8b-SM-5KM2J,-0.0574
GTEX-ZVZP-1026-SM-5GICI,3.3119
GTEX-13O1R-1526-SM-5J1O7,0.3231
GTEX-WH7G-1326-SM-4LVMS,1.0363
GTEX-ZVZP-0226-SM-5NQ73,1.8201
GTEX-PWO3-0011-R2A-SM-2S1OX,0.2029
GTEX-ZP4G-1326-SM-5EGIW,-1.8314
GTEX-XMK1-0005-SM-4B665,0.434
GTEX-QVUS-0426-SM-48FE3,0.3573
GTEX-11LCK-1326-SM-5Q5AN,4.0679
GTEX-11LCK-1626-SM-5PNYB,4.6588
GTEX-U4B1-0008-SM-4DXUW,2.6067
GTEX-144FL-0426-SM-5O9A1,0.6517
GTEX-13O3P-0126-SM-5KM4S,1.4859
GTEX-WYJK-1426-SM-3NM8V,0.0158
GTEX-TSE9-2826-SM-4DXTF,1.1382
GTEX-Y3IK-1326-SM-4YCD8,2.5972
GTEX-Y3I4-1126-SM-4TT7Y,1.2023
GTEX-12WS9-0226-SM-5EQ4X,0.7146
GTEX-12C56-1526-SM-5FQUQ,2.1013
GTEX-NFK9-2226-SM-3MJGP,2.7422
GTEX-12ZZY-2926-SM-5DUXO,3.7783
GTEX-11OF3-3126-SM-5GU5E,0.6969
GTEX-WI4N-0726-SM-3TW93,0.099
GTEX-146FH-0926-SM-5SI96,2.0535
GTEX-XV7Q-0526-SM-4BRWR,1.0503
GTEX-WHPG-0006-SM-3NMBV,-1.0862
GTEX-RWS6-0005-SM-2XCAN,-0.3022
GTEX-R55G-0008-SM-48FEX,2.5238
GTEX-144GM-2026-SM-5LU3D,-4.035
GTEX-Z93S-0011-R6b-SM-4RGNJ,2.05
GTEX-12WSL-1626-SM-5GCMU,-0.2328
GTEX-Y5LM-0426-SM-4VBRO,-1.1811
GTEX-YECK-0226-SM-4W215,1.787
GTEX-145ME-2026-SM-5SIA5,-0.9686
GTEX-ZTX8-0526-SM-59HLD,0.9343
GTEX-W5WG-2026-SM-4LMIB,1.8036
GTEX-11DYG-0126-SM-59883,2.1313
GTEX-11ZUS-0326-SM-5EQ4W,0.7146
GTEX-ZLFU-0126-SM-5EQMN,1.8918
GTEX-11EI6-2226-SM-5EGJM,3.208
GTEX-OOBK-0726-SM-3LK5Q,0.5568
GTEX-139UC-0011-R11a-SM-5KM3J,0.7748
GTEX-13OVH-1826-SM-5K7YW,1.3051
GTEX-V955-1926-SM-4KL1L,1.4011
GTEX-PLZ5-0826-SM-4E3JR,1.692
GTEX-PWCY-0326-SM-43IRU,-0.394
GTEX-QXCU-0326-SM-2TC63,0.6425
GTEX-X4EO-2926-SM-4E3JH,3.0978
GTEX-SIU7-1526-SM-4BRWQ,2.8034
GTEX-QDVN-2326-SM-2S1PF,2.0638
GTEX-TKQ1-0526-SM-4DXTG,-0.2498
GTEX-13G51-0011-R2b-SM-5LZXS,0.058
GTEX-OIZI-0226-SM-2XCEE,1.4859
GTEX-RU1J-1926-SM-2TF6S,2.5462
GTEX-QESD-1626-SM-2S1RB,-0.0877
GTEX-ZYVF-0926-SM-5E44J,2.7117
GTEX-XPVG-0826-SM-4B654,-4.035
GTEX-OOBK-1626-SM-2HMKG,0.3907
GTEX-131XF-0826-SM-5GICG,2.7679
GTEX-ZF3C-0326-SM-4WWBF,0.0158
GTEX-T2IS-0008-SM-4DM75,2.7095
GTEX-O5YV-2026-SM-26GN2,-2.2447
GTEX-YJ89-0011-R6a-SM-4V6GN,1.1833
GTEX-145LV-1026-SM-5O9AE,1.0915
GTEX-XUZC-0426-SM-4BOPE,1.9564
GTEX-ZDXO-0011-R11a-SM-4WWD9,1.4388
GTEX-111CU-0526-SM-5EGHK,0.058
GTEX-11DXX-1226-SM-5GICD,-0.6416
GTEX-Q2AI-0226-SM-48U1D,2.0878
GTEX-QEG4-0226-SM-2S1PY,3.3478
GTEX-WH7G-2326-SM-3NMBC,1.8722
GTEX-T5JC-0005-SM-4DM7B,-0.1828
GTEX-SNOS-0726-SM-4DM5Z,-1.0262
GTEX-WZTO-0426-SM-3NM99,2.676
GTEX-13O61-2126-SM-5IJEO,0.4865
GTEX-13RTK-0726-SM-5Q5EN,1.7575
GTEX-YB5E-0826-SM-4VDRZ,-0.4719
GTEX-14BIL-0011-R9a-SM-5SI7A,1.0847
GTEX-WHWD-0005-SM-3LK7D,1.4065
GTEX-13FTX-1126-SM-5N9EN,2.0076
GTEX-13W3W-2726-SM-5SIAE,4.0824
GTEX-Z93S-0011-R2a-SM-4RGNG,0.9862
GTEX-YEC3-1926-SM-5IFIT,1.1897
GTEX-WHPG-1526-SM-4M1ZK,2.118
GTEX-UJMC-0326-SM-3GAE2,-0.7346
GTEX-O5YW-0006-SM-3LK6E,1.0079
GTEX-12696-1326-SM-5FQTJ,2.081
GTEX-S4P3-0426-SM-4AD56,2.6602
GTEX-V1D1-1726-SM-4JBHB,-0.0725
GTEX-12ZZZ-0011-R5a-SM-5EQ4M,1.8363
GTEX-XUZC-1626-SM-4BRVP,2.7636
GTEX-RNOR-2426-SM-48FDY,1.0983
GTEX-Y8E4-0626-SM-4WWDL,3.9374
GTEX-14ICL-1126-SM-5S2RE,1.2756
GTEX-13OW8-0011-R7a-SM-5L3FP,1.5806
GTEX-XUYS-0226-SM-47JX1,2.1766
GTEX-11OF3-1926-SM-59889,0.6145
GTEX-1399R-0826-SM-5IJEL,1.5465
GTEX-13FHP-0011-R6b-SM-5LZY6,1.7575
GTEX-WYVS-0326-SM-3NM9V,2.0254
GTEX-ZT9W-0008-SM-4YCDJ,0.8647
GTEX-13S7M-0011-R11b-SM-5P9HU,-1.5951
GTEX-ZAK1-2526-SM-5S2N7,2.2753
GTEX-TSE9-3026-SM-3DB76,0.4865
GTEX-XOTO-0126-SM-4B66N,1.4962
GTEX-WZTO-1026-SM-3NM9P,3.7877
GTEX-RNOR-0726-SM-2TF5I,1.2875
GTEX-QLQW-0005-SM-2S1RA,-0.4325
GTEX-OHPK-0326-SM-2HMJO,-1.9379
GTEX-WI4N-2726-SM-3LK7Y,2.7487
GTEX-12WSC-3026-SM-5GCNF,0.1903
GTEX-139YR-1826-SM-5LZXA,-0.9686
GTEX-13N1W-0226-SM-5K7W6,0.1519
GTEX-11UD1-0226-SM-5EQKL,0.7832
GTEX-XAJ8-1226-SM-47JYS,3.2511
GTEX-145LV-2126-SM-5LU8N,2.6783
GTEX-ZYT6-0426-SM-5GID3,1.4859
GTEX-12WSL-2426-SM-5GCN7,0.4967
GTEX-ZQG8-0001-SM-4YCDH,0.5763
GTEX-1117F-3026-SM-5GZYU,1.0573
GTEX-QVUS-0011-R4A-SM-3GAE7,2.1702
GTEX-11P82-1626-SM-59879,1.9302
GTEX-S4Q7-0926-SM-4AD5D,1.0642
GTEX-11UD1-0011-R5b-SM-5P9FP,-0.8339
GTEX-11ZU8-0126-SM-5EQ58,1.5216
GTEX-V955-2526-SM-4JBJG,1.3901
GTEX-13FLW-1426-SM-5K7YE,1.8801
GTEX-11OF3-1726-SM-5GU5Q,2.4035
GTEX-12WSL-0426-SM-5GCNX,0.537
GTEX-WCDI-0002-SM-3P61U,-0.1828
GTEX-SN8G-1526-SM-4DM79,1.2455
GTEX-13JVG-0011-R7b-SM-5MR3Q,1.2085
GTEX-ZF2S-1126-SM-4WKHH,0.7407
GTEX-145MH-0011-R7a-SM-5PNWH,1.8996
GTEX-13O3P-0926-SM-5IFFI,0.5666
GTEX-13QBU-1726-SM-5IJFQ,1.1577
GTEX-13FXS-2826-SM-5LZYC,2.8955
GTEX-139TS-0011-R7a-SM-5K7X7,-1.4699
GTEX-X585-0005-SM-46MV3,0.9716
GTEX-13U4I-0626-SM-5LU5L,-0.4521
GTEX-WFG8-1826-SM-4LVM4,1.125
GTEX-11WQK-2626-SM-5EQ4K,-1.3548
GTEX-ZF29-0226-SM-4WKHO,-2.7274
GTEX-11LCK-0008-SM-5Q5BB,3.4061
GTEX-147F3-1926-SM-5SIB9,3.0463
GTEX-S32W-1026-SM-4AD5W,-0.8599
GTEX-13OW6-0426-SM-5L3HM,1.816
GTEX-ZPU1-0426-SM-4WWCA,0.8488
GTEX-WVLH-0626-SM-3MJG7,1.6466
GTEX-11EQ8-2626-SM-5N9BO,2.5288
GTEX-117YW-2826-SM-5H116,1.0151
GTEX-13X6I-1026-SM-5LU4C,2.7422
GTEX-131YS-1626-SM-5HL6C,-1.1488
GTEX-X15G-2526-SM-4PQZT,3.9819
GTEX-11GSO-2626-SM-5Q5AK,0.4865
GTEX-111CU-1226-SM-5EGIN,-0.1187
GTEX-ZVP2-1626-SM-5GU5D,2.3251
GTEX-11EQ9-0726-SM-5A5K2,1.9149
GTEX-S341-0426-SM-4AD5L,2.8422
GTEX-11VI4-0826-SM-5GU5N,-2.3884
GTEX-13OW5-2926-SM-5IJF2,0.9191
GTEX-ZVZQ-0011-R1a-SM-57WBU,0.3346
GTEX-XOT4-0626-SM-4B66L,0.8082
GTEX-WK11-0326-SM-4OOS6,6.2171
GTEX-WHSE-0006-SM-3NMBW,-1.5105
GTEX-14C5O-1326-SM-5S2UW,-1.1172
GTEX-14A6H-2026-SM-5Q5DD,2.4805
GTEX-QMR6-0011-R10A-SM-32PKO,1.4065
GTEX-RUSQ-0006-SM-2TF6P,0.5666
GTEX-11P81-2026-SM-5P9GT,0.4447
GTEX-13YAN-0926-SM-5O9C3,2.9205
GTEX-X4XX-0126-SM-3NMC2,2.5511
GTEX-WL46-0011-R11A-SM-3MJFT,-0.2498
GTEX-13D11-0426-SM-5LZYA,1.6875
GTEX-14AS3-0326-SM-5Q5DB,1.1382
GTEX-113IC-0126-SM-5HL6T,2.7051
GTEX-11P7K-2126-SM-5GU7G,3.2526
GTEX-11I78-0005-SM-5N9GB,1.5465
GTEX-11EQ9-0002-SM-5QGQ1,0.0854
GTEX-WRHK-1626-SM-3MJFH,-0.6193
GTEX-PWCY-0526-SM-2I3ER,-3.458
GTEX-13OW8-1226-SM-5K7XD,0.346
GTEX-VUSG-1226-SM-4KKZF,1.8078
GTEX-12ZZY-0926-SM-5EQ6I,3.453
GTEX-12WSD-0011-R6b-SM-5P9JU,0.4447
GTEX-ZV7C-1526-SM-5NQ72,1.1833
GTEX-14ASI-0826-SM-5Q5EB,-3.3076
GTEX-13OW6-1826-SM-5N9F9,-0.7108
GTEX-WFG7-0326-SM-3GILI,2.1894
GTEX-144GO-2726-SM-5O9A2,3.6018
GTEX-1399T-0826-SM-5IFES,0.7748
GTEX-XQ8I-0926-SM-4BOOF,2.5437
GTEX-XV7Q-1326-SM-4BRWM,0.6969
GTEX-YEC4-1026-101814-SM-5P9FX,2.5011
GTEX-117YX-2626-SM-5EQ53,-1.0262
GTEX-Y5V5-1626-SM-4VDSG,1.8363
GTEX-12WSC-1126-SM-5EQ4G,-3.3076
GTEX-X15G-1126-SM-4PQZG,1.7954
GTEX-131XE-2726-SM-5P9G7,-0.1665
GTEX-VUSH-0008-SM-47JWK,1.0222
GTEX-13NZ9-1226-SM-5MR3J,0.1648
GTEX-ZPCL-0008-SM-4WWAU,0.4016
GTEX-13X6J-0011-R4b-SM-5P9K4,-1.2481
GTEX-Y3I4-0326-SM-4TT28,1.46
GTEX-13PDP-1226-SM-5K7TW,1.2023
GTEX-1399R-1126-SM-5IFIO,-0.5756
GTEX-SNOS-0326-SM-4DM6C,-0.3566
GTEX-11GSP-0011-R11b-SM-5NQ7V,0.6425
GTEX-146FQ-0526-SM-5LU9I,0.8568
GTEX-11GS4-0626-SM-5A5LC,1.6649
GTEX-RTLS-1226-SM-46MUP,1.5465
GTEX-YECK-0926-SM-4W214,0.7664
GTEX-XUYS-0008-SM-47JYZ,1.0007
GTEX-X4EP-0011-R4B-SM-3P627,3.4061
GTEX-XQ8I-1526-SM-4BOOH,2.7487
GTEX-11TTK-2426-SM-5PNYO,1.2636
GTEX-Y111-0008-SM-4SOJ3,0.679
GTEX-ZY6K-1326-SM-5GZWP,0.2998
GTEX-XAJ8-0126-SM-47JYG,3.3336
GTEX-131XH-0426-SM-5DUWU,2.4753
GTEX-12WSE-0926-SM-5S2VX,-1.3921
GTEX-Y5V6-0426-SM-4VBRZ,0.7233
GTEX-132QS-0926-SM-5P9GB,1.1641
GTEX-ZF3C-2326-SM-5S2MZ,0.9038
GTEX-QV44-2026-SM-2S1RD,-0.5332
GTEX-11DXZ-0226-SM-5EGGZ,1.2455
GTEX-WK11-2726-SM-3NMAQ,3.9673
GTEX-WWYW-3226-SM-3NB3B,0.7579
GTEX-QMR6-0008-SM-447AV,-0.5756
GTEX-XQ3S-0426-SM-4BOOA,-1.8314
GTEX-WYBS-1126-SM-3NMAM,3.2018
GTEX-P4QS-0626-SM-3NMD1,2.004
GTEX-X4EP-0826-SM-3P5YK,3.2915
GTEX-13N2G-0826-SM-5IJE6,0.5069
GTEX-X15G-2326-SM-4PQZS,4.0497
GTEX-ZAB4-0726-SM-5HL8I,0.8327
GTEX-XGQ4-0426-SM-4AT4I,0.0014
GTEX-RM2N-1126-SM-48FCY,1.2756
GTEX-S7SF-1426-SM-4AT5A,3.3235
GTEX-Q734-1826-SM-2I3EL,1.8879
GTEX-WVLH-0011-R10A-SM-3MJFM,0.2642
GTEX-12WSN-2526-SM-5LZU8,2.7051
GTEX-PW2O-0008-SM-48TEB,-0.5973
GTEX-117XS-0726-SM-5H131,-2.2447
GTEX-147F4-0126-SM-5QGPV,0.24
GTEX-XMD1-0526-SM-4AT4Z,1.5998
GTEX-QDVN-0426-SM-48TZ6,2.4518
GTEX-S3XE-1726-SM-3K2AM,1.2934
GTEX-1399S-0226-SM-5IFFG,1.3454
GTEX-ZVTK-0426-SM-51MRS,2.8994
GTEX-Q2AG-0011-R1A-SM-2HMJI,1.5115
GTEX-11WQK-0326-SM-5EQL1,-1.0559
GTEX-13FTZ-0126-SM-5K7V3,1.0222
GTEX-144GL-0526-SM-5LU41,0.058
GTEX-SJXC-0005-SM-2XCE7,0.4125
GTEX-ZDYS-0826-SM-4WWCR,1.9749
GTEX-X15G-1926-SM-4PQZQ,3.8993
GTEX-U3ZN-1926-SM-4DXSG,2.1894
GTEX-13CF2-1826-SM-5N9GK,4.0506
GTEX-131XE-0626-SM-5HL98,0.1257
GTEX-13D11-2226-SM-5IFEO,0.8961
GTEX-QDVN-1026-SM-48TZA,2.7572
GTEX-R55G-2526-SM-2TC6D,3.4635
GTEX-X261-3126-SM-4PQZC,4.3765
GTEX-X3Y1-0426-SM-3P5Z4,1.2394
GTEX-Z93S-2926-SM-57WB9,0.4233
GTEX-14AS3-0226-SM-5Q5B6,2.0183
GTEX-YECK-0326-SM-4W1YS,2.8936
GTEX-13OVI-1726-SM-5L3DW,0.547
GTEX-WHPG-0004-SM-3NMDO,1.1316
GTEX-13PL7-2526-SM-5IFGR,1.2085
GTEX-13OVJ-0011-R6b-SM-5L3GH,1.7575
GTEX-UPJH-0726-SM-4IHJW,0.4865
GTEX-14H4A-0226-SM-5SI6Q,1.2992
GTEX-1399T-2626-SM-5L3E4,3.6646
GTEX-13O21-2226-SM-5MR3L,0.1776
GTEX-11TT1-2426-SM-5EQMK,-1.1488
GTEX-RU72-2226-SM-46MUE,-0.2159
GTEX-13IVO-0011-R10a-SM-5LZY3,-0.3022
GTEX-11DZ1-2926-SM-5A5KI,0.547
GTEX-WRHU-1226-SM-4E3IJ,-2.114
GTEX-P4QR-0226-SM-3NMCH,1.8404
GTEX-T5JC-1726-SM-4DM6U,2.3816
GTEX-SE5C-0726-SM-4BRWY,0.4657
GTEX-13QJC-0626-SM-5S2O9,3.3897
GTEX-13VXT-1526-SM-5LU3J,2.7572
GTEX-1339X-2426-SM-5KLYU,-3.1714
GTEX-WHSE-0726-SM-4RTXA,-1.2142
GTEX-S95S-0008-SM-4AT5M,-0.8599
GTEX-S95S-1126-SM-4B64E,1.0711
GTEX-Y3IK-0826-SM-51MT8,1.4174
GTEX-Q734-0626-SM-2I3EF,0.9716
GTEX-QEL4-1026-SM-4R1JK,1.3051
GTEX-SIU8-0008-SM-4BRUC,2.6487
GTEX-Y5V5-2326-SM-4V6GA,2.0946
GTEX-14E6C-0226-SM-5S2N3,0.4967
GTEX-13X6I-0011-R7b-SM-5PNWP,2.4412
GTEX-111YS-2126-SM-5EGGM,1.3454
GTEX-117YX-2226-SM-5EGJJ,-0.3022
GTEX-OOBK-0126-SM-2YUND,2.8502
GTEX-13D11-1426-SM-5K7Y9,-0.7834
GTEX-RVPU-0011-R9A-SM-3NM8E,-0.394
GTEX-11UD2-0626-SM-5GU6L,1.7995
GTEX-ZYFD-0226-SM-5NQ86,0.547
GTEX-ZYW4-1126-SM-5SI99,-1.3921
GTEX-TMMY-0226-SM-33HBA,1.7489
GTEX-WVLH-3126-SM-3MJGA,1.3901
GTEX-XBED-0003-SM-47JWP,0.4016
GTEX-13NZA-0011-R1b-SM-5LUAF,1.4011
GTEX-13W46-0526-SM-5IJBD,1.0079
GTEX-13NZA-0011-R5b-SM-5KM4K,1.3051
GTEX-11GSP-1726-SM-5A5LI,-0.8863
GTEX-11EM3-2126-SM-5H11M,-4.035
GTEX-11TUW-0008-SM-5SI6S,0.9789
GTEX-12WSC-0226-SM-5EQ52,0.7407
GTEX-14BMU-0926-SM-5S2QB,2.0638
GTEX-132NY-0626-SM-5L3D9,0.7999
GTEX-13O3P-0326-SM-5K7VM,-0.2159
GTEX-ZDTT-1126-SM-4WKFW,0.0854
GTEX-OHPL-1326-SM-3MJGG,1.9452
GTEX-13OVH-2926-SM-5IJFH,1.177
GTEX-ZZPT-1426-SM-5N9C5,1.8524
GTEX-XBEC-0326-SM-4AT4M,0.2154
GTEX-ZAB4-0926-SM-5CVN4,-2.6349
GTEX-PLZ5-0926-SM-3TW8L,2.2693
GTEX-13NZA-3126-SM-5IJFU,3.8827
GTEX-1399R-1326-SM-5PNYS,2.1247
GTEX-Q2AH-1726-SM-2S1OT,-0.6643
GTEX-133LE-1526-SM-5IFEN,1.5709
GTEX-PSDG-1526-SM-48TCY,1.595
GTEX-YF7O-0126-SM-5IFIR,2.1862
GTEX-ZVP2-0008-SM-51MSL,2.9013
GTEX-R55G-2126-SM-2TC67,3.4411
GTEX-13O3Q-2426-SM-5IJBR,1.9034
GTEX-P44H-0011-R1A-SM-3NM8J,0.6699
GTEX-12C56-0226-SM-5N9FB,0.0854
GTEX-QLQ7-0326-SM-4R1JV,-0.2498
GTEX-1399S-1526-SM-5P9JC,-0.3383
GTEX-11DXY-2726-SM-5GID2,-9.9658
GTEX-T5JC-0226-SM-32PMA,-0.5973
GTEX-12ZZX-0626-SM-5EQ46,2.6602
GTEX-SJXC-2026-SM-4DM6N,3.8451
GTEX-13CIG-0011-R5b-SM-5L3F2,1.1833
GTEX-Q2AI-0326-SM-2I3EK,0.4233
GTEX-147F3-1726-SM-5SIAW,3.2677
GTEX-139UW-0126-SM-5KM1B,-1.0262
GTEX-QESD-0726-SM-4R1KQ,-0.5543
GTEX-OXRK-1626-SM-3NB17,1.4911
GTEX-13OW5-0011-R11b-SM-5L3GG,0.7916
GTEX-139YR-1626-SM-5IJGK,-0.4719
GTEX-13JVG-0011-R6a-SM-5MR3E,1.7912
GTEX-11ZU8-0011-R3a-SM-5BC6U,-1.7809
GTEX-132Q8-0011-R2b-SM-5EQ5Z,0.7748
GTEX-Q2AI-0826-SM-48TZO,1.0222
GTEX-12584-2126-SM-5FQUM,-0.4131
GTEX-13CF3-1226-SM-5LZXN,2.8877
GTEX-XLM4-0005-SM-4AT4P,2.7594
GTEX-13W3W-0726-SM-5IJDQ,3.7269
GTEX-WHWD-0126-SM-4OORS,3.6184
GTEX-S4Z8-0626-SM-4AD6J,0.2154
GTEX-PWCY-0008-SM-48TE9,-0.1504
GTEX-R53T-0726-SM-48FCS,1.692
GTEX-12WSC-2826-SM-5BC5Y,1.8957
GTEX-YFC4-3026-SM-5IFJK,-0.013
GTEX-WEY5-0006-SM-3GIKG,-1.2142
GTEX-X3Y1-1326-SM-4PQZB,2.1638
GTEX-145MH-2926-SM-5Q5D2,0.7832
GTEX-13D11-2626-SM-5IJDB,1.3901
GTEX-13JUV-0011-R6b-SM-5LZYG,2.4857
GTEX-YFC4-3226-SM-5CVM2,-0.1504
GTEX-13NZA-1726-SM-5J1NA,3.208
GTEX-1211K-2126-SM-59HJZ,-0.0877
GTEX-Y5V5-2726-SM-4VDS2,0.1903
GTEX-13OW7-1926-SM-5LUB4,2.3423
GTEX-ZTPG-0226-SM-5O99I,3.222
GTEX-147F4-0226-SM-5QGPW,2.3048
GTEX-11ZTS-0526-SM-5CVL9,-2.114
GTEX-RM2N-0726-SM-48FD5,1.5709
GTEX-UJMC-0626-SM-4IHJQ,0.7493
GTEX-W5X1-2826-SM-3GILM,2.9394
GTEX-139T8-0006-SM-5NQ6V,-0.1031
GTEX-13G51-2326-SM-5LZXV,0.9343
GTEX-UPK5-0326-SM-3GAF3,-9.9658
GTEX-13NYB-2526-SM-5K7Z6,2.7951
GTEX-1399R-2226-SM-5P9JB,2.6693
GTEX-139D8-2426-SM-5KM3A,1.8996
GTEX-X261-2426-SM-4PQZU,3.8259
GTEX-139TU-0126-SM-5K7WH,2.7161
GTEX-RUSQ-0426-SM-47JWR,3.4583
GTEX-X261-0126-SM-3NMD6,4.352
GTEX-XPVG-0006-SM-4B65Z,-1.1172
GTEX-T6MN-0011-R5A-SM-32QPD,2.8974
GTEX-12WSK-0126-SM-5GCO7,1.6093
GTEX-139TT-0011-R3b-SM-5K7VL,0.7664
GTEX-WHSE-0626-SM-4RGNF,-0.4719
GTEX-13FH7-0526-SM-5IJF8,1.9675
GTEX-QEG5-0126-SM-4R1JR,3.8788
GTEX-WHWD-0826-SM-3LK6R,3.3619
GTEX-X3Y1-2626-SM-4PQZI,4.8812
GTEX-146FH-1226-SM-5NQB6,2.2082
GTEX-WY7C-2026-SM-4ONCM,2.2663
GTEX-ZVT3-0726-SM-5GICN,1.4808
GTEX-13CF2-0011-R11b-SM-5LZXO,3.2811
GTEX-14C39-0005-SM-5NQBR,-1.1488
GTEX-YBZK-0326-SM-59HLN,-2.1779
GTEX-WHWD-0003-SM-4M1ZS,3.0376
GTEX-144GL-3026-SM-5Q5CW,-0.0277
GTEX-RU72-0126-SM-2TF6Z,1.5709
GTEX-QDVJ-0008-SM-48U2E,-0.9406
GTEX-SNMC-1526-SM-2XCFN,1.5661
GTEX-OXRP-0006-SM-2I3FN,-1.5105
GTEX-13JVG-0426-SM-5MR59,-0.2671
GTEX-R55D-0126-SM-48FEL,3.29
GTEX-XPVG-0926-SM-4B651,-1.4699
GTEX-N7MS-1225-SM-3LK5G,0.9191
GTEX-12WSM-1726-SM-5BC6J,-1.0262
GTEX-Y3IK-0926-SM-51MQU,2.7379
GTEX-ZA64-0926-SM-5HL7H,3.2405
GTEX-11O72-0126-SM-59887,1.8524
GTEX-ZDXO-1926-SM-5E45Q,1.7141
GTEX-X4EO-0004-SM-4QARM,0.5271
GTEX-QDT8-2926-SM-32PKC,1.9675
GTEX-13NZ9-0626-SM-5IJCO,-1.7322
GTEX-XBEC-0726-SM-4QARZ,1.8404
GTEX-11GSP-2726-SM-5A5LJ,-2.1779
GTEX-PWCY-0426-SM-48TCW,-3.0469
GTEX-13W46-0226-SM-5SIAG,1.4174
GTEX-11NV4-0011-R7a-SM-57WDH,2.3337
GTEX-S7SF-1626-SM-3K2AY,3.0654
GTEX-WY7C-0926-SM-3NB34,-0.2159
GTEX-Y5LM-1526-SM-4VDTA,2.0395
GTEX-YF7O-0926-SM-5IFIF,1.7097
GTEX-Q734-0006-SM-2I3FJ,0.5069
GTEX-WFG8-1526-SM-5CHSI,-9.9658
GTEX-139YR-2526-SM-5IJC6,-1.3921
GTEX-ZTPG-1026-SM-5DUWP,2.5087
GTEX-14ASI-0011-R1b-SM-5S2TY,-0.5543
GTEX-14E7W-1226-SM-5RQIU,-1.6394
GTEX-Y5V6-1326-SM-4VDTF,-0.2328
GTEX-ZAB4-0011-R11a-SM-4SOKI,1.125
GTEX-WFJO-0002-SM-3P61X,0.3346
GTEX-139UW-1126-SM-5IJEJ,1.7575
GTEX-11EM3-1926-SM-5987U,0.3346
GTEX-1212Z-1826-SM-5FQSH,1.5998
GTEX-WZTO-2826-SM-3NM8P,3.5827
GTEX-ZTX8-1726-SM-51MSB,1.7446
GTEX-13O3O-1426-SM-5KM2S,-0.9686
GTEX-RTLS-0008-SM-48FET,0.9419
GTEX-XQ8I-1326-SM-4BOPV,1.4388
GTEX-T5JW-0005-SM-3GADE,0.9935
GTEX-13PVQ-2226-SM-5L3G9,-1.5105
GTEX-131XG-0526-SM-5DUWF,-1.0262
GTEX-145MO-0126-SM-5S2QU,2.7868
GTEX-12WSJ-0226-SM-5GCP7,1.5806
GTEX-W5X1-0826-SM-3GILN,2.3135
GTEX-ZF2S-0126-SM-4WKFO,1.7954
GTEX-ZF29-1126-SM-4WKGO,0.434
GTEX-111FC-1326-SM-5N9D9,1.7009
GTEX-ZXES-1626-SM-5NQ7L,3.2707
GTEX-13FTY-0426-SM-5IJC2,4.5626
GTEX-13111-2226-SM-5LZUE,0.0718
GTEX-V1D1-1926-SM-4JBGX,2.4144
GTEX-XLM4-0011-R2B-SM-4AT5Z,2.3423
GTEX-UJHI-0226-SM-4IHJL,0.5271
GTEX-13OVH-3126-SM-5MR4Z,1.0222
GTEX-U3ZH-0008-SM-4DXT2,0.7146
GTEX-WWTW-0626-SM-4MVNS,0.1519
GTEX-13111-0726-SM-5DUVE,2.3135
GTEX-ZPU1-2726-SM-4WWFT,0.2522
GTEX-Q2AI-1226-SM-48U14,2.4117
GTEX-131XE-1026-SM-5EGKE,1.105
GTEX-QDT8-0011-R9A-SM-32PKH,1.736
GTEX-ZEX8-1926-SM-4WKFR,1.1382
GTEX-WFON-0426-SM-3GIL4,-1.2828
GTEX-11EMC-2626-SM-59864,-1.5522
GTEX-12WSH-2826-SM-5GCP5,1.3397
GTEX-ZYFD-2926-SM-5GID9,0.8408
GTEX-QCQG-1326-SM-48U24,2.4883
GTEX-X585-0011-R4B-SM-46MVH,1.6093
GTEX-QV44-1825-SM-447CF,1.0293
GTEX-QMR6-0011-R6A-SM-32PKP,2.7139
GTEX-U4B1-0826-SM-4DXTW,3.0481
GTEX-Y3IK-1726-SM-4YCCR,2.5011
GTEX-13112-0011-R1b-SM-5HL7K,-0.5332
GTEX-Z93S-0011-R3b-SM-4RGNH,0.6425
GTEX-OXRP-0326-SM-5SI7J,2.7314
GTEX-13PL7-2126-SM-5L3HZ,0.5069
GTEX-13OW8-2726-SM-5L3FZ,1.4011
GTEX-Z93T-0126-SM-5HL5N,1.3791
GTEX-PSDG-0005-SM-3GADC,1.5266
GTEX-PVOW-1026-SM-5NQ7M,0.0158
GTEX-O5YT-1626-SM-32PK6,-4.2934
GTEX-13OW6-0005-SM-5NQ9Z,-0.2498
GTEX-ZXES-0926-SM-5E43O,2.8916
GTEX-V1D1-0006-SM-3NMCE,1.125
GTEX-13O21-0126-SM-5IJE8,1.8242
GTEX-11EQ9-1326-SM-5985X,0.2154
GTEX-13PVQ-2126-SM-5L3FW,-0.2845
GTEX-13NZ9-0726-SM-5J1ME,0.6332
GTEX-13D11-1926-SM-5IFGB,1.5758
GTEX-11I78-0526-SM-5986A,1.4859
GTEX-147JS-0726-SM-5S2UL,1.125
GTEX-T5JC-0011-R10A-SM-32PM2,-0.0277
GTEX-11EQ9-0626-SM-5A5K1,0.099
GTEX-13PVR-1126-SM-5S2NX,0.9343
GTEX-11GSP-0326-SM-5A5KW,1.2455
GTEX-S33H-2226-SM-5S2UF,-4.2934
GTEX-POYW-0526-SM-5KM2H,3.5923
GTEX-X585-0011-R2B-SM-46MVF,1.7744
GTEX-PWCY-2326-SM-2I3EQ,-0.5756
GTEX-13NZ8-0326-SM-5L3DF,1.4494
GTEX-13OW7-0326-SM-5J1MP,-0.3383
GTEX-11DXX-0226-SM-5P9HL,-1.2481
GTEX-13O21-1426-SM-5K7XI,2.6873
GTEX-WEY5-1526-SM-4LMJF,0.099
GTEX-SUCS-0926-SM-4DM4Z,0.2881
GTEX-S4UY-1226-SM-4AD51,0.4447
GTEX-ZA64-0426-SM-5HL96,3.6324
GTEX-WEY5-0426-SM-3GIKT,-3.816
GTEX-ZPU1-0006-SM-4WWAT,-0.1665
GTEX-WL46-0011-R3A-SM-3TW8E,0.9419
GTEX-11ILO-2026-SM-5N9CQ,-1.2481
GTEX-XBEW-1126-SM-4QARW,2.7889
GTEX-WHSE-0126-SM-3NMBT,2.2513
GTEX-13NYC-0326-SM-5K7WP,1.7273
GTEX-ZY6K-1926-SM-5GZXW,-2.1779
GTEX-11P7K-0526-SM-5BC5I,1.674
GTEX-11ZTT-2626-SM-5EQKK,-3.816
GTEX-13X6I-0011-R1b-SM-5PNZC,0.7146
GTEX-14B4R-1326-SM-5Q5EZ,1.9675
GTEX-NPJ8-0126-SM-2YUNR,3.3577
GTEX-R55E-0011-R5A-SM-2TC5N,1.2875
GTEX-WFG7-1226-SM-4LMK2,1.6234
GTEX-YEC4-0626-SM-5CVLU,-1.3921
GTEX-YEC3-0426-SM-5IFK1,-1.0862
GTEX-13111-0626-SM-5LZVR,2.3222
GTEX-12126-0326-SM-5PNW3,2.8442
GTEX-WVLH-3026-SM-3MJG9,0.605
GTEX-12WSK-2226-SM-5GCO5,0.537
GTEX-145LS-2926-SM-5O99G,1.412
GTEX-145MO-2426-SM-5NQ9W,1.614
GTEX-12WSG-0726-SM-5EGIG,3.2856
GTEX-13OW5-0011-R5b-SM-5L3FR,1.9452
GTEX-148VJ-1026-SM-5LU98,2.4701
GTEX-S7PM-0008-SM-3NM9Q,0.4016
GTEX-OXRK-0226-SM-3NB2G,3.5022
GTEX-Y8DK-0826-SM-4TT3T,0.099
GTEX-1192X-0226-SM-5H12D,1.7828
GTEX-ZE9C-1426-SM-4WKGM,1.1117
GTEX-1313W-1026-SM-5EQ5I,1.105
GTEX-ZUA1-0011-R11b-SM-51MTI,1.6466
GTEX-XBEC-0426-SM-4QART,1.8363
GTEX-11NUK-1726-SM-5A5L2,-0.9406
GTEX-RTLS-0926-SM-2TF5X,1.8524
GTEX-ZE9C-2826-SM-5S2MO,-0.2159
GTEX-T6MO-1726-SM-33HB8,0.4761
GTEX-13CF2-0011-R1a-SM-5LZY1,1.8604
GTEX-WH7G-1726-SM-4LVKY,1.5013
GTEX-ZVZP-0626-SM-59HL5,1.8404
GTEX-146FH-1826-SM-5QGQ7,1.9712
GTEX-145LT-0426-SM-5LUAP,2.6418
GTEX-14BIM-0326-SM-5SI9B,1.3901
GTEX-12WSH-3126-SM-5LZW8,1.2696
GTEX-XOT4-0526-SM-4B66O,-2.0529
GTEX-ZYFD-2126-SM-5E43D,-1.0262
GTEX-X8HC-0626-SM-4E3HQ,2.753
GTEX-11DXY-2626-SM-5GIE7,1.9452
GTEX-XBEC-1326-SM-4AT69,-3.816
GTEX-ZYT6-0926-SM-5GIEM,-1.4699
GTEX-PLZ4-0226-SM-2S1NW,2.6873
GTEX-13FHP-2426-SM-5KLZ5,1.5115
GTEX-13O21-2426-SM-5MR4A,1.3397
GTEX-XMK1-0326-SM-4B652,0.5666
GTEX-ZV7C-0926-SM-59HL1,0.6969
GTEX-12696-3026-SM-5FQTU,0.8726
GTEX-Y3I4-0226-SM-4TT27,1.9675
GTEX-ZAB4-1426-SM-5CVN6,0.8488
GTEX-YEC4-0326-SM-4W216,-1.685
GTEX-P4QT-2426-SM-3NMCL,0.2998
GTEX-131XG-0126-SM-5K7UJ,0.8327
GTEX-11DYG-1226-SM-5N9DC,1.3567
GTEX-13SLX-0126-SM-5S2MM,1.5806
GTEX-131XG-0006-SM-5O9CE,0.5271
GTEX-13FTY-0226-SM-5IJBW,4.0713
GTEX-132AR-2726-SM-5PNVN,3.2677
GTEX-12WSD-2126-SM-5LZWK,1.5998
GTEX-Y3I4-0526-SM-4TT6X,-0.5543
GTEX-WFG8-1126-SM-4LVN1,-0.0425
GTEX-13FTW-1026-SM-5L3E3,-0.9971
GTEX-QMRM-0626-SM-447BQ,2.7051
GTEX-WL46-0011-R6A-SM-3LK6X,0.9862
GTEX-139UC-0011-R9a-SM-5K7W7,1.6558
GTEX-N7MS-0011-R10A-SM-2HMJK,0.1124
GTEX-XK95-0426-SM-4AT4R,-0.7108
GTEX-WK11-2526-SM-3NM9Y,3.3264
GTEX-11DYG-1026-SM-5A5JQ,-1.3183
GTEX-ZLV1-0526-SM-4WWD4,2.8799
GTEX-S4Z8-1826-SM-3K2BH,-1.3548
GTEX-X88G-0326-SM-47JZ4,2.685
GTEX-OOBJ-1626-SM-2I3F7,-0.013
GTEX-13OW6-0726-SM-5L3FX,0.9343
GTEX-QDT8-0226-SM-32PL4,1.3567
GTEX-ZAK1-1226-SM-5Q5AA,-0.4921
GTEX-U8T8-0326-SM-3DB93,-9.9658
GTEX-13SLX-0011-R11b-SM-5O9C8,0.8805
GTEX-147GR-0011-R2b-SM-5S2RQ,0.5955
GTEX-145MG-3026-SM-5RQJA,-0.0277
GTEX-13O3O-0011-R11b-SM-5KM4G,0.4447
GTEX-WXYG-0926-SM-3NB2O,1.2934
GTEX-YFC4-0011-R5a-SM-4RGLR,1.5612
GTEX-VJYA-1226-SM-3GIJ6,1.1641
GTEX-WRHK-0826-SM-3MJFG,0.537
GTEX-NL3G-0008-SM-4E3JX,0.1519
GTEX-QV31-0526-SM-447C3,2.1957
GTEX-13PVQ-0011-R9b-SM-5LU3B,0.5069
GTEX-12WSD-0011-R2a-SM-5LZWB,-1.7809
GTEX-13FTX-1226-SM-5IFGN,1.6964
GTEX-11ZTT-1026-SM-5EQKF,-1.9379
GTEX-13CF3-2126-SM-5IFJP,3.6543
GTEX-WFG7-1826-SM-3GIL1,0.6332
GTEX-12WSB-0011-R1b-SM-5P9EY,3.3278
GTEX-ZDXO-1426-SM-4WKHG,1.2992
GTEX-XAJ8-0726-SM-47JY5,3.5645
GTEX-ZYWO-1626-SM-5E44H,1.0079
GTEX-ZQUD-0226-SM-4YCEB,-0.1187
GTEX-XBEW-0006-SM-4AT4E,2.3843
GTEX-XGQ4-0926-SM-4AT4U,-1.0559
GTEX-P4QS-0426-SM-3NMCQ,0.4552
GTEX-12ZZW-0011-R4a-SM-5DUX9,-2.3884
GTEX-P44G-2326-SM-2XCCZ,-0.9971
GTEX-11DXY-1026-SM-5987V,-3.3076
GTEX-ZZ64-0626-SM-5GZWR,1.3051
GTEX-13OVJ-2326-SM-5IJGA,1.0293
GTEX-147GR-2826-SM-5RQK8,1.3397
GTEX-QEG5-1126-SM-33HC2,1.9034
GTEX-132AR-2226-SM-5J2NT,3.0876
GTEX-PWCY-1426-SM-48TCT,0.8408
GTEX-WQUQ-1526-SM-4OOSM,1.3225
GTEX-11EMC-3126-SM-5EGJP,0.6332
GTEX-U4B1-0626-SM-3DB8L,3.6125
GTEX-1269C-2826-SM-5EQ5O,1.4962
GTEX-PWN1-1826-SM-2S1PE,0.5955
GTEX-Q2AI-0626-SM-48TZU,2.128
GTEX-XUW1-1826-SM-4BOQD,-0.9132
GTEX-131XH-0626-SM-5LZWH,0.3573
GTEX-QVJO-1626-SM-2S1QW,2.9507
GTEX-131XF-0926-SM-5BC69,3.1669
GTEX-Z93S-0226-SM-5HL7R,1.4441
GTEX-1399T-1526-SM-5P9J6,5.037
GTEX-ZE7O-0011-R5a-SM-57WBO,2.1313
GTEX-ZDTT-0008-SM-4E3K5,1.0642
GTEX-13FTW-0326-SM-5K7UW,2.2113
GTEX-139TS-2126-SM-5K7XC,2.3451
GTEX-ZF2S-0004-SM-4WKFE,0.8647
GTEX-11ZTS-1226-SM-5EQMQ,1.1117
GTEX-WZTO-0011-R3B-SM-3NMC6,2.7551
GTEX-ZXES-0626-SM-5E45P,3.4034
GTEX-13VXU-0011-R4b-SM-5O9CI,0.5666
GTEX-WOFM-0626-SM-4OOS3,2.3077
GTEX-1313W-0526-SM-5P9FZ,0.3685
GTEX-11DXX-0726-SM-5H12X,1.1641
GTEX-Q734-0008-SM-48U2I,-0.4521
GTEX-ZTSS-0008-SM-4YCE8,0.4865
GTEX-WY7C-0006-SM-3NB3L,0.8961
GTEX-111YS-2226-SM-5987P,1.9931
GTEX-ZUA1-0326-SM-5NQA3,-0.1828
GTEX-13FTX-0226-SM-5K7TX,1.3956
GTEX-11EQ8-2826-SM-5N9C1,2.1114
GTEX-ZP4G-2026-SM-57WEH,-1.7322
GTEX-ZYFG-0526-SM-5GZXX,-3.0469
GTEX-PLZ4-0006-SM-5SI8L,1.8036
GTEX-12WSB-2926-SM-59HKL,4.2758
GTEX-11P7K-1126-SM-5HL4L,3.1162
GTEX-ZLV1-2126-SM-4WWD2,2.828
GTEX-11DXX-2726-SM-5PNXO,-4.035
GTEX-QVUS-2926-SM-3GIJB,0.2762
GTEX-YEC4-0426-SM-4W1ZH,0.434
GTEX-1128S-2626-SM-5H11Z,0.5568
GTEX-13JVG-0926-SM-5IJE1,0.3346
GTEX-1339X-0726-SM-5L3FF,0.3231
GTEX-11DYG-1426-SM-5A5JR,1.5806
GTEX-X5EB-1826-SM-4E3K8,2.6464
GTEX-OHPJ-0008-SM-4E3JG,0.3796
GTEX-11P81-0826-SM-5P9GR,1.6649
GTEX-ZF3C-0001-SM-4WWAW,1.2333
GTEX-Y3I4-1926-SM-4TT8L,1.5266
GTEX-WFG8-1226-SM-5CHTQ,-9.9658
GTEX-139T4-0326-SM-5K7XN,-2.3147
GTEX-ZDYS-1226-SM-5IJF3,-0.3752
GTEX-147F4-0926-SM-5Q5EO,0.0718
GTEX-X3Y1-0226-SM-3P5Z5,1.412
GTEX-11DXX-1826-SM-5H126,1.2992
GTEX-ZP4G-1426-SM-4WWCL,1.8643
GTEX-T5JW-0726-SM-4DM6D,1.8604
GTEX-P44H-0011-R3A-SM-2XCEQ,-1.0862
GTEX-XOTO-0726-SM-4B659,1.0363
GTEX-WVLH-0011-R4A-SM-3MJFS,0.2277
GTEX-XOTO-3026-SM-4B65M,-0.5973
GTEX-P4QS-2026-SM-3NMCG,1.5854
GTEX-13FHO-1026-SM-5KM1Q,-0.6416
GTEX-OHPL-2426-SM-48TDN,1.9377
GTEX-13SLW-0011-R3b-SM-5SI6Y,-0.6416
GTEX-RWSA-2026-SM-47JX8,3.0671
GTEX-12WSG-2126-SM-5EGJ7,1.0779
GTEX-144GN-0326-SM-5O9AD,0.5271
GTEX-QDVN-0626-SM-2I3FP,2.0638
GTEX-11GSP-0008-SM-5Q5DM,1.692
GTEX-13JVG-0011-R5a-SM-5MR4O,0.8488
GTEX-14753-0526-SM-5QGPR,-9.9658
GTEX-111FC-3126-SM-5GZZ2,1.1316
GTEX-X4XY-0008-SM-46MVL,0.688
GTEX-11DYG-0926-SM-5EGGW,1.8564
GTEX-OHPM-0726-SM-3LK7A,3.695
GTEX-1117F-3226-SM-5N9CT,0.7579
GTEX-13FTY-2826-SM-5J2ML,4.0497
GTEX-XBEC-1526-SM-4AT68,-1.9942
GTEX-TMMY-1326-SM-4DXU9,0.9716
GTEX-11XUK-2426-SM-5GU72,3.2389
GTEX-ZYT6-2726-SM-5GICP,1.7053
GTEX-13OVG-0226-SM-5LU93,0.1257
GTEX-131XH-2726-SM-5GCO2,1.4704
GTEX-11ONC-2726-SM-5N9DZ,0.0158
GTEX-RM2N-1326-SM-48FCW,2.6019
GTEX-13JUV-0011-R7b-SM-5LZZG,0.4125
GTEX-OIZG-1126-SM-2HMIU,-0.2671
GTEX-Y114-0006-SM-4TT76,1.2516
GTEX-13OVG-0926-SM-5J2OJ,-0.5543
GTEX-145MI-0011-R5a-SM-5Q5B4,-1.3548
GTEX-13JVG-3226-SM-5IJGJ,-0.3022
GTEX-WHSE-0011-R11A-SM-3P5YY,0.4016
GTEX-13JVG-0011-R8a-SM-5KM3E,0.2277
GTEX-WHWD-0926-SM-4OORY,4.1351
GTEX-1339X-0626-SM-5IJER,2.2573
GTEX-13W3W-1226-SM-5LU4H,3.9022
GTEX-13OVG-1326-SM-5K7Y3,0.2762
GTEX-13FLW-2126-SM-5N9FD,4.839
GTEX-QDT8-0011-R9A-SM-5SI8J,1.3283
GTEX-ZLV1-2026-SM-5EQMB,4.0816
GTEX-WY7C-2526-SM-3NB2N,-0.4521
GTEX-WL46-0126-SM-3TW8I,1.6558
GTEX-13OW5-0011-R6b-SM-5O9BW,2.3953
GTEX-11NUK-0726-SM-5A5ME,-0.4131
GTEX-145MN-0226-SM-5QGPY,2.2543
GTEX-111CU-1126-SM-5EGIM,1.2636
GTEX-ZQUD-2126-SM-51MSY,-0.8084
GTEX-Q734-0726-SM-48TZP,1.9264
GTEX-OXRO-0011-R9A-SM-3NB1X,2.3394
GTEX-14BIL-0426-SM-5SIA3,1.9111
GTEX-UPIC-0626-SM-4IHK2,3.2343
GTEX-1122O-1426-SM-5H11R,-0.2328
GTEX-U8XE-0126-SM-4E3I3,1.5366
GTEX-13PL6-0926-SM-5KLYY,1.4281
GTEX-RU1J-0626-SM-4WAWY,3.2973
GTEX-RNOR-2326-SM-2TF4I,0.24
GTEX-WL46-2826-SM-3LK81,0.8883
GTEX-S4UY-1426-SM-4AD6Y,1.787
GTEX-YJ89-0011-R1a-SM-4RGLS,-0.5756
GTEX-XUW1-0226-SM-4BOOS,0.9419
GTEX-12KS4-1526-SM-5EQ6E,-0.5125
GTEX-13NYB-0011-R6b-SM-5MR51,2.1957
GTEX-11WQK-0011-R8a-SM-5BC7C,-1.6394
GTEX-W5WG-2226-SM-4LMI3,0.7146
GTEX-ZAB4-2226-SM-5HL97,1.8323
GTEX-OIZH-3026-SM-3NB1G,0.3346
GTEX-PX3G-0326-SM-2I3EO,-0.5543
GTEX-ZPIC-1126-SM-5BC7F,1.0847
GTEX-14DAR-2026-SM-5S2O3,1.0151
GTEX-WL46-0011-R2A-SM-3LK6O,1.6466
GTEX-RU72-0011-R8A-SM-2TF61,1.9302
GTEX-12WSN-0826-SM-5GCOF,2.4805
GTEX-OXRP-0126-SM-48TDI,2.9839
GTEX-SNOS-0526-SM-4DM54,0.1257
GTEX-13O3P-1126-SM-5L3FG,-1.0862
GTEX-11P81-0008-SM-5S2OT,0.688
GTEX-139D8-2526-SM-5N9G3,3.0723
GTEX-13N2G-0011-R11a-SM-5MR3F,1.1382
GTEX-ZAK1-0626-SM-5HL8E,2.2144
GTEX-12WSM-1426-SM-5GCPA,0.3796
GTEX-13OW6-3126-SM-5L3IA,1.4859
GTEX-ZVZQ-0011-R6b-SM-57WAY,2.05
GTEX-148VJ-0326-SM-5QGQE,-3.6259
GTEX-12WS9-0826-SM-59HJX,-0.1345
GTEX-ZVT3-0011-R5a-SM-51MSI,0.3907
GTEX-ZPCL-1726-SM-57WEO,-0.4921
GTEX-REY6-0726-SM-2TF4M,-0.013
GTEX-XPVG-2026-SM-4B65E,1.5165
GTEX-U3ZM-0526-SM-4DXTB,2.7007
GTEX-13112-3126-SM-5IFGP,1.1897
GTEX-WRHU-2826-SM-3MJG8,1.9895
GTEX-11NUK-1226-SM-5P9GM,-2.3884
GTEX-11ZVC-0326-SM-5CVLC,0.8805
GTEX-12ZZZ-3126-SM-5LZU6,0.7407
GTEX-145LT-1026-SM-5LU9O,1.1833
GTEX-OOBK-0005-SM-2YUMG,0.8726
GTEX-13PLJ-0126-SM-5L3HU,2.0638
GTEX-YFC4-0926-SM-5S2U7,-0.2159
GTEX-WH7G-1526-SM-4LVMX,0.8246
GTEX-PLZ5-1526-SM-3P5ZX,2.5924
GTEX-ZDTS-0826-SM-4WKHL,2.2268
GTEX-W5WG-1726-SM-4LMI5,-0.8863
GTEX-RVPU-0011-R4A-SM-5SI8K,-4.035
GTEX-WXYG-1726-SM-4ONCU,2.4571
GTEX-SNMC-1626-SM-4DM52,3.5754
GTEX-13NZA-0011-R10b-SM-5KM54,2.2513
GTEX-N7MT-0226-SM-48TC3,3.5596
GTEX-117YX-2326-SM-5H12W,1.2815
GTEX-14BIL-2926-SM-5SIAF,0.7493
GTEX-12WSJ-1226-SM-5LU91,1.595
GTEX-144FL-0326-SM-5O99O,-0.3022
GTEX-ZAB4-1026-SM-5HL7T,-1.9379
GTEX-XMD1-0011-R5A-SM-4AT47,1.736
GTEX-14ABY-0011-R6a-SM-5PNWR,1.9931
GTEX-145ME-0726-SM-5O9A3,1.4756
GTEX-YF7O-0426-SM-5P9FS,-0.4921
GTEX-YEC4-0226-SM-4W1YG,-4.035
GTEX-12ZZY-0726-SM-5EQ66,3.6793
GTEX-WOFM-1126-SM-4OOSB,3.6759
GTEX-WWYW-0011-R10A-SM-3NB35,1.4335
GTEX-R55E-0426-SM-2TC65,0.547
GTEX-Y5V6-0008-SM-4V6FV,1.8323
GTEX-14BMV-0126-SM-5S2PO,2.7868
GTEX-REY6-0826-SM-2TF4S,-1.8314
GTEX-RWSA-1426-SM-47JXA,0.2029
GTEX-PVOW-0426-SM-5MR5R,-1.2142
GTEX-T6MN-0011-R2A-SM-32QOW,2.108
GTEX-P78B-0626-SM-5S2W4,1.5758
GTEX-WHSB-0526-SM-4M1XM,-0.7108
GTEX-QCQG-0008-SM-48U2G,1.5563
GTEX-NL4W-0011-R11A-SM-2I3DW,1.6234
GTEX-X3Y1-0008-SM-4PR12,1.7229
GTEX-13O21-0726-SM-5L3EG,0.9789
GTEX-UPIC-1526-SM-4IHLU,4.1571
GTEX-ZV68-0326-SM-59HJG,1.4174
GTEX-11EMC-1426-SM-5N9E4,0.4233
GTEX-13SLW-0326-SM-5RQK5,-1.7809
GTEX-ZZ64-1326-SM-5E444,0.7579
GTEX-13O61-2026-SM-5J2M6,1.3679
GTEX-11ZTS-3026-SM-5EQM7,1.1184
GTEX-1313W-0011-R3a-SM-5EGLI,-0.1031
GTEX-RU1J-1726-SM-2TF5S,1.8762
GTEX-11EQ9-2026-SM-5P9JI,-0.2498
GTEX-ZYT6-1326-SM-5E453,0.3796
GTEX-11WQK-2326-SM-5GU4Z,0.9935
GTEX-139TT-0326-SM-5IJC3,1.8762
GTEX-12WSD-0126-SM-59HKN,1.9111
GTEX-13VXU-0011-R5a-SM-5O9D7,2.1606
GTEX-146FH-1626-SM-5NQ9H,2.694
GTEX-WH7G-1626-SM-4LVMY,0.6608
GTEX-WYVS-0726-SM-4ONDO,2.2113
GTEX-XXEK-0126-SM-4BRVU,2.6067
GTEX-S4UY-0008-SM-3NM8H,1.642
GTEX-N7MT-0126-SM-26GMS,-0.9132
GTEX-X4XY-0526-SM-46MW1,0.7058
GTEX-WWTW-0008-SM-4MVPE,1.3167
GTEX-TSE9-0226-SM-3DB84,1.3846
GTEX-N7MT-0126-SM-26GMB,3.3464
GTEX-12WSD-0011-R1b-SM-5LZVY,0.3796
GTEX-P4QT-0226-SM-3LK68,0.434
GTEX-P44H-0011-R3A-SM-5SI8A,0.6699
GTEX-13JVG-0726-SM-5KM16,2.3843
GTEX-Y5V5-2626-SM-5IFJM,0.9935
GTEX-P4PP-2026-SM-3P61N,1.9601
GTEX-XLM4-0226-SM-4AT4N,3.6612
GTEX-OHPL-0726-SM-3TW8U,1.3735
GTEX-XBEW-0226-SM-4AT6A,1.412
GTEX-TSE9-0011-R10A-SM-3DB7O,1.3397
GTEX-X638-0003-SM-47JZ1,-0.1187
GTEX-S341-0008-SM-4AD6D,1.7273
GTEX-U8XE-0226-SM-4E3J3,2.3077
GTEX-U3ZM-1126-SM-4DXUB,2.93
GTEX-1445S-0011-R6b-SM-5PNUF,1.4962
GTEX-13OW7-0426-SM-5K7VK,2.4518
GTEX-QCQG-1226-SM-48U23,2.59
GTEX-WXYG-2226-SM-4E3IM,2.3394
GTEX-OOBJ-0926-SM-48TDO,1.1316
GTEX-11WQC-0008-SM-5SI6R,1.3679
GTEX-SIU7-0526-SM-3NM8I,3.8521
GTEX-13G51-1026-SM-5K7YQ,1.3283
GTEX-ZV68-0011-R2a-SM-4YCDK,-0.1665
GTEX-11DXX-1026-SM-5H11E,-0.8599
GTEX-XLM4-0011-R9A-SM-4AT45,2.7721
GTEX-13113-1926-SM-5LZWG,3.242
GTEX-13JUV-0011-R11a-SM-5LZYH,1.7575
GTEX-13OVL-0626-SM-5KM13,3.3393
GTEX-UTHO-0006-SM-3NMCC,-0.5332
GTEX-ZYW4-0926-SM-59HJS,-1.7322
GTEX-139D8-1626-SM-5IJFZ,2.2019
GTEX-131YS-3226-SM-5IFGV,1.2992
GTEX-S7PM-0426-SM-3NM91,-1.3921
GTEX-QEL4-0326-SM-3GAE5,1.1833
GTEX-1339X-2726-SM-5PNYU,2.5731
GTEX-ZPCL-1126-SM-4WWFE,2.0604
GTEX-XXEK-1126-SM-4BRUX,-2.4659
GTEX-NFK9-1726-SM-3TW8P,2.3843
GTEX-ZDYS-2426-SM-4WKGI,1.7141
GTEX-131XE-2526-SM-5EQ57,1.4962
GTEX-S7PM-0011-R5A-SM-3NM8G,0.044
GTEX-W5WG-2526-SM-4SOJ2,1.3109
GTEX-XQ3S-0526-SM-4BOQA,-0.0574
GTEX-ZVT4-1326-SM-5NQ8E,1.7954
GTEX-146FH-0226-SM-5QGPQ,1.2992
GTEX-13OVG-0626-SM-5IFEP,1.7954
GTEX-ZDYS-1726-SM-5HL4Y,-1.9379
GTEX-13OVJ-0326-SM-5L3GL,-0.0877
GTEX-WWYW-1326-SM-3NB2S,0.0014
GTEX-13FXS-0011-R1a-SM-5K7U6,1.125
GTEX-13QBU-0326-SM-5LU3F,-0.1031
GTEX-144GL-0011-R11b-SM-5P9F6,1.0573
GTEX-146FH-0126-SM-5QGPP,1.6187
GTEX-ZP4G-0006-SM-4WWE6,2.1509
GTEX-WHPG-1026-SM-3NMBA,-1.9379
GTEX-P4QS-0926-SM-48TBS,2.1114
GTEX-ZTSS-1926-SM-57WEW,2.0878
GTEX-11NSD-1726-SM-5N9C3,0.6425
GTEX-RTLS-0326-SM-2TF6A,2.3788
GTEX-T2YK-2226-SM-32QPT,2.1378
GTEX-X4XX-0011-R5A-SM-46MWN,1.2756
GTEX-YBZK-0226-SM-59HLO,0.7146
GTEX-XUZC-2126-SM-4BRW8,0.1776
GTEX-YB5K-0003-SM-4VDSN,-0.5543
GTEX-148VI-1226-SM-5RQJR,-2.0529
GTEX-XQ3S-0006-SM-4BOQ4,0.7579
GTEX-X5EB-0826-SM-46MVS,0.9191
GTEX-133LE-2226-SM-5IFGU,1.2209
GTEX-ZVT2-0626-SM-5GICR,1.6785
GTEX-QESD-0008-SM-447B2,0.7748
GTEX-145LU-0011-R9b-SM-5SI66,1.3956
GTEX-U412-0326-SM-5DUVP,1.4065
GTEX-13OW6-0011-R2a-SM-5L3HG,0.5568
GTEX-14DAQ-3026-SM-5S2QZ,0.0854
GTEX-1399U-2426-SM-5K7XB,1.1833
GTEX-ZT9W-2426-SM-57WFJ,1.2756
GTEX-1399R-0926-SM-5J2N8,1.5854
GTEX-WHWD-1426-SM-4OORU,2.6579
GTEX-13FHO-0011-R1b-SM-5KLZG,1.2815
GTEX-131XE-0826-SM-5HL9W,2.4063
GTEX-13N1W-0011-R4a-SM-5MR52,0.24
GTEX-ZTX8-0726-SM-59HL9,-0.2671
GTEX-ZVT3-0006-SM-51MT9,-0.1993
GTEX-X4EP-0011-R1A-SM-3P624,3.1344
GTEX-111CU-1026-SM-5EGIL,-1.5105
GTEX-R55E-1026-SM-2TC5S,-2.4659
GTEX-12WS9-0011-R4b-SM-5P9EU,-0.2671
GTEX-13RTJ-0011-R10b-SM-5O9CW,0.6969
GTEX-13S7M-0011-R6b-SM-5O9D8,1.6466
GTEX-13NYS-1626-SM-5J2MU,1.4704
GTEX-TKQ2-0004-SM-3NMAC,1.5465
GTEX-RUSQ-0003-SM-2XCEB,1.7828
GTEX-XQ3S-1026-SM-4BOPJ,0.2642
GTEX-S32W-0126-SM-4AD61,2.2082
GTEX-ZTSS-0926-SM-59865,0.7916
GTEX-X4EO-0126-SM-3P5YN,2.791
GTEX-13O3O-0011-R6b-SM-5P9GY,2.4386
GTEX-Q2AI-1326-SM-2S1PL,2.6208
GTEX-12WSH-0011-R9b-SM-5LZUG,1.884
GTEX-ZVE2-0326-SM-57WFC,0.9568
GTEX-S32W-0326-SM-2XCBI,1.6327
GTEX-ZF2S-0326-SM-4WKGD,0.8082
GTEX-UTHO-2426-SM-4JBHD,0.346
GTEX-WYBS-0008-SM-4ONDX,3.3911
GTEX-Y5LM-1826-SM-4VDT9,3.2587
GTEX-11NUK-1026-SM-5HL5J,0.1257
GTEX-YJ8O-2826-SM-5CVM4,0.03
GTEX-ZA64-1426-SM-5CVMC,3.1908
GTEX-12126-1026-SM-5P9JJ,0.5955
GTEX-WZTO-1126-SM-3NM93,3.1588
GTEX-WHSE-1626-SM-4M1XL,1.6093
GTEX-X5EB-0426-SM-46MVY,0.7493
GTEX-ZVT2-1326-SM-5E45H,1.8363
GTEX-147JS-1026-SM-5S2MP,1.4065
GTEX-ZVE1-0726-SM-51MRN,2.2543
GTEX-WXYG-0126-SM-4OND7,2.409
GTEX-QEL4-2126-SM-447AE,2.1606
GTEX-145MO-3126-SM-5S2RT,1.8683
GTEX-WWYW-3126-SM-3NB39,0.679
GTEX-11LCK-1226-SM-5Q5AM,3.3506
GTEX-XBED-1626-SM-47JYN,1.1382
GTEX-13CF2-0011-R5a-SM-5LZWS,2.1509
GTEX-13O3P-1426-SM-5L3DT,-2.6349
GTEX-ZV68-0008-SM-4YCCV,0.3796
GTEX-VUSG-0426-SM-3GIKD,0.5763
GTEX-14BMV-2326-SM-5RQJ4,2.2931
GTEX-11TT1-0005-SM-5NQ8Y,-0.1187
GTEX-12WSG-0326-SM-5FQU3,-0.8599
GTEX-QEG4-0626-SM-2S1OY,3.3925
GTEX-13VXU-2926-SM-5LU5C,0.6608
GTEX-145LU-0526-SM-5O9AT,2.0076
GTEX-131XE-2426-SM-5EQ5V,1.334
GTEX-ZAB4-0011-R8b-SM-4SOKF,0.1776
GTEX-13OVJ-0926-SM-5K7U1,0.1903
GTEX-XQ3S-0126-SM-4BOO9,-2.2447
GTEX-11DXZ-0726-SM-5N9C4,1.1117
GTEX-13NYB-3026-SM-5IJD7,1.7446
GTEX-131XE-1226-SM-5EGKF,2.1313
GTEX-WEY5-2126-SM-3GILK,-0.9686
GTEX-ZDTT-0006-SM-4WKFP,2.1541
GTEX-113JC-0008-SM-5QGR6,0.6145
GTEX-13111-1926-SM-5GCOL,1.4547
GTEX-ZV6S-0226-SM-59HJT,0.2762
GTEX-11NSD-0426-SM-5N9CR,1.7532
GTEX-13PVQ-1026-SM-5KM3M,0.9268
GTEX-QCQG-0126-SM-48U27,2.9109
GTEX-132NY-0726-SM-5KLZM,-0.3201
GTEX-11ZTS-1426-SM-5EQMM,-1.3548
GTEX-ZVZQ-0008-SM-51MSK,-1.2481
GTEX-11DXZ-0526-SM-5GU7J,0.4447
GTEX-OHPN-0226-SM-48TBV,1.6374
GTEX-Y114-2726-SM-4TT9B,2.5948
GTEX-12WSG-0226-SM-5EGIF,0.8082
GTEX-ZZPU-1426-SM-5GZZ6,2.3732
GTEX-SNOS-0008-SM-4DM6I,0.8408
GTEX-13CIG-0011-R8b-SM-5LZX5,0.7664
GTEX-YJ8A-0826-SM-5Q5A7,0.6332
GTEX-UTHO-0011-R5A-SM-3GIJD,1.7009
GTEX-ZF2S-1426-SM-57WET,0.4657
GTEX-13O3O-0011-R8b-SM-5LUAL,0.1124
GTEX-S4P3-1626-SM-3K2AZ,2.8936
GTEX-XMD1-0006-SM-4AT4Q,-1.9379
GTEX-VJWN-0626-SM-3NMAN,-0.2671
GTEX-11NV4-2026-SM-5N9DG,0.6608
GTEX-11DZ1-0126-SM-5985Q,1.5415
GTEX-W5WG-2326-SM-3GIJH,1.0293
GTEX-QV44-0926-SM-2S1RH,0.5568
GTEX-X4XX-0011-R3B-SM-46MWK,0.6239
GTEX-NPJ7-0011-R2a-SM-2I3GF,1.4756
GTEX-YB5K-2226-SM-4WWG1,-0.0877
GTEX-ZY6K-0826-SM-5A5L7,0.4967
GTEX-13W3W-2226-SM-5LU4M,3.2158
GTEX-ZVT2-1826-SM-5NQ8W,2.4412
GTEX-ZYWO-2226-SM-5GZXR,2.9071
GTEX-ZE9C-0011-R3a-SM-4WKGT,-0.013
GTEX-WQUQ-1926-SM-4OOSA,-1.2142
GTEX-13OVG-0726-SM-5IJBY,1.3567
GTEX-ZYWO-2026-SM-5GIDA,1.334
GTEX-U8T8-0426-SM-3DB8X,0.5955
GTEX-13OW5-0626-SM-5J2N2,0.9419
GTEX-132NY-0526-SM-5EQ4V,1.7009
GTEX-UJMC-0426-SM-4IHJF,1.1706
GTEX-13QJC-0011-R8b-SM-5S2U6,2.3308
GTEX-12WS9-0011-R3a-SM-5CVNF,0.0718
GTEX-11DXX-1326-SM-5GIDZ,-1.1488
GTEX-XV7Q-0226-SM-4BRVL,1.7446
GTEX-QLQW-1326-SM-2S1QS,-1.1172
GTEX-13SLW-2826-SM-5Q5ES,-0.7834
GTEX-TSE9-1326-SM-5CHR5,-9.9658
GTEX-ZUA1-0011-R6b-SM-4YCDD,0.2029
GTEX-1128S-1626-SM-5H12O,1.8957
GTEX-OHPK-0426-SM-3MJH3,0.547
GTEX-ZDTS-1426-SM-5K7WC,0.1124
GTEX-UJHI-1426-SM-3DB9C,1.3567
GTEX-11NV4-1326-SM-5HL6V,-0.5756
GTEX-14AS3-1126-SM-5Q5CR,1.4652
GTEX-132QS-0726-SM-5IJE9,0.3685
GTEX-13OW6-1626-SM-5IJD5,0.7664
GTEX-P4QS-1726-SM-3NB1V,0.7916
GTEX-YB5E-0426-SM-5IFHR,1.6281
GTEX-ZLFU-0526-SM-4WWBN,1.1577
GTEX-11P81-2426-SM-5GU65,1.5316
GTEX-Q2AI-0926-SM-48U1F,2.004
GTEX-ZLWG-0008-SM-4E3J4,1.9302
GTEX-ZE9C-1326-SM-5S2OW,0.9789
GTEX-WHPG-2226-SM-3NMBO,-3.3076
GTEX-Y9LG-1926-SM-5IFHY,-9.9658
GTEX-WWTW-0002-SM-4MVNH,1.4704
GTEX-SNOS-1226-SM-4DM5H,1.7185
GTEX-13PVQ-0011-R7a-SM-5L3G3,1.4547
GTEX-13NYS-0011-R3b-SM-5MR41,1.2209
GTEX-T8EM-1226-SM-4DM5J,1.7053
GTEX-U8XE-1526-SM-4E3HT,-3.1714
GTEX-13OW5-0826-SM-5J1NE,0.8408
GTEX-ZYT6-1126-SM-5GZYR,1.9111
GTEX-XOTO-0526-SM-4B662,-1.8836
GTEX-WXYG-0826-SM-4ONC7,1.5709
GTEX-PWOO-1226-SM-48TCO,0.0718
GTEX-111VG-1626-SM-5EGIO,3.8471
GTEX-RM2N-1426-SM-2TF4H,2.5363
GTEX-14E6C-2626-SM-5RQJP,1.3735
GTEX-145MI-0326-SM-5Q5EV,-0.2159
GTEX-YFCO-0926-SM-5LUA5,1.6875
GTEX-13X6K-0011-R7b-SM-5P9K7,3.2766
GTEX-11DXZ-2026-SM-5987S,2.183
GTEX-113IC-0006-SM-5NQ9C,1.3511
GTEX-SSA3-0008-SM-47JWJ,0.5666
GTEX-ZPCL-2426-SM-57WFP,0.0718
GTEX-13G51-2626-SM-5LZYW,1.3567
GTEX-13RTJ-0726-SM-5QGQN,-2.1779
GTEX-1399T-0011-R5b-SM-5IJDK,3.5287
GTEX-XYKS-2926-SM-4E3IA,1.1184
GTEX-UPK5-0003-SM-3NMDI,-1.5951
GTEX-YB5E-1626-SM-5IFIQ,1.3225
GTEX-SIU8-0626-SM-2XCDN,4.2366
GTEX-11NSD-0526-SM-5A5LT,0.7407
GTEX-11DXW-0726-SM-5H12J,-2.3884
GTEX-11ZU8-1526-SM-5EGHX,2.7183
GTEX-145MH-3026-SM-5Q5DZ,1.1382
GTEX-REY6-1026-SM-2TF4Y,1.334
GTEX-ZQG8-1326-SM-51MQW,0.2277
GTEX-12WSB-2426-SM-5EGJC,4.4183
GTEX-Y8DK-0011-R10A-SM-4SOK1,-0.2845
GTEX-R45C-0926-SM-3GAD4,0.4761
GTEX-117YW-0226-SM-5N9CM,0.434
GTEX-WFG8-0006-SM-3GIKS,0.3346
GTEX-13W3W-1826-SM-5IJDE,3.6405
GTEX-13OW8-0011-R1a-SM-5L3HI,-0.1504
GTEX-14753-0011-R6b-SM-5S2UD,-0.3752
GTEX-13QJC-0526-SM-5RQKB,3.1876
GTEX-13X6K-0011-R5b-SM-5PNUE,3.8167
GTEX-PX3G-1826-SM-2S1PK,0.7579
GTEX-WOFL-0126-SM-3MJG2,2.3536
GTEX-11VI4-0126-SM-5GU6Z,0.5955
GTEX-ZGAY-2226-SM-4YCCX,1.8957
GTEX-NL3H-0011-R7a-SM-2I3G5,1.1447
GTEX-ZDTT-0126-SM-4WKHA,1.5064
GTEX-12126-0526-SM-5PNW4,-0.7834
GTEX-NFK9-0526-SM-2YUNL,2.1862
GTEX-ZDXO-0011-R5a-SM-4WKG5,1.8484
GTEX-X4EP-0011-R3A-SM-3P626,2.9618
GTEX-RN64-0126-SM-2TC68,2.5948
GTEX-131XG-0226-SM-5IFG1,0.2154
GTEX-11I78-0226-SM-5HL6R,1.4228
GTEX-O5YV-1826-SM-2YUNI,0.9268
GTEX-111YS-2026-SM-5EGGL,3.3605
GTEX-13N2G-0011-R3b-SM-5MR5G,1.3679
GTEX-T2IS-3026-SM-32QPM,2.3135
GTEX-13N1W-0526-SM-5MR4I,-5.0116
GTEX-14BIN-0011-R6a-SM-5S2RH,2.3135
GTEX-13OVH-0426-SM-5K7UC,1.1897
GTEX-13OVH-0011-R3a-SM-5KM49,1.2333
GTEX-Q2AH-1726-SM-3NB2B,0.4125
GTEX-P44G-0011-R4A-SM-2I3FB,0.2642
GTEX-13D11-0226-SM-5LZXL,0.5568
GTEX-13PDP-0011-R6b-SM-5O9D5,0.8408
GTEX-145LV-1226-SM-5S2QH,2.1378
GTEX-1122O-0626-SM-5N9B9,-2.3884
GTEX-X4LF-0226-SM-4QAS8,1.8762
GTEX-NPJ8-0011-R1a-SM-2HMLC,1.3623
GTEX-WWYW-0008-SM-4MVPF,0.8961
GTEX-1122O-1826-SM-5EGIP,-2.1779
GTEX-PLZ4-0126-SM-2S1OG,1.7744
GTEX-145MH-1526-SM-5LUAU,0.1776
GTEX-Y9LG-0526-SM-4VBRY,0.4016
GTEX-N7MS-0011-R7a-SM-2HMKN,0.6332
GTEX-111FC-1926-SM-5GZYC,3.325
GTEX-Y5V6-2026-SM-5IFHO,-0.013
GTEX-Y5V6-1226-SM-4VDTE,2.0979
GTEX-Y111-2926-SM-4TT25,0.346
GTEX-13SLW-0011-R2b-SM-5O9C6,0.044
GTEX-11EI6-0626-SM-5985T,1.4547
GTEX-U3ZN-0008-SM-4DXTL,0.537
GTEX-14BIN-1226-SM-5S2OM,0.4967
GTEX-WI4N-1826-SM-4OOSF,2.4465
GTEX-14DAR-0726-SM-5RQIA,-2.5479
GTEX-ZZPU-2726-SM-5NQ8O,3.8269
GTEX-ZAJG-3026-SM-5HL92,-1.9379
GTEX-ZTSS-1026-SM-5985N,0.1388
GTEX-ZC5H-2226-SM-4WAWS,3.8208
GTEX-12WSB-0626-SM-59HJO,4.0242
GTEX-13S7M-1826-SM-5RQK6,-1.2142
GTEX-SIU8-0426-SM-4BRUE,3.7061
GTEX-12WSM-0526-SM-5GCO8,-1.0559
GTEX-UTHO-2726-SM-4JBH9,1.5709
GTEX-RTLS-0226-SM-2TF5E,1.8444
GTEX-12WSD-1326-SM-5GCNU,0.4761
GTEX-13VXT-1926-SM-5K7UO,1.7446
GTEX-XOTO-0826-SM-4B65O,-3.1714
GTEX-U3ZN-0006-SM-3DB7Y,0.3573
GTEX-13OW8-0005-SM-5NQAC,-2.4659
GTEX-R55E-1126-SM-48FDZ,0.044
GTEX-S341-1226-SM-4AD5S,3.2587
GTEX-11GSP-0126-SM-5A5KU,-0.1187
GTEX-117XS-2226-SM-5GIE1,0.517
GTEX-QEG4-0126-SM-48TZE,5.8888
GTEX-Z93T-0226-SM-5HL5Z,0.03
GTEX-WCDI-0008-SM-47JYE,0.8082
GTEX-WYVS-1126-SM-4SOJX,1.7744
GTEX-11OC5-0006-SM-5N9FA,0.6145
GTEX-XUW1-2326-SM-4BOO5,1.0503
GTEX-XYKS-2226-SM-4E3IU,2.0707
GTEX-ZVT4-0126-SM-51MS1,2.4883
GTEX-XQ8I-1426-SM-4BOPW,0.7146
GTEX-1399S-0126-SM-5IJCF,1.9188
GTEX-111VG-2326-SM-5N9BK,3.1245
GTEX-WHSE-0011-R5A-SM-3P5ZO,1.5216
GTEX-PSDG-0226-SM-33HC1,1.8722
GTEX-OOBK-0425-SM-3LK5O,1.736
GTEX-13FTX-1526-SM-5K7VJ,2.1411
GTEX-SIU8-0826-SM-2XCDQ,3.5111
GTEX-WXYG-2026-SM-4E3IY,2.7073
GTEX-11EM3-2226-SM-5H11Y,0.5069
GTEX-131YS-2226-SM-5P9G8,1.3454
GTEX-U3ZH-1526-SM-4DXV1,2.0844
GTEX-Y8E4-1226-SM-5IFIM,2.8897
GTEX-11ZUS-0011-R9b-SM-5BC76,1.0222
GTEX-11TT1-1426-SM-5EGIA,-2.9324
GTEX-Z9EW-0426-SM-5CVM9,0.1388
GTEX-WL46-0326-SM-3LK6Y,1.2085
GTEX-S3XE-1526-SM-4AD5A,3.0978
GTEX-R53T-1826-SM-3GIJX,0.7832
GTEX-1212Z-0626-SM-5FQTB,-0.4131
GTEX-13N11-0126-SM-5KM2Z,1.6093
GTEX-11NUK-0426-SM-5HL5V,1.1184
GTEX-QVJO-0326-SM-2S1R1,1.0915
GTEX-13PVQ-0626-SM-5LU47,1.8363
GTEX-11I78-1826-SM-5A5M4,1.9452
GTEX-WYVS-0626-SM-4SOJY,2.4359
GTEX-132AR-0226-SM-5IJBE,3.1637
GTEX-W5X1-0826-SM-5CHT7,-9.9658
GTEX-RU72-2926-SM-2TF66,0.9115
GTEX-WYJK-1926-SM-4ONDP,1.9601
GTEX-Q2AG-0011-R6A-SM-2HML7,2.4701
GTEX-ZZPU-0426-SM-5GZYH,0.3907
GTEX-13FTW-2326-SM-5K7YS,0.24
GTEX-11EQ8-1426-SM-5EGJR,4.0722
GTEX-XBED-1326-SM-4AT4F,-0.4719
GTEX-WYJK-0726-SM-4ONC9,0.9343
GTEX-13X6H-2526-SM-5QGOT,-1.4699
GTEX-11EI6-2926-SM-5985U,1.196
GTEX-Y8DK-0004-SM-4RGM7,0.1388
GTEX-13NYB-0326-SM-5IJDP,-2.7274
GTEX-R55F-0011-R5A-SM-2TF5L,1.6604
GTEX-12BJ1-1026-SM-5EGJA,0.2277
GTEX-WY7C-2226-SM-4ONCS,1.2333
GTEX-145LU-0726-SM-5QGP2,2.0218
GTEX-SUCS-1926-SM-32PM3,2.3394
GTEX-OXRP-0226-SM-48TDH,2.4465
GTEX-YEC4-2226-SM-5IFJT,-3.0469
GTEX-131XW-1126-SM-5EGK4,3.0074
GTEX-117YX-0526-SM-5EGJH,-0.3383
GTEX-1192X-0008-SM-5Q5B7,1.1833
GTEX-13FXS-0011-R10a-SM-5J2MA,1.105
GTEX-S7SF-1026-SM-4AD4I,1.7489
GTEX-12KS4-2426-SM-5LU8P,1.5902
GTEX-11WQK-1026-SM-5EQLX,2.2813
GTEX-11P7K-2326-SM-5EGKZ,3.3521
GTEX-131XG-2226-SM-5DUXS,-0.0277
GTEX-XBEW-0126-SM-4AT66,1.7828
GTEX-PSDG-0008-SM-48TE5,-0.5332
GTEX-13O3Q-0011-R4a-SM-5P9H2,-0.4521
GTEX-1477Z-1126-SM-5P9GK,-0.4921
GTEX-ZF28-0226-SM-5S2OE,3.8198
GTEX-139TU-0006-SM-5LZVN,0.058
GTEX-QCQG-0326-SM-2I3ES,1.6374
GTEX-SNOS-0926-SM-4DM7A,0.679
GTEX-11ZUS-2126-SM-5N9E6,2.4571
GTEX-ZDTT-0526-SM-5HL4M,0.1776
GTEX-ZTX8-0226-SM-5E44D,2.2299
GTEX-S4Q7-0008-SM-3NM8A,-0.4325
GTEX-YJ89-0726-SM-5P9F7,1.7702
GTEX-NPJ8-0326-SM-26GMG,1.4388
GTEX-Y5V5-0126-SM-5S2NW,1.5115
GTEX-WZTO-2126-SM-4PQYW,3.7593
GTEX-ZAB4-1926-SM-57WD8,-0.2498
GTEX-117YX-2426-SM-5GZZJ,0.2277
GTEX-S7PM-0006-SM-3NM8C,-0.6193
GTEX-T2YK-0226-SM-4DM5O,-3.1714
GTEX-V955-1026-SM-4JBHO,-0.4521
GTEX-145MN-2626-SM-5NQAH,0.5763
GTEX-WHPG-1226-SM-4M1ZI,0.1257
GTEX-1122O-0726-SM-5GIEV,0.4967
GTEX-14BMV-1026-SM-5SI6B,-1.685
GTEX-PWN1-1726-SM-2S1O9,1.0222
GTEX-132QS-1426-SM-5P9GE,2.0878
GTEX-WH7G-2026-SM-3NMBL,2.578
GTEX-11VI4-1726-SM-5CVLH,1.6281
GTEX-XBEW-0826-SM-4QASQ,0.1648
GTEX-YJ8O-1126-SM-5P9IS,2.4857
GTEX-X585-3126-SM-4QASH,1.7097
GTEX-XPVG-0526-SM-4B65N,0.3231
GTEX-132Q8-2926-SM-5IFFP,0.9493
GTEX-ZPU1-2326-SM-57WEP,1.9188
GTEX-WRHK-0626-SM-4MVOE,0.4125
GTEX-NL3H-0011-R5a-SM-2I3GB,1.674
GTEX-1399T-0011-R11a-SM-5J2O1,3.6691
GTEX-ZAB4-2926-SM-57WCV,0.7579
GTEX-ZF29-2626-SM-4WWBA,-0.4131
GTEX-T6MN-0126-SM-32PLP,3.3177
GTEX-RTLS-0826-SM-2TF5Q,-0.2328
GTEX-X4LF-0426-SM-3NMB5,1.5661
GTEX-Y5V6-1726-SM-4VDSZ,3.755
GTEX-Y8LW-0426-SM-4VBQ6,3.1685
GTEX-QLQ7-1726-SM-2S1QQ,-9.9658
GTEX-X5EB-0006-SM-46MV5,-1.4699
GTEX-13N1W-0011-R9b-SM-5MR4R,1.0007
GTEX-XOT4-0826-SM-4B66Y,1.1382
GTEX-WZTO-0826-SM-3NM8Q,3.1261
GTEX-139T6-1626-SM-5PNYZ,1.2209
GTEX-YF7O-0005-SM-4W1ZU,0.7233
GTEX-ZVP2-1326-SM-57WCE,3.1701
GTEX-T2IS-0226-SM-32QPH,3.5559
GTEX-13VXT-1626-SM-5IJES,2.3816
GTEX-ZLWG-0626-SM-4WWFR,1.4494
GTEX-WHPG-0326-SM-4M1XV,1.1641
GTEX-13OVL-0011-R9a-SM-5P9GX,2.9052
GTEX-12WSK-0426-SM-5GCNS,0.7999
GTEX-TSE9-2526-SM-4DXUS,2.1509
GTEX-ZYFC-0526-SM-5GIDF,1.2209
GTEX-POMQ-0826-SM-3P61H,1.2516
GTEX-12ZZZ-0226-SM-59HKU,-1.6394
GTEX-11VI4-1926-SM-5CVLI,-3.1714
GTEX-13FXS-0011-R8a-SM-5J1MN,1.3167
GTEX-WQUQ-1326-SM-3MJFF,0.099
GTEX-ZAB4-0011-R9a-SM-4SOKG,1.5064
GTEX-12WSK-2126-SM-5CVNC,1.0573
GTEX-S7SE-0011-R2A-SM-2XCDC,0.9343
GTEX-WHPG-2126-SM-4M1ZM,0.7999
GTEX-12696-2726-SM-5FQUL,0.6425
GTEX-X585-1026-SM-46MW6,1.2147
GTEX-P4PP-0326-SM-5S2TQ,-1.2142
GTEX-139TT-0011-R1a-SM-5LZVD,0.7407
GTEX-11NV4-0826-SM-5BC4S,-0.7588
GTEX-ZXES-0004-SM-57WCW,3.0181
GTEX-S4UY-0926-SM-4AD6O,2.1766
GTEX-QDVN-0726-SM-2I3FO,2.1313
GTEX-XAJ8-0008-SM-46MU7,5.7682
GTEX-14BMU-2026-SM-5S2W6,-9.9658
GTEX-ZP4G-0726-SM-4WWF2,0.2029
GTEX-Y111-0426-SM-4TT3K,-0.5756
GTEX-Y5V6-0003-SM-4V6FX,1.1184
GTEX-11GSO-2526-SM-5PNVX,0.8327
GTEX-X8HC-2326-SM-4QAS4,2.9637
GTEX-1269C-0626-SM-5FQSS,-0.4719
GTEX-X3Y1-0726-SM-3P5YU,1.4808
GTEX-ZT9X-0226-SM-51MT2,3.002
GTEX-QLQ7-1126-SM-4R1KN,-0.1665
GTEX-117YX-0626-SM-5EGJI,-2.1779
GTEX-12696-2926-SM-5FQTG,1.4704
GTEX-U8T8-2326-SM-3DB96,0.0014
GTEX-UJHI-0926-SM-4IHKF,1.5806
GTEX-ZC5H-0826-SM-5N9FH,2.6114
GTEX-S3XE-0826-SM-4AD4U,1.105
GTEX-117YW-2226-SM-5N9DB,-1.5951
GTEX-N7MT-0011-R10A-SM-2I3E1,2.7139
GTEX-Z9EW-2026-SM-5CVMQ,3.7378
GTEX-OXRO-0326-SM-33HBM,3.7539
GTEX-Y5LM-1226-SM-4VDT6,1.5415
GTEX-14AS3-1626-SM-5S2OY,2.1957
GTEX-13NYS-0011-R10a-SM-5MR4S,2.0325
GTEX-13FXS-0726-SM-5LZXJ,0.9935
GTEX-12WSL-1526-SM-5GCP8,1.6875
GTEX-PWN1-0008-SM-48TEA,1.1577
GTEX-OXRK-0326-SM-2YUMQ,3.4609
GTEX-WRHU-0326-SM-3MJFY,2.7007
GTEX-13W46-0826-SM-5LU3H,-0.6643
GTEX-ZYFG-1326-SM-5GICJ,-0.9971
GTEX-OHPL-3026-SM-3MJGS,0.7058
GTEX-13VXU-0926-SM-5IFFH,-2.2447
GTEX-111YS-0426-SM-5987O,-1.4305
GTEX-WYVS-2026-SM-4PQZ4,1.0079
GTEX-11NSD-0326-SM-5A5LS,-0.1828
GTEX-13PVR-1026-SM-5QGQW,-1.1172
GTEX-OOBJ-3026-SM-3NB1D,2.3788
GTEX-148VJ-0626-SM-5LUAW,0.4125
GTEX-13X6H-0626-SM-5LU53,0.8961
GTEX-XOT4-1126-SM-4B66E,-2.3884
GTEX-WHPG-1426-SM-3NMBB,-0.5332
GTEX-11NV4-0011-R5a-SM-5NQ88,1.8918
GTEX-131YS-0126-SM-5KM1M,2.0979
GTEX-S7SE-0726-SM-2XCD7,1.7229
GTEX-QLQW-0726-SM-447AA,0.537
GTEX-13CF2-0011-R3b-SM-5LZZ6,2.4908
GTEX-X62O-0005-SM-46MV1,-0.6873
GTEX-XOT4-0008-SM-4B664,0.6239
GTEX-ZF28-3126-SM-4WKFC,3.3076
GTEX-11TTK-0008-SM-5S2RU,1.5661
GTEX-ZYY3-1226-SM-5EQKM,0.6517
GTEX-NFK9-1026-SM-2HMK1,2.0147
GTEX-ZVZQ-0011-R4b-SM-57WCZ,-0.3201
GTEX-OOBK-3125-SM-3LK5R,1.8879
GTEX-QVJO-1926-SM-2S1QZ,-0.9132
GTEX-W5WG-0626-SM-4SOID,2.3077
GTEX-13RTJ-0011-R4b-SM-5PNX1,-0.6416
GTEX-OOBK-0526-SM-2HMJJ,1.683
GTEX-YB5E-0926-SM-4WWDQ,2.1114
GTEX-1211K-1526-SM-5FQU4,1.8201
GTEX-ZF2S-1826-SM-4WKFF,1.2992
GTEX-U8T8-1226-SM-4E3IH,-0.394
GTEX-14A5I-2126-SM-5NQA8,2.3164
GTEX-X5EB-2226-SM-46MW4,1.4174
GTEX-NL3G-0526-SM-4RTWW,0.24
GTEX-13FH7-2326-SM-5KM1E,-0.5756
GTEX-OIZI-0626-SM-2XCEH,0.2881
GTEX-144GM-1926-SM-5LUAN,-1.4305
GTEX-13NYS-0011-R11b-SM-5MR4P,1.0983
GTEX-ZTX8-0326-SM-59HLA,-0.3022
GTEX-X5EB-1626-SM-4E3IV,0.7999
GTEX-11DXZ-2326-SM-5EGGV,1.8762
GTEX-13111-2026-SM-5GCMN,2.5511
GTEX-11EQ9-2226-SM-5987H,-1.2828
GTEX-T6MN-0011-R10A-SM-32QP7,1.9859
GTEX-ZYFG-1926-SM-5GID5,-0.1187
GTEX-139TT-0426-SM-5IJFA,-2.3147
GTEX-ZVZP-1626-SM-5GIDJ,3.836
GTEX-ZQG8-2126-SM-4YCF1,0.8647
GTEX-ZTSS-0004-SM-4YCCS,1.8201
GTEX-VJYA-0926-SM-4KL1N,0.8327
GTEX-13SLX-0926-SM-5S2NM,-0.9971
GTEX-NPJ8-0011-R1a-SM-33HCB,1.2756
GTEX-PLZ4-1326-SM-2S1O7,1.8879
GTEX-13QBU-1026-SM-5LU3R,1.8036
GTEX-T2IS-1026-SM-32QP1,3.5449
GTEX-XOTO-2126-SM-4B64U,1.9226
GTEX-132QS-1626-SM-5K7YZ,-1.0862
GTEX-WY7C-0126-SM-4ONCO,2.4117
GTEX-T2IS-2226-SM-4DM65,4.447
GTEX-14E6E-1226-SM-5S2R5,2.0535
GTEX-S32W-0726-SM-2XCBL,1.1117
GTEX-11ONC-0008-SM-5S2MG,1.8036
GTEX-REY6-0926-SM-48FDA,0.9568
GTEX-ZAK1-0126-SM-5IJD3,1.9226
GTEX-XV7Q-0005-SM-4BRWI,1.4756
GTEX-14DAR-1526-SM-5RQIX,1.5758
GTEX-13JUV-2826-SM-5LZWU,1.3167
GTEX-131XG-1026-SM-5GCMX,1.9111
GTEX-VUSG-2326-SM-4KL1U,2.4465
GTEX-WEY5-0826-SM-4LMIH,-0.0877
GTEX-13SLW-0011-R4b-SM-5S2W2,-0.3383
GTEX-Y114-0326-SM-4TT99,2.8442
GTEX-13X6I-0626-SM-5QGP9,2.5707
GTEX-Y5LM-0826-SM-4VDSW,1.816
GTEX-X4XX-0005-SM-3NMCS,-0.3566
GTEX-13FLV-1126-SM-5J2NO,1.9931
GTEX-P44G-1126-SM-3NM9D,-0.7834
GTEX-PVOW-2526-SM-2XCF7,0.2998
GTEX-OHPN-0011-R10A-SM-5S2U3,0.547
GTEX-NPJ7-1726-SM-2YUNA,2.1766
GTEX-139T6-1526-SM-5P9G6,2.0111
GTEX-WFJO-0726-SM-4LVM8,-1.3921
GTEX-RNOR-0926-SM-2TF56,1.3051
GTEX-ZLFU-0226-SM-4WWFH,-1.0262
GTEX-13FHP-0011-R5b-SM-5LZY2,0.1257
GTEX-139T8-0011-R3b-SM-5HL4R,0.8164
GTEX-ZV7C-1626-SM-5NQ7E,-0.7588
GTEX-U8XE-0726-SM-3DB8O,-9.9658
GTEX-11DYG-2026-SM-5EGGX,1.3397
GTEX-SNOS-0006-SM-32PLH,0.6517
GTEX-X261-2326-SM-4PQYU,6.7217
GTEX-ZE7O-0011-R11a-SM-57WBC,1.4547
GTEX-RVPU-2326-SM-2TF6R,-0.9132
GTEX-Y3I4-0006-SM-4TT1E,-0.7588
GTEX-11XUK-0226-SM-5EQLW,2.93
GTEX-N7MT-0011-R11A-SM-2I3DZ,3.0234
GTEX-13OW6-1426-SM-5L3EU,1.2756
GTEX-NL4W-0011-R5a-SM-2I3GD,1.3679
GTEX-147GR-0011-R10b-SM-5S2UM,0.2277
GTEX-13SLW-0626-SM-5Q5ER,1.9034
GTEX-QXCU-0826-SM-2TC6F,-9.9658
GTEX-Z9EW-0626-SM-5HL95,3.2405
GTEX-NPJ8-2426-SM-3MJHL,1.177
GTEX-WYJK-1326-SM-3NB2T,1.125
GTEX-ZVZQ-0011-R8a-SM-51MR5,0.9115
GTEX-XGQ4-0008-SM-4AT3Z,1.196
GTEX-132AR-2526-SM-5PNVM,3.3435
GTEX-XBEC-1826-SM-4QASN,0.8488
GTEX-Z9EW-1726-SM-5CVMO,2.1574
GTEX-Y5LM-1126-SM-4VDT5,2.0395
GTEX-ZZ64-1726-SM-5GZYB,2.2603
GTEX-13CIG-0011-R3b-SM-5K7XF,-0.8084
GTEX-13SLX-0011-R5a-SM-5O9BV,1.4859
GTEX-ZTSS-1426-SM-5985P,0.9568
GTEX-132Q8-1726-SM-5EGK8,1.4911
GTEX-11NUK-1426-SM-5HL68,-0.9686
GTEX-T5JW-2026-SM-4DM63,2.5036
GTEX-ZLWG-1226-SM-4WWFS,1.4388
GTEX-111CU-1826-SM-5GZYN,-0.0574
GTEX-T5JC-2526-SM-4DM6G,-0.9686
GTEX-14A5I-2426-SM-5Q5CP,1.0433
GTEX-13U4I-2126-SM-5LU55,0.8647
GTEX-13PVQ-0011-R5b-SM-5O9DI,1.2636
GTEX-11XUK-1626-SM-5GU5O,3.1145
GTEX-ZF29-1826-SM-4WKG8,0.099
GTEX-RU72-0011-R11A-SM-5SI8G,0.2029
GTEX-S7SE-0011-R6A-SM-2XCD9,1.7489
GTEX-13PVQ-0526-SM-5LU8Q,0.1257
GTEX-132AR-0826-SM-5EGK6,3.3856
GTEX-13O1R-0526-SM-5K7XU,-1.5522
GTEX-12WSA-0011-R4a-SM-57WB7,-0.5543
GTEX-12WSH-0011-R1a-SM-5GU5V,1.0711
GTEX-145MI-0011-R11a-SM-5P9JZ,1.4388
GTEX-WYVS-2526-SM-3NMAT,2.0638
GTEX-ZYVF-2826-SM-5GIDK,-0.2159
GTEX-YFC4-0006-SM-4RGLV,-1.2828
GTEX-OXRL-0726-SM-3NM9A,-0.7588
GTEX-ZYFG-0426-SM-5E43M,-0.9971
GTEX-WRHU-0726-SM-3MJFL,1.2934
GTEX-PWOO-2326-SM-2S1PQ,-0.9406
GTEX-12WSF-0011-R5a-SM-5HL8K,1.6374
GTEX-YEC3-0826-SM-4WWFP,1.2516
GTEX-PVOW-0011-R3A-SM-32PKX,0.1903
GTEX-145LS-3126-SM-5Q5BY,0.9493
GTEX-113JC-2826-SM-5EGIT,0.03
GTEX-14753-0226-SM-5Q5CH,-0.3201
GTEX-SE5C-0326-SM-4BRWX,1.4011
GTEX-147F3-0426-SM-5SI8V,3.4648
GTEX-XBED-1026-SM-48TCB,2.0218
GTEX-ZQUD-0003-SM-4YCD3,2.0912
GTEX-13FTX-0926-SM-5IFF7,6.0255
GTEX-Y5LM-0003-SM-4V6G1,0.1648
GTEX-ZVP2-2126-SM-5GU6E,2.6278
GTEX-XPVG-1326-SM-4B65P,0.3573
GTEX-1399S-1926-SM-5J2M5,1.4065
GTEX-13FH7-1026-SM-5IJGF,-1.5951
GTEX-131XE-0926-SM-5HL7J,2.043
GTEX-12ZZX-0326-SM-5DUVH,-0.4921
GTEX-QVJO-0011-R6A-SM-2S1QN,2.6715
GTEX-12WSK-0326-SM-5GCOJ,1.6234
GTEX-139UC-0005-SM-5PNU7,-0.2159
GTEX-WYVS-1926-SM-4PQZ2,-0.5332
GTEX-PSDG-0426-SM-2S1OF,-0.7834
GTEX-R3RS-0126-SM-3GIJL,2.4117
GTEX-XBEC-1226-SM-4AT65,-3.6259
GTEX-12126-0826-SM-5FQTZ,2.8877
GTEX-XQ8I-0426-SM-4BOPO,2.4198
GTEX-11WQK-1526-SM-5EGKN,1.2333
GTEX-P4QT-0626-SM-3NMCP,1.766
GTEX-145LS-0011-R8b-SM-5PNXA,1.6604
GTEX-13OW8-2926-SM-5L3FV,1.5902
GTEX-UTHO-0426-SM-5SI7N,-0.6416
GTEX-12ZZW-0005-SM-5O9BY,-2.9324
GTEX-PLZ6-1426-SM-2S1OQ,0.9115
GTEX-13CF3-1426-SM-5K7YY,3.0481
GTEX-XMK1-0926-SM-4B66X,-0.1993
GTEX-ZVT3-0011-R7a-SM-57WCO,-1.2142
GTEX-ZLWG-0526-SM-4WWFB,1.9034
GTEX-144GM-0226-SM-5Q5CB,0.2881
GTEX-QMR6-0011-R4A-SM-32PKU,0.1648
GTEX-11ZUS-1826-SM-5FQTR,2.0742
GTEX-Z9EW-0826-SM-5HL9T,3.47
GTEX-P44H-0011-R6A-SM-2XCF3,1.9895
GTEX-132AR-2126-SM-5K7XG,4.0816
GTEX-13CZV-0006-SM-5P9IN,-0.9971
GTEX-13NZ8-1626-SM-5IJBC,0.4233
GTEX-11TUW-0226-SM-5LU8X,-1.0862
GTEX-1399S-0826-SM-5KM23,-2.0529
GTEX-13O61-0005-SM-5O9AU,1.125
GTEX-S3XE-0326-SM-4AD6L,0.8961
GTEX-YEC3-1426-101806-SM-5PNXX,1.2023
GTEX-13OW7-0126-SM-5MR3B,2.6441
GTEX-13PL7-1226-SM-5SIAR,0.3796
GTEX-13O61-1626-SM-5KM3T,0.4761
GTEX-P44G-0011-R7A-SM-2I3F9,1.4174
GTEX-ZLWG-1026-SM-4WWC4,2.004
GTEX-S33H-0326-SM-4AD6N,0.7058
GTEX-ZDXO-3126-SM-5IJDF,2.128
GTEX-S32W-0426-SM-4AD6H,-0.6873
GTEX-13OW6-1126-SM-5L3HL,-2.3147
GTEX-VUSG-1526-SM-4KKZH,1.4065
GTEX-R55F-0011-R6A-SM-2TF4L,2.791
GTEX-P4PQ-0626-SM-3NMCU,1.334
GTEX-YEC4-2326-SM-5IFHV,-0.9132
GTEX-XMD2-0926-SM-4WWEF,1.3735
GTEX-YJ89-0011-R8b-SM-4SOK8,-0.5543
GTEX-XBEW-0726-SM-4QARX,0.2154
GTEX-12WSM-0005-SM-5NQB3,-2.7274
GTEX-11DXY-3026-SM-5N9CB,1.412
GTEX-12WSJ-1826-SM-5GCNY,2.0673
GTEX-RU72-1126-SM-2TF6H,1.0503
GTEX-12WSC-0926-SM-5EQ63,0.3115
GTEX-ZE9C-2126-SM-4WKGY,0.7832
GTEX-ZVT2-1626-SM-51MRC,0.0014
GTEX-13OW8-1326-SM-5J1OW,1.7185
GTEX-11EQ8-0526-SM-5N9BC,0.7407
GTEX-TSE9-0011-R1A-SM-3DB7E,0.8805
GTEX-XQ8I-0226-SM-4BOPM,0.8408
GTEX-12ZZW-0011-R6a-SM-5DUVZ,1.4228
GTEX-XPVG-2526-SM-4B66D,-2.3884
GTEX-QLQ7-0008-SM-447AW,-0.3201
GTEX-WY7C-0008-SM-4ONDW,2.1606
GTEX-13113-2126-SM-5EQ4U,3.2526
GTEX-XGQ4-1226-SM-4AT67,0.9268
GTEX-RU72-1026-SM-46MUG,0.8327
GTEX-S4Z8-0226-SM-4AD5K,1.9226
GTEX-11UD2-2826-SM-5GU6X,2.8779
GTEX-N7MS-0011-R1a-SM-2HMJG,1.0222
GTEX-139T6-0826-SM-5J1O2,0.8726
GTEX-139D8-1426-SM-5IJEX,1.6187
GTEX-Y8E4-0126-SM-4VBQ2,3.7603
GTEX-13CF2-2826-SM-5LZX9,3.6872
GTEX-U3ZM-1526-SM-3DB9D,3.7094
GTEX-QEL4-1526-SM-447AB,1.683
GTEX-Q2AG-0011-R3A-SM-2HMJ9,1.2085
GTEX-T6MN-0011-R6A-SM-5CHQD,-9.9658
GTEX-ZT9W-0526-SM-57WFG,-1.0559
GTEX-14A5I-1726-SM-5QGQ5,-0.9686
GTEX-12WSB-3026-SM-59HKM,4.0401
GTEX-WFG8-1726-SM-4LVM6,1.3735
GTEX-Y8LW-0005-SM-4V6EV,1.1577
GTEX-ZAB4-0126-SM-5CVMG,0.9419
GTEX-RU1J-0226-SM-2TF5Y,2.9109
GTEX-13O61-2426-SM-5J1NV,-0.4521
GTEX-ZVT3-2726-SM-5GU5X,1.1641
GTEX-ZTPG-0008-SM-4YCEK,1.5998
GTEX-ZF3C-0526-SM-4WWBG,1.5266
GTEX-11TUW-1326-SM-5EQKV,1.766
GTEX-14E6C-0326-SM-5Q5EE,-0.0425
GTEX-UJHI-1526-SM-3DB99,2.9784
GTEX-1399Q-1126-SM-5P9JA,3.1228
GTEX-1128S-0826-SM-5GZZI,1.1512
GTEX-ZVP2-1826-SM-5GU62,3.7836
GTEX-11UD2-0126-SM-5EQL2,1.6649
GTEX-PVOW-0626-SM-2XCF6,1.9786
GTEX-S33H-1826-SM-4AD65,1.125
GTEX-Z93S-2826-SM-57WBL,1.1316
GTEX-TSE9-0626-SM-3DB8B,2.4805
GTEX-ZE9C-3026-SM-4WKHB,0.7748
GTEX-PX3G-0926-SM-48U12,1.8879
GTEX-12WSJ-0005-SM-5LU8S,1.46
GTEX-WI4N-0626-SM-3TW8Z,0.1776
GTEX-ZF28-0011-R3a-SM-4WWDA,2.2872
GTEX-O5YV-1126-SM-3LK73,2.5972
GTEX-117YW-2426-SM-5Q5AE,-3.3076
GTEX-XMD3-0008-SM-4AT4V,-0.1828
GTEX-ZV68-0126-SM-59HKS,2.5137
GTEX-13SLX-0011-R6a-SM-5PNX4,1.4911
GTEX-13N1W-0011-R3a-SM-5MR5E,0.6332
GTEX-X15G-1626-SM-3NMB3,3.8954
GTEX-POMQ-1926-SM-3NB1Y,-1.2828
GTEX-Q2AH-0526-SM-2I3ED,-4.035
GTEX-X4XX-1126-SM-3NMBY,-0.0725
GTEX-11ZVC-0726-SM-5FQT9,-0.5756
GTEX-XOTO-0011-R3A-SM-4B64W,-0.6416
GTEX-R55C-0626-SM-2TF4Q,3.242
GTEX-YFCO-2026-SM-4W21Q,1.2209
GTEX-WZTO-1526-SM-4PQYQ,3.7378
GTEX-WYVS-0226-SM-4ONDK,1.4808
GTEX-ZV68-0011-R10a-SM-51MT7,0.434
GTEX-14C38-0006-SM-5NQBF,-2.5479
GTEX-132AR-1326-SM-5K7YC,3.5287
GTEX-X62O-0126-SM-4E3JN,1.2934
GTEX-ZLWG-0004-SM-4WWD5,1.6187
GTEX-12WSA-0005-SM-5O9BM,0.7579
GTEX-13112-1426-SM-5EGH8,-0.9971
GTEX-11P7K-0226-SM-5986Z,2.9281
GTEX-ZVT2-2426-SM-57WCQ,0.2881
GTEX-146FQ-0126-SM-5NQA9,2.8916
GTEX-13SLX-0011-R4a-SM-5O9BJ,0.434
GTEX-13W46-1926-SM-5J2MF,2.5658
GTEX-147F4-0011-R10b-SM-5S2WC,0.679
GTEX-13FHP-0526-SM-5K7UY,-0.6416
GTEX-1399R-2026-SM-5K7WN,1.0363
GTEX-11EM3-0001-SM-5Q5BD,1.3791
GTEX-ZF2S-2126-SM-4WWAY,0.6239
GTEX-YEC3-1426-SM-4WWEM,0.2029
GTEX-13QJ3-1726-SM-5RQK9,2.9875
GTEX-144GM-1226-SM-5LU52,0.8961
GTEX-12WSD-0226-SM-59HKO,0.0854
GTEX-RN64-2326-SM-48FDW,1.7575
GTEX-13N1W-0126-SM-5K7VT,1.5514
GTEX-WZTO-0011-R7B-SM-4E3IS,2.8641
GTEX-WHSE-3026-SM-3P5ZH,0.5271
GTEX-WZTO-0011-R10B-SM-4E3KB,1.8323
GTEX-12ZZY-1326-SM-5GCNW,4.2914
GTEX-11TTK-0826-SM-5N9EG,1.4547
GTEX-11UD1-0326-SM-5EQKX,-0.7588
GTEX-1212Z-0826-SM-5EQ51,1.8801
GTEX-12WSM-2226-SM-5DUVS,0.0014
GTEX-PLZ6-1126-SM-3P5ZR,1.2516
GTEX-YEC3-0626-SM-5IFHZ,1.125
GTEX-11TT1-0726-SM-5GU5A,-0.7834
GTEX-13NYB-1726-SM-5N9G2,0.24
GTEX-13X6J-1626-SM-5Q5CV,-0.8084
GTEX-12WSL-1126-SM-5CVNK,0.3685
GTEX-145MI-0011-R10a-SM-5PNZD,1.2815
GTEX-X8HC-1026-SM-46MWH,2.1444
GTEX-13FTX-1026-SM-5J2O5,2.8542
GTEX-13NYB-0011-R2a-SM-5MR3C,0.4552
GTEX-11TT1-2726-SM-5LU8L,-0.2328
GTEX-ZDTT-0004-SM-4WKG3,0.1776
GTEX-13QBU-0426-SM-5J2O4,-3.6259
GTEX-Q2AH-0826-SM-48TZN,2.5585
GTEX-131XG-1226-SM-5EGH9,-0.6643
GTEX-13OVJ-0006-SM-5O98T,-2.7274
GTEX-13NZ9-1126-SM-5MR37,1.4911
GTEX-ZDYS-1626-SM-4WKGB,-2.114
GTEX-ZUA1-0011-R1a-SM-4YCE2,0.1648
GTEX-RU1J-0426-SM-46MUK,3.002
GTEX-SNOS-0226-SM-32PLR,-1.8836
GTEX-NL3G-0007-SM-4SOIF,-0.8599
GTEX-12ZZZ-0011-R3b-SM-5DUXK,-0.1504
GTEX-13N11-1726-SM-5J1OJ,2.6395
GTEX-13D11-0926-SM-5J2NC,2.2175
GTEX-14DAR-0226-SM-5S2PR,-0.1504
GTEX-OIZH-0005-SM-2HMJN,0.7748
GTEX-UPJH-0001-SM-3NMDE,0.1388
GTEX-ZPU1-1326-SM-57WE1,-1.0559
GTEX-11H98-0426-SM-5HL55,1.4704
GTEX-R55C-0826-SM-48FCL,2.9562
GTEX-WI4N-2226-SM-4OOS9,0.537
GTEX-13112-0126-SM-5P9IU,2.7636
GTEX-13CF3-1626-SM-5IFG9,2.8076
GTEX-13O3O-0011-R7b-SM-5P9GZ,1.8564
GTEX-WVLH-0011-R8A-SM-3MJFC,0.8883
GTEX-139UC-0426-SM-5K7UR,-1.5105
GTEX-XPVG-0726-SM-4B658,-3.816
GTEX-ZAK1-0526-SM-5K7X4,-2.6349
GTEX-13RTK-1626-SM-5QGQS,-0.9971
GTEX-11EI6-0526-SM-5985S,1.0711
GTEX-T6MN-0826-SM-32PM4,2.2663
GTEX-131XH-0011-R4b-SM-5DUWB,2.9875
GTEX-147GR-0011-R9a-SM-5S2UY,1.1833
GTEX-X4XY-0626-SM-4E3IN,-2.3147
GTEX-ZQG8-0726-SM-5P9H9,-0.7834
GTEX-S4P3-0526-SM-4AD58,3.5287
GTEX-13O3Q-3026-SM-5IJGD,0.8805
GTEX-W5X1-1026-SM-5CHSO,-9.9658
GTEX-11XUK-2026-SM-5EQLF,3.6417
GTEX-ZVT3-0011-R6a-SM-51MSU,0.517
GTEX-11O72-0226-SM-59869,0.2762
GTEX-145MI-1126-SM-5O9AK,2.3366
GTEX-X4EP-0011-R8B-SM-4QASL,3.2435
GTEX-147GR-2926-SM-5RQIN,1.0779
GTEX-OXRL-0626-SM-3NM9C,2.0289
GTEX-12WSI-0426-SM-5EQ5J,-0.013
GTEX-Y8LW-1926-SM-4WWFZ,3.7127
GTEX-145LS-1326-SM-5Q5EP,-0.3201
GTEX-YF7O-1826-SM-5IFIU,-0.0574
GTEX-12696-1826-SM-5EGJS,-0.4325
GTEX-YJ89-2926-SM-5P9IT,0.2154
GTEX-ZAK1-2926-SM-5HL9S,1.0363
GTEX-QV44-0626-SM-4R1KJ,0.9568
GTEX-11TUW-3126-SM-5GU4Y,-0.9406
GTEX-ZTTD-1126-SM-51MRP,3.453
GTEX-11EMC-0726-SM-5EGJO,-3.0469
GTEX-RTLS-0426-SM-2TF5K,0.7233
GTEX-XLM4-0011-R11A-SM-4AT46,2.3677
GTEX-Y114-0626-SM-4TT98,2.3508
GTEX-ZF3C-1326-SM-5A5MF,1.7446
GTEX-T5JC-0011-R1A-SM-32PM6,-0.0574
GTEX-ZLV1-1126-SM-4WWBW,2.5413
GTEX-ZLFU-2126-SM-4WWEV,1.3567
GTEX-13FHO-2826-SM-5K7ZA,1.3225
GTEX-ZAJG-1626-SM-5HL7I,-0.4131
GTEX-144GN-2426-SM-5LU4R,-0.4325
GTEX-ZUA1-1526-SM-59HLS,1.6875
GTEX-13JVG-0126-SM-5L3D3,-3.458
GTEX-13QIC-0011-R4a-SM-5PNX8,1.7617
GTEX-13CF2-0011-R2a-SM-5L3DC,2.2175
GTEX-O5YV-2026-SM-2D7VS,0.4967
GTEX-ZVT2-2126-SM-5NQ93,0.7579
GTEX-11WQK-2426-SM-5GU5C,1.0222
GTEX-144GL-0326-SM-5QGOY,-2.3884
GTEX-WEY5-0226-SM-3GIKN,-0.9406
GTEX-WYVS-1626-SM-3NM9R,2.8994
GTEX-R55D-1526-SM-48FEJ,0.7146
GTEX-ZYFG-0926-SM-5BC5U,1.0433
GTEX-N7MS-0011-R5a-SM-2HMK8,2.3337
GTEX-XBEC-0526-SM-4QARU,-1.3921
GTEX-WH7G-0005-SM-3NMBX,-0.0725
GTEX-1269C-0005-SM-5N9CJ,-1.8836
GTEX-WFON-0926-SM-4LVMK,-0.4131
GTEX-ZDXO-0011-R2b-SM-4WKFG,0.0718
GTEX-P4QT-1526-SM-3NMCT,-0.2159
GTEX-11DXX-2426-SM-5GZZW,1.7097
GTEX-12WSC-0126-SM-5EQ4P,2.0742
GTEX-13G51-0011-R7b-SM-5LZXG,1.8683
GTEX-145MO-0526-SM-5Q5F7,1.2696
GTEX-ZVZQ-0006-SM-51MR8,0.1124
GTEX-O5YT-0008-SM-4E3IQ,-0.2671
GTEX-QV44-0126-SM-4R1KH,2.2482
GTEX-WFG7-0726-SM-3GIKO,-0.8084
GTEX-ZT9W-1026-SM-57WG5,1.0983
GTEX-11GSP-1626-SM-5986N,0.9268
GTEX-X585-0011-R3B-SM-46MVG,-0.0574
GTEX-ZV7C-0826-SM-59HK8,1.5316
GTEX-NPJ8-2126-SM-3MJGK,2.1574
GTEX-14A5I-1226-SM-5NQBW,-9.9658
GTEX-11EQ9-2526-SM-5HL66,0.9789
GTEX-Y5LM-1326-SM-5RQIS,-0.3201
GTEX-12584-0426-SM-5FQTT,-1.7809
GTEX-13FLV-0011-R5a-SM-5LZWT,1.9377
GTEX-S3XE-1226-SM-4AD4L,1.3454
GTEX-12ZZZ-2026-SM-5LZWJ,0.9191
GTEX-OHPL-0008-SM-4E3I9,1.7702
GTEX-R55D-1426-SM-48FEN,0.9716
GTEX-O5YT-0126-SM-48TBW,2.4597
GTEX-145ME-1026-SM-5O9B4,1.949
GTEX-T2YK-0326-SM-4DM7D,0.9493
GTEX-Y8E4-0326-SM-4VBRR,2.0218
GTEX-ZF29-0002-SM-4WKF2,0.3346
GTEX-XBEW-1326-SM-4AT63,2.1013
GTEX-U3ZM-0426-SM-3DB73,3.3105
GTEX-ZVT3-1626-SM-5GU66,-1.1811
GTEX-XQ3S-1226-SM-4BOPP,0.6699
GTEX-147F4-2626-SM-5Q5CS,0.9268
GTEX-13OVG-1626-SM-5J1NF,1.8643
GTEX-11NSD-0226-SM-5A5LR,1.9564
GTEX-13QBU-1526-SM-5LU3W,1.412
GTEX-13FHP-2926-SM-5IJG9,0.5666
GTEX-OIZG-0726-SM-33HBL,4.1708
GTEX-YB5K-1626-SM-5IFIN,-0.0877
GTEX-14A6H-0006-SM-5NQ7W,-0.1665
GTEX-ZLV1-0626-SM-4WWF6,3.0199
GTEX-13D11-0826-SM-5KLZJ,2.0325
GTEX-14AS3-0426-SM-5QGQK,1.0151
GTEX-PWN1-2026-SM-48TD9,1.5514
GTEX-12WSD-0005-SM-5N9FZ,-1.2481
GTEX-12WSC-0011-R3a-SM-5P9F1,-0.0725
GTEX-WFON-1126-SM-5CHTG,-9.9658
GTEX-13N11-1826-SM-5IJDS,1.5612
GTEX-11ILO-0626-SM-5A5LO,2.1894
GTEX-12WSA-0011-R10b-SM-5P9ET,1.0222
GTEX-ZAB5-0826-SM-5P9FU,0.8961
GTEX-11O72-2826-SM-5HL6W,1.412
GTEX-PX3G-2526-SM-48TZV,2.5163
GTEX-1192X-1126-SM-5EGGU,0.1257
GTEX-RUSQ-0826-SM-47JWW,3.2587
GTEX-XMD3-2326-SM-4AT5H,2.299
GTEX-13N11-0626-SM-5J1OL,0.8327
GTEX-SJXC-1226-SM-4DM78,1.0293
GTEX-S4UY-1026-SM-4AD53,1.736
GTEX-11EI6-3026-SM-5GZZO,0.5271
GTEX-YJ8A-1226-SM-5IFHH,0.1388
GTEX-11GSO-2326-SM-5A5LX,1.3283
GTEX-PWOO-2526-SM-2S1PG,1.4911
GTEX-OXRL-0008-SM-3NB29,1.4962
GTEX-ZF2S-0426-SM-4WKGP,0.1903
GTEX-148VJ-0011-R9b-SM-5SI77,1.412
GTEX-QEG4-0326-SM-5S2UQ,3.3731
GTEX-R55E-0726-SM-48FCZ,1.8996
GTEX-ZPU1-1426-SM-4WWFU,1.5902
GTEX-ZPIC-0008-SM-4E3JF,1.6875
GTEX-ZGAY-0006-SM-4WWAQ,1.9188
GTEX-131XG-2026-SM-5GCN5,0.7058
GTEX-WHWD-0326-SM-3LK6L,2.8936
GTEX-13NYB-2426-SM-5IFF4,0.3231
GTEX-11P7K-2026-SM-5GU74,3.0944
GTEX-U3ZM-0426-SM-57WG1,3.4251
GTEX-P4PP-0426-SM-3NM9H,1.6875
GTEX-YECK-0008-SM-4W1ZG,2.0844
GTEX-12ZZX-2426-SM-5GCOE,2.909
GTEX-13S86-0826-SM-5SI6J,2.0111
GTEX-N7MT-1226-SM-2D7W4,3.6939
GTEX-1117F-0526-SM-5EGHJ,-2.3147
GTEX-1399U-2126-SM-5IFEZ,1.2516
GTEX-TKQ2-0226-SM-4DM6V,2.4831
GTEX-148VJ-1626-SM-5QGPH,0.8164
GTEX-13FHP-0326-SM-5K7U2,1.5216
GTEX-1211K-1426-SM-5FQTF,1.0007
GTEX-13D11-1726-SM-5IFGQ,-1.5522
GTEX-139TU-0826-SM-5IJFG,-1.3921
GTEX-WYJK-0008-SM-4ONDV,0.9716
GTEX-WXYG-0008-SM-4ONDU,0.6608
GTEX-13S86-0326-SM-5SI6K,-0.4921
GTEX-111FC-3026-SM-5GZYJ,1.8078
GTEX-XQ8I-1926-SM-4BOOK,0.8327
GTEX-T6MN-0011-R10A-SM-5CHQC,-9.9658
GTEX-11WQK-0011-R11a-SM-5BC6W,1.3956
GTEX-ZY6K-1826-SM-5GZXK,1.5316
GTEX-13JVG-1126-SM-5KM2M,-2.7274
GTEX-12WSC-0011-R7b-SM-5LU9L,1.6327
GTEX-ZZ64-0126-SM-5GZXA,1.1833
GTEX-11TT1-0126-SM-5LUAA,1.0503
GTEX-R53T-1526-SM-48FEK,2.0289
GTEX-U4B1-0926-SM-4DXUV,3.4881
GTEX-VJYA-0001-SM-3NMDJ,0.8164
GTEX-131XH-2526-SM-5GCND,3.6872
GTEX-13O3O-1126-SM-5KM4Q,0.3907
GTEX-ZF3C-0226-SM-4WWB3,1.614
GTEX-12WSD-2026-SM-5HL7D,-0.4325
GTEX-Q734-0226-SM-48U1A,2.036
GTEX-ZYW4-1026-SM-5SI8W,-0.3566
GTEX-PWN1-0226-SM-2S1OZ,2.081
GTEX-Q2AH-0005-SM-5SI7G,-1.0862
GTEX-12WSH-3026-SM-5CVNI,1.2394
GTEX-13YAN-0326-SM-5O9DF,3.1129
GTEX-QDVN-2126-SM-33HBS,2.4649
GTEX-11OC5-0526-SM-5N9EE,1.4011
GTEX-XLM4-0011-R4B-SM-4AT5C,3.4543
GTEX-13OVJ-0011-R8b-SM-5L3FS,0.5568
GTEX-OXRK-0326-SM-3NB3R,3.6195
GTEX-132AR-1926-SM-5EGK5,2.5996
GTEX-13OW5-0011-R8a-SM-5L3GQ,1.8484
GTEX-WYVS-1026-SM-4SOJW,2.3164
GTEX-1399R-2126-SM-5K7WZ,1.1447
GTEX-13O61-0926-SM-5IFFE,-0.0725
GTEX-X4XX-0011-R10B-SM-46MWO,-0.1828
GTEX-SJXC-0526-SM-2XCFG,2.9893
GTEX-145MG-3126-SM-5Q5D3,-1.685
GTEX-13NYC-2626-SM-5K7VN,0.1903
GTEX-ZVP2-0526-SM-51MSC,3.5449
GTEX-R53T-2026-SM-3GIJF,1.6187
GTEX-11TTK-0326-SM-5BC5N,-0.2671
GTEX-WOFM-2026-SM-4OOSQ,1.9377
GTEX-Y3I4-2126-SM-4TT7C,2.118
GTEX-OXRL-0326-SM-4MVNY,-9.9658
GTEX-13FTW-2226-SM-5J1OH,1.2934
GTEX-1122O-1926-SM-5EGIQ,-1.7809
GTEX-ZPU1-1526-SM-4YCFF,0.9493
GTEX-ZVZQ-0426-SM-59HLT,1.8879
GTEX-VUSG-0526-SM-4KL22,-1.0559
GTEX-R3RS-0726-SM-3GIJR,0.4016
GTEX-O5YW-3026-SM-3MJHI,-0.0277
GTEX-QLQW-1226-SM-2S1Q9,0.7493
GTEX-11OF3-0126-SM-5PNYF,2.7636
GTEX-13NZ8-0011-R8b-SM-5KM48,-0.9686
GTEX-12WSH-0011-R2a-SM-5GU68,1.2271
GTEX-13O21-1526-SM-5K7W4,0.4657
GTEX-RVPV-1726-SM-2TF5W,-2.1779
GTEX-14BMV-3126-SM-5S2UV,0.3907
GTEX-131YS-0011-R3b-SM-5DUXB,0.8082
GTEX-11H98-0226-SM-5NQ89,0.1257
GTEX-XXEK-0926-SM-4BRWH,-0.5756
GTEX-XBED-0126-SM-47JY7,1.0363
GTEX-ZAJG-0626-SM-5HL8X,0.9268
GTEX-13S86-2426-SM-5S2MX,0.8568
GTEX-12ZZX-0226-SM-5DUXU,1.8242
GTEX-Q2AH-0626-SM-48TZJ,0.6699
GTEX-ZAB5-0226-SM-5CVMH,-4.035
GTEX-11I78-1626-SM-5A5M2,2.0218
GTEX-13111-0226-SM-5EQ55,2.2113
GTEX-RTLS-0006-SM-2TF58,-0.3022
GTEX-12ZZZ-3026-SM-5BC67,0.1388
GTEX-R55G-0826-SM-2TC5U,2.9562
GTEX-N7MS-1626-SM-3LK5F,0.1519
GTEX-11P82-0006-SM-5N9FY,0.4125
GTEX-SUCS-1426-SM-4DM5W,1.6093
GTEX-1399U-0226-SM-5P9J2,1.7185
GTEX-ZYT6-0226-SM-5NQ6T,2.5756
GTEX-ZYW4-1526-SM-5SIBA,-0.6193
GTEX-13O61-1126-SM-5L3FI,0.3685
GTEX-ZQUD-0008-SM-4YCCU,-0.5756
GTEX-13OW5-0326-SM-5L3HK,-0.3383
GTEX-S341-1926-SM-3K2BA,3.2959
GTEX-13OVJ-0226-SM-5L3GK,-2.114
GTEX-11EQ8-0826-SM-5N9FG,2.7183
GTEX-POYW-0826-SM-2XCEM,3.652
GTEX-13D11-2026-SM-5IJBK,-0.1031
GTEX-XMD1-0011-R8A-SM-4AT48,0.9419
GTEX-QDT8-0011-R11A-SM-32PKD,1.4441
GTEX-145LS-0011-R6b-SM-5PNWL,3.0411
GTEX-NPJ8-1326-SM-3LK6B,0.8647
GTEX-QLQW-0126-SM-447BK,2.2901
GTEX-13FH7-0726-SM-5J2NK,-2.114
GTEX-Y8LW-0008-SM-4V6G5,3.1749
GTEX-11OF3-0011-R8b-SM-57WCS,1.3511
GTEX-T2IS-1926-SM-4DM74,4.018
GTEX-XQ8I-0126-SM-4BOPL,-0.1031
GTEX-U3ZM-0926-SM-4DXSW,3.8827
GTEX-PVOW-0011-R1A-SM-32PL6,1.7403
GTEX-YEC4-1926-SM-5IFHJ,-0.3022
GTEX-13FH7-0926-SM-5J2MR,-2.7274
GTEX-1339X-1026-SM-5IFH5,1.884
GTEX-V1D1-1126-SM-4JBHT,0.5271
GTEX-131XE-0526-SM-5K7YT,-1.2142
GTEX-WHWD-1526-SM-4OORV,3.5349
GTEX-X4EO-0008-SM-4QASS,0.9716
GTEX-P4QT-1626-SM-5S2UR,-3.816
GTEX-WHWD-1826-SM-3LK6I,3.2374
GTEX-YB5E-1926-SM-5IFIG,0.1648
GTEX-11ILO-0126-SM-5A5LN,2.0535
GTEX-ZF2S-2426-SM-5DUXV,1.5064
GTEX-ZE9C-2726-SM-57WB5,2.3564
GTEX-S7SF-1926-SM-4AT5B,2.0183
GTEX-OIZH-0226-SM-2YUMH,1.7403
GTEX-Q2AG-1126-SM-48U1P,0.7664
GTEX-VUSH-0004-SM-3P61T,0.9493
GTEX-WI4N-0005-SM-3LK7E,2.0395
GTEX-SE5C-0526-SM-2XCE1,0.7058
GTEX-QCQG-1626-SM-48U26,1.9564
GTEX-Y9LG-1726-SM-4VBQE,1.1577
GTEX-13VXU-0826-SM-5KLZ2,1.0915
GTEX-OIZH-0926-SM-48TBR,2.2842
GTEX-QVJO-0011-R8A-SM-447C7,0.8082
GTEX-ZPIC-2026-SM-57WG3,-0.6193
GTEX-ZXES-0826-SM-5E43C,3.5312
GTEX-VJYA-0626-SM-4KL1S,0.5666
GTEX-XMD2-1326-SM-4YCET,2.9432
GTEX-132NY-1226-SM-5PNVF,1.0573
GTEX-NFK9-1126-SM-3LK78,2.7249
GTEX-TML8-1226-SM-32QON,2.0147
GTEX-S4P3-1526-SM-3K2AV,4.1676
GTEX-WFG7-2026-SM-5SI7P,2.7249
GTEX-ZVT4-0226-SM-51MSD,2.7292
GTEX-QV31-0826-SM-4R1KR,0.1903
GTEX-RM2N-1626-SM-2TF5N,-1.5522
GTEX-145ME-1926-SM-5SI9S,1.7446
GTEX-WRHK-0001-SM-4WWDD,0.517
GTEX-13FHO-2026-SM-5J1OA,1.0503
GTEX-12KS4-1026-SM-5FQTD,1.1184
GTEX-TML8-1426-SM-4DXUT,1.3109
GTEX-Y9LG-1026-SM-5IFJN,0.434
GTEX-QVUS-0006-SM-3GAE8,0.1257
GTEX-13O3Q-2126-SM-5KM4C,0.4967
GTEX-WYJK-0126-SM-3NMAB,2.2603
GTEX-13G51-2726-SM-5LZZ9,-2.9324
GTEX-QVJO-0011-R5A-SM-2S1QM,2.3953
GTEX-Q2AG-0926-SM-48U1Q,1.4494
GTEX-WYBS-2426-SM-4ONDI,4.3992
GTEX-ZYW4-1326-SM-5E45N,1.5758
GTEX-XQ3S-1526-SM-4BOOC,2.8562
GTEX-WWYW-1126-SM-3NB2Q,0.9419
GTEX-13PDP-0126-SM-5L3HD,2.6895
GTEX-1313W-1126-SM-5EQ5U,0.6332
GTEX-VUSG-1726-SM-4KKZL,1.2516
GTEX-YB5K-2126-SM-4WWDJ,1.7575
GTEX-147F3-0626-SM-5NQ9I,3.5706
GTEX-WZTO-0011-R6B-SM-4E3J6,2.9581
GTEX-VUSH-0326-SM-3NB2I,1.2455
GTEX-11OC5-0326-SM-5PNW5,-0.8084
GTEX-XPVG-2926-SM-4B66G,-0.6193
GTEX-ZLV1-0826-SM-4WWEQ,1.766
GTEX-13O3O-3026-SM-5KM42,0.537
GTEX-11NV4-0008-SM-5Q5BA,0.679
GTEX-XLM4-0004-SM-4AT5I,2.2723
GTEX-13FH7-2226-SM-5IJD4,-0.5756
GTEX-11TT1-1826-SM-5EQLV,1.4441
GTEX-ZLWG-1126-SM-4WWFQ,1.7097
GTEX-13X6J-0011-R6a-SM-5PNUB,1.4859
GTEX-QEG5-1826-SM-4R1JP,2.8622
GTEX-PWOO-0626-SM-48TZH,0.7146
GTEX-13G51-1226-SM-5K7Z3,0.4233
GTEX-14BIM-2626-SM-5S2OF,2.1313
GTEX-ZP4G-1526-SM-57WE5,0.3796
GTEX-UJHI-0008-SM-4IHL1,0.4552
GTEX-P78B-2526-SM-3P5ZY,1.6045
GTEX-ZYFD-3026-SM-5E44C,-0.0277
GTEX-Z9EW-0126-SM-5CVM6,3.5086
GTEX-S32W-2526-SM-2XCB8,0.517
GTEX-13QIC-0011-R3a-SM-5P9HT,0.7321
GTEX-13NZ8-0011-R1b-SM-5KM3V,-3.6259
GTEX-ZVE2-0226-SM-59HJB,2.5213
GTEX-14BMV-3026-SM-5S2PQ,0.6608
GTEX-QDVN-2226-SM-2S1PM,3.0287
GTEX-13NYS-0011-R6b-SM-5MR3R,2.9655
GTEX-13OW8-0011-R11a-SM-5L3GT,0.7579
GTEX-ZZPT-0926-SM-5GICZ,-1.6394
GTEX-ZLV1-1526-SM-4WWBC,3.055
GTEX-13QIC-1626-SM-5K7TZ,0.4967
GTEX-Y9LG-2226-SM-4VDS9,1.4911
GTEX-13O3Q-2726-SM-5KM51,-4.6082
GTEX-1314G-1326-SM-5BC6E,0.9716
GTEX-13NZ9-1026-SM-5MR5K,1.2209
GTEX-13SLX-1326-SM-5S2QS,0.4125
GTEX-132AR-2826-SM-5IJFV,3.1426
GTEX-139TS-3126-SM-5LZWX,0.3115
GTEX-NPJ8-2226-SM-3TW8D,-0.3566
GTEX-13YAN-1026-SM-5O9CF,2.1213
GTEX-11DXY-1326-SM-5987Z,1.125
GTEX-WHPG-1626-SM-4M1ZL,0.1388
GTEX-13FXS-0006-SM-5O99X,-0.6873
GTEX-13U4I-0926-SM-5LU5A,1.3846
GTEX-YEC4-1526-SM-4W1YU,2.3926
GTEX-PWOO-2426-SM-2S1OV,-2.1779
GTEX-13112-0526-SM-5EQ4S,0.4016
GTEX-SUCS-1326-SM-4DM5T,1.4174
GTEX-XOTO-0011-R6B-SM-4B65X,0.8164
GTEX-X261-0226-SM-3NMD2,3.9774
GTEX-13O1R-2426-SM-5KLZZ,0.4016
GTEX-132AR-1626-SM-5EGHP,2.9562
GTEX-11H98-0126-SM-5EGHG,1.4388
GTEX-11GS4-1826-SM-5HL4T,1.0293
GTEX-XOTO-0326-SM-4B66K,1.0915
GTEX-XOTO-2826-SM-4B65I,1.3567
GTEX-12584-0826-SM-5FQSK,0.7579
GTEX-RNOR-0011-R7A-SM-2TF4V,0.8568
GTEX-SIU8-0926-SM-5SI87,3.0217
GTEX-TKQ2-0008-SM-4DM5L,0.9716
GTEX-QLQW-1426-SM-2S1QU,1.8762
GTEX-WFG8-1626-SM-4LVMB,1.0222
GTEX-13FTW-2026-SM-5IJE2,0.5859
GTEX-QVJO-0526-SM-447CE,0.4657
GTEX-X4XX-0011-R6B-SM-46MWP,1.6234
GTEX-11ZU8-0008-SM-5S2VO,-0.4131
GTEX-1399U-0005-SM-5NQ8K,0.2881
GTEX-QV44-1026-SM-447CG,2.5536
GTEX-XYKS-0005-SM-4BRUD,0.547
GTEX-T5JW-1526-SM-4DM5E,1.2023
GTEX-13OVI-2326-SM-5KM47,1.6093
GTEX-Y5LM-0526-SM-4V6G3,1.683
GTEX-WRHK-1126-SM-4MVOJ,0.9493
GTEX-S4Q7-1226-SM-4AD5I,2.7161
GTEX-1399R-2326-SM-5PNYT,1.0151
GTEX-131XE-0006-SM-5P9F9,-0.1187
GTEX-13O3Q-0011-R11b-SM-5KM2W,0.1519
GTEX-13N11-0826-SM-5IJFP,1.8484
GTEX-T2IS-0126-SM-4DM6O,3.5947
GTEX-12KS4-2126-SM-5FQUT,2.4063
GTEX-11EQ9-1526-SM-5PNY7,0.03
GTEX-145MH-0011-R1b-SM-5PNWY,0.4761
GTEX-Z93S-0826-SM-5HL7Y,1.7702
GTEX-11P81-1626-SM-5BC52,1.0503
GTEX-ZVP2-0126-SM-5NQ7D,2.7594
GTEX-SNMC-0226-SM-4DM6F,2.4753
GTEX-YFCO-0426-SM-4W1Z7,0.7916
GTEX-X261-0008-SM-4PR11,2.5996
GTEX-Y5LM-2126-SM-4VDSY,0.0158
GTEX-ZE7O-3126-SM-5HL5X,1.4652
GTEX-13G51-3126-SM-5IJG7,0.6332
GTEX-P4QS-0226-SM-3NB1U,-0.1031
GTEX-WRHK-0005-SM-3MJF5,0.1257
GTEX-WHPG-0626-SM-3NMBD,0.7493
GTEX-OXRL-2126-SM-3NM98,1.692
GTEX-OXRP-2426-SM-2S1NR,1.0293
GTEX-NL3H-0006-SM-2I3FW,-0.3022
GTEX-ZF29-2026-SM-4WWB7,-3.6259
GTEX-ZYT6-2326-SM-5GZY3,2.5996
GTEX-WFON-0226-SM-3GIKR,-2.2447
GTEX-13NZB-0626-SM-5IFH6,-1.9379
GTEX-OIZG-0526-SM-2HMLF,1.3167
GTEX-12WSG-0426-SM-5FQSE,1.2147
GTEX-RU72-0008-SM-46MV8,0.9716
GTEX-Y5V5-0426-SM-4VBPU,1.1706
GTEX-11VI4-1026-SM-5EQM1,0.1124
GTEX-13FH7-0326-SM-5J1MR,-0.5973
GTEX-11OF3-2426-SM-5Q5AS,1.0222
GTEX-1497J-2126-SM-5NQB8,0.8082
GTEX-XUJ4-2126-SM-4BOOX,0.8805
GTEX-PSDG-0526-SM-2S1OH,-0.3566
GTEX-12WSL-2326-SM-5DUXQ,0.7664
GTEX-1477Z-0011-R5b-SM-5PNUO,-0.5973
GTEX-RVPV-0011-R3A-SM-2TF63,0.434
GTEX-X585-1426-SM-4E3JO,0.679
GTEX-ZUA1-0726-SM-4YCD9,0.3231
GTEX-12WSN-0126-SM-5DUX5,2.93
GTEX-13O61-0726-SM-5J2MD,0.099
GTEX-13X6J-3126-SM-5Q5EJ,1.1184
GTEX-Y5V5-0226-SM-5S2N8,1.3956
GTEX-13OVJ-0826-SM-5J1OK,0.1648
GTEX-12WSH-1526-SM-5BC5W,2.6418
GTEX-14E1K-0326-SM-5S2PE,-0.4325
GTEX-13PVQ-0926-SM-5IJFD,0.8726
GTEX-13FXS-3026-SM-5LZYO,0.4967
GTEX-11EQ9-0826-SM-5986Y,-1.1811
GTEX-12696-0226-SM-5EGL3,2.0395
GTEX-QDVN-1126-SM-48TZ7,1.8363
GTEX-TMMY-0926-SM-33HBG,-0.7346
GTEX-UJHI-0626-SM-3DB8T,0.8246
GTEX-V955-0826-SM-5SI82,-3.1714
GTEX-WY7C-2326-SM-3NB2U,2.1013
GTEX-X261-0326-SM-3NMD4,4.0383
GTEX-ZVP2-0326-SM-57WBP,3.7171
GTEX-XUYS-0126-SM-47JWZ,2.328
GTEX-Y5V6-0005-SM-4V6FD,0.8408
GTEX-145MI-0526-SM-5O9A8,2.0465
GTEX-WYVS-1226-SM-4ONCL,2.3564
GTEX-13X6K-3026-SM-5QGPA,3.2236
GTEX-1313W-0326-SM-5LZU5,2.1476
GTEX-1497J-2726-SM-5SI9W,2.3508
GTEX-R55G-0926-SM-48FDN,3.2236
GTEX-QDVN-0326-SM-2I3FS,0.4447
GTEX-WFON-1426-SM-4LVMT,1.7575
GTEX-WFG8-0001-SM-4LVN8,-0.0574
GTEX-YEC4-0526-SM-4W21U,0.2881
GTEX-ZDXO-0011-R10a-SM-4WWD8,0.9191
GTEX-ZYFD-2526-SM-5E45L,0.5955
GTEX-XUW1-1026-SM-4BONY,-0.9971
GTEX-OXRP-0926-SM-48TC1,3.7061
GTEX-PX3G-1526-SM-48U11,-1.3548
GTEX-13NZ9-0126-SM-5K7XV,-2.8262
GTEX-ZDYS-1526-SM-4WKFY,0.9789
GTEX-13W46-0626-SM-5LU3N,-0.4131
GTEX-ZYW4-0426-SM-5GZYS,0.24
GTEX-12KS4-0326-SM-5EQ41,1.8078
GTEX-XBEW-1026-SM-4QARV,-0.5756
GTEX-WH7G-1026-SM-4LVML,1.2576
GTEX-144GO-0011-R6b-SM-5S2V7,3.7667
GTEX-11P82-1026-SM-5BC5J,0.434
GTEX-SJXC-0126-SM-2XCFF,3.5237
GTEX-13PLJ-0011-R3a-SM-5O9DT,0.2154
GTEX-11GSO-0626-SM-5A5LW,1.3109
GTEX-XUJ4-2726-SM-4BOQ1,1.4065
GTEX-132AR-2326-SM-5IJDY,3.0688
GTEX-XUW1-1526-SM-4BOOY,-1.0559
GTEX-13QIC-2926-SM-5J2NF,1.2576
GTEX-12WSD-0926-SM-5GCNL,0.0014
GTEX-146FQ-0726-SM-5LUA7,2.3164
GTEX-P4QS-1026-SM-3NMCW,1.1706
GTEX-12KS4-0626-SM-5PNY4,-0.4325
GTEX-RNOR-1326-SM-48FDE,1.4388
GTEX-1399T-2726-SM-5K7XK,3.3192
GTEX-ZAK1-0426-SM-5J1MS,0.5069
GTEX-11NV4-1926-SM-5N9D4,0.8164
GTEX-1399S-0426-SM-5IFG5,1.8078
GTEX-WOFM-0326-SM-4OOSL,2.4306
GTEX-YFC4-0826-SM-5CVM1,1.3283
GTEX-11DXX-0526-SM-5PNVR,-3.1714
GTEX-145MI-0011-R8b-SM-5PNZ9,1.0847
GTEX-ZC5H-2026-SM-5CVN2,3.2511
GTEX-12ZZX-0011-R7b-SM-5DUVV,1.1382
GTEX-11XUK-2126-SM-5EQLR,3.1749
GTEX-111FC-3326-SM-5GZYV,1.4065
GTEX-13W3W-0626-SM-5LU45,3.2722
GTEX-WYVS-0008-SM-4ONDY,1.1706
GTEX-WFG8-0126-SM-4LVMH,1.8683
GTEX-ZE7O-2426-SM-57WD7,2.7636
GTEX-X3Y1-0326-SM-4PQZ7,2.1147
GTEX-13FTX-0726-SM-5N9BI,1.7185
GTEX-ZLV1-1226-SM-4WWBX,2.6579
GTEX-PWCY-1926-SM-3NB25,0.058
GTEX-WHSE-1026-SM-57WAX,1.0222
GTEX-13O3O-1526-SM-5KM1C,-1.8314
GTEX-OXRP-2526-SM-2S1NO,2.2723
GTEX-WHSB-0326-SM-3LK6K,0.1257
GTEX-13OVJ-2626-SM-5IJFT,0.3231
GTEX-PWN1-0006-SM-5SI7T,1.2209
GTEX-ZY6K-0526-SM-5GZY9,-0.6643
GTEX-RTLS-2326-SM-46MUH,2.0395
GTEX-148VI-0006-SM-5O9A6,-1.8314
GTEX-11TT1-1926-SM-5PNYN,0.4125
GTEX-131XF-2626-SM-5EQ6K,3.0944
GTEX-Z93S-0011-R10a-SM-4RGNM,1.3225
GTEX-U3ZN-1626-SM-4DXTZ,2.296
GTEX-139T8-0826-SM-5L3DE,2.6962
GTEX-145MO-1526-SM-5QGQC,1.125
GTEX-12WSN-1326-SM-5GCNT,3.483
GTEX-XBED-2326-SM-47JYR,0.517
GTEX-13OW8-2226-SM-5K7Z4,1.3454
GTEX-ZYWO-1926-SM-5E456,1.6234
GTEX-YFC4-0011-R6b-SM-4V6E1,-0.4325
GTEX-13OW7-0011-R11a-SM-5O9DY,1.4962
GTEX-POMQ-0426-SM-3P61G,0.9115
GTEX-T2IS-0011-R11A-SM-32QPC,3.5312
GTEX-12ZZW-3026-SM-5LZW7,0.4552
GTEX-ZVP2-0626-SM-51MSO,0.3573
GTEX-XOTO-0011-R5A-SM-4B657,0.1519
GTEX-146FR-1726-SM-5Q5DT,-2.0529
GTEX-WFON-0526-SM-4LVLY,-0.6643
GTEX-ZYVF-0226-SM-5GIEG,0.8246
GTEX-WFG7-1326-SM-4LMK1,0.4657
GTEX-139T4-0011-R9b-SM-5HL6S,1.0151
GTEX-13VXU-0011-R11b-SM-5O9DJ,1.7141
GTEX-ZT9X-1926-SM-57WE7,2.651
GTEX-139TS-0011-R5b-SM-5J2MZ,0.434
GTEX-11OF3-0011-R5a-SM-57WB4,1.9786
GTEX-Q2AG-0011-R7A-SM-2HMJP,2.004
GTEX-1117F-0626-SM-5N9CS,-0.4719
GTEX-13X6K-2826-SM-5O9DS,3.5187
GTEX-13RTJ-2926-SM-5Q5DE,0.7146
GTEX-SJXC-0726-SM-2XCFJ,3.6335
GTEX-OIZG-0008-SM-4E3J2,1.9111
GTEX-12WSK-2726-SM-5CVND,0.4967
GTEX-XPVG-2626-SM-4B669,1.5998
GTEX-12ZZY-1526-SM-5LZWF,3.9346
GTEX-Q2AH-0426-SM-2I3EP,0.1257
GTEX-139TT-2126-SM-5LZWC,1.6466
GTEX-SJXC-0326-SM-2XCFI,3.928
GTEX-Y3I4-1726-SM-4TT89,1.642
GTEX-PSDG-0426-SM-5SI86,-4.035
GTEX-REY6-2426-SM-48FF5,0.4865
GTEX-ZAB5-1126-SM-5Q5AD,0.346
GTEX-11ONC-0926-SM-5BC5E,0.1903
GTEX-13OVH-0526-SM-5L3E6,2.6325
GTEX-QCQG-0006-SM-2S1OW,0.3346
GTEX-12WSN-1426-SM-5GCO6,3.4224
GTEX-OOBJ-0226-SM-2YUMM,1.5316
GTEX-13QBU-1326-SM-5LU4K,0.2762
GTEX-139TT-2726-SM-5IJFM,1.4808
GTEX-ZXG5-0126-SM-5GIEU,2.5188
GTEX-1399T-0011-R1b-SM-5DUWN,2.8117
GTEX-XLM4-2926-SM-4AT59,3.9147
GTEX-12KS4-0426-SM-5EQMC,-0.0425
GTEX-U3ZH-1426-SM-4DXSR,2.7117
GTEX-WYBS-0326-SM-3NM8S,3.9883
GTEX-P4QT-2626-SM-2I3FM,1.1117
GTEX-WY7C-1526-SM-4OND2,0.1776
GTEX-131XH-0011-R3b-SM-5DUWM,1.6964
GTEX-1192X-3226-SM-5987D,0.2522
GTEX-13FTZ-0726-SM-5IFFY,-1.6394
GTEX-RWS6-0226-SM-2XCA9,-1.9942
GTEX-QEG4-2226-SM-4R1JM,4.0515
GTEX-SN8G-0226-SM-4DM6B,0.605
GTEX-12WSI-1526-SM-5GCNM,2.2421
GTEX-YJ8A-1426-SM-5PNV7,0.8726
GTEX-SN8G-0008-SM-4DM4X,0.6332
GTEX-12C56-0526-SM-5FQST,-0.4131
GTEX-NL4W-0008-SM-4E3I2,0.1648
GTEX-13O61-1726-SM-5KM46,1.334
GTEX-ZVZQ-0011-R5b-SM-57WDC,1.6649
GTEX-TKQ1-0126-SM-33HB3,0.6145
GTEX-139YR-1726-SM-5IFFK,2.5948
GTEX-X15G-1326-SM-4PQZJ,3.0602
GTEX-13X6K-0011-R8b-SM-5PNZ4,2.8661
GTEX-13W3W-1626-SM-5LU35,3.2662
GTEX-ZT9W-0426-SM-57WF4,0.8805
GTEX-11UD2-0426-SM-5EQ5W,1.8762
GTEX-ZYFD-0626-SM-5E44E,1.5013
GTEX-131XE-0726-SM-5HL9K,-0.3383
GTEX-12ZZZ-0011-R6b-SM-5EQ5B,1.7575
GTEX-YEC4-1126-SM-5CVLW,-0.5543
GTEX-13NYC-0826-SM-5N9FP,-0.9406
GTEX-P4PP-2526-SM-3P61P,2.0465
GTEX-11DXY-0226-SM-5H123,1.3511
GTEX-WFJO-0005-SM-3GIKY,0.5666
GTEX-QVJO-1226-SM-4R1KA,1.642
GTEX-QDT8-0126-SM-48TZ1,1.9968
GTEX-13G51-0011-R6b-SM-5LZX4,1.4335
GTEX-139YR-1526-SM-5IFJ1,0.6608
GTEX-S32W-1126-SM-4AD5V,0.4016
GTEX-13PLJ-1726-SM-5L3FT,2.296
GTEX-YFC4-0011-R10a-SM-4SOK5,1.6604
GTEX-11ZVC-0426-SM-5CVLD,-0.0725
GTEX-11P7K-0726-SM-5EGKX,3.1245
GTEX-ZQG8-1026-SM-51MR9,0.2522
GTEX-148VI-1626-SM-5SI6E,1.4174
GTEX-117YW-2726-SM-5GZZT,0.7579
GTEX-13VXU-1126-SM-5LU3U,1.642
GTEX-131XF-0626-SM-5GIDS,3.9755
GTEX-13112-0011-R4b-SM-5DUXL,1.0079
GTEX-ZLFU-1526-SM-4WWBT,1.105
GTEX-144GO-0126-SM-5LUAO,3.9691
GTEX-1313W-1626-SM-5J1OE,1.4911
GTEX-1122O-2126-SM-5EGIR,1.8242
GTEX-1313W-0011-R1b-SM-5EQ4A,0.9789
GTEX-13NZA-0526-SM-5L3D7,3.3605
GTEX-Y8LW-0626-SM-4VDS8,3.8739
GTEX-WI4N-2026-SM-4OOS7,-0.9132
GTEX-QMRM-0826-SM-3NB33,2.9839
GTEX-R55E-0008-SM-48FCG,1.884
GTEX-1399R-0426-SM-5IJE3,0.6969
GTEX-YFCO-1626-SM-4W1Z3,0.5568
GTEX-OOBK-2626-SM-2HMKY,1.7009
GTEX-OHPJ-0006-SM-3LK6G,0.9493
GTEX-1117F-2826-SM-5GZXL,0.5568
GTEX-11ZTS-3326-SM-5LU9Y,1.3397
GTEX-VJYA-0726-SM-4KL1T,2.3816
GTEX-ZA64-2126-SM-5Q5A8,3.6066
GTEX-Q2AG-2826-SM-2HMJQ,2.0325
GTEX-XV7Q-0426-SM-4BRVN,0.9568
