PMID,DOI,Title,Journal,Year,FirstAuthor,Keywords,Abstract
41639774,10.1080/2162402X.2026.2624244,Enhancing immunogenic cell death by targeting the GPX4-ZP3 immune checkpoint.,Oncoimmunology,2026,"Tang, Daolin",,
41494530,10.1016/j.cell.2025.12.002,Extracellular GPX4 impairs antitumor immunity via dendritic ZP3 receptors.,Cell,2026,"Liu, Jiao","*Dendritic Cells/metabolism/immunology; Animals; *Phospholipid Hydroperoxide Glutathione Peroxidase/metabolism; Humans; Mice; Ferroptosis; Mice, Inbred C57BL; Cell Line, Tumor; *Egg Proteins/metabolism; *Neoplasms/immunology/pathology; Signal Transduction; Female; *Membrane Glycoproteins/metabolism; *Receptors, Cell Surface/metabolism; cancer therapy; cell death; immunogenicity; oxidative stress; zona pellucida family","Understanding the immunogenic properties of different forms of cell death is critical for rationalized antineoplastic therapeutic development. Here, we identify a regulatory axis that suppresses the immunogenicity of ferroptosis. During ferroptosis, but not apoptosis, cuproptosis, or necroptosis, cancer cells release glutathione peroxidase 4 (GPX4), which binds to zona pellucida glycoprotein 3 (ZP3) on the surface of dendritic cells (DCs), activates the 3',5'-cyclic adenosine monophosphate (cAMP"
42153178,10.1007/s40203-026-00638-z,Chinese herbal Formula Q attenuates letrozole-induced polycystic ovary syndrome through modulating multiple metabolic processes in female adult rats.,In silico pharmacology,2026,"Yin, Yihong",Multiple pathways; PCOS; Proteomics; Traditional Chinese Medicine,"Polycystic ovary syndrome (PCOS) is driven by multiple factors, but detailed mechanisms in the setting of PCOS remains unclear. Our study is to comprehensively clarify the potentially molecular mechanisms of effect Formulae Q (Traditional Chinese Medicine) on PCOS. A model of PCOS-liked rats induced by letrozole (1 mg/kg/d) for 21days was performed. Formulae Q (20 g/kg/d) was orally gavaged twice daily to rats as a pretreatment, and metformin (100 mg/kg/d) was orally gavaged daily as a positive "
41664163,10.1186/s12957-026-04245-2,ZP3 promotes hepatocellular carcinoma progression via the Notch signaling pathway and is associated with the tumor microenvironment and immunotherapy response.,World journal of surgical oncology,2026,"Qu, Caihao","Humans; *Liver Neoplasms/pathology/immunology/metabolism/therapy; *Carcinoma, Hepatocellular/pathology/immunology/metabolism/therapy; *Tumor Microenvironment/immunology; Animals; Signal Transduction; Mice; *Zona Pellucida Glycoproteins/metabolism/genetics; Disease Progression; *Receptors, Notch/metabolism; Female; *Immunotherapy/methods; Cell Proliferation; *Biomarkers, Tumor/metabolism/genetics; Cell Movement; Prognosis; Male; Xenograft Model Antitumor Assays; Tumor Cells, Cultured; Gene Expression Regulation, Neoplastic; Hepatocellular carcinoma; Immunotherapy response.; Notch signaling pathway; Tumor microenvironment; Zona pellucida glycoprotein 3","BACKGROUND: Zona pellucida glycoprotein 3 (ZP3) is an important member of the zona pellucida glycoprotein family. However, the underlying mechanisms and immune regulation in hepatocellular carcinoma (HCC) remain unclear. METHODS: The protein expression level of ZP3 in HCC tissues was detected via Western blotting (WB) and immunohistochemistry (IHC). The impact of ZP3 on tumor microenvironment (TME) modulation in HCC was analyzed via the TCGA database, and its potential for immunotherapy response"
41404623,10.1101/2025.11.23.690024,Integrative multi-omic analysis identifies key transcription factors and target proteins in renal cell carcinoma and its subtypes.,bioRxiv : the preprint server for biology,2025,"Chhetri, Surya B",,"To characterize key transcription factors (TFs) whose differential DNA binding can be altered by genetic variants associated with risk for renal cell carcinoma (RCC), we conducted a series of mixed model-based analyses integrating 449 TF ChIP-seq profiles across 9 kidney-related cell lines and summary statistics from a multi-ancestry genome-wide association study of RCC. We identified 96 unique TFs for which presence of SNPs in a neighborhood of TF ChIP-seq peaks are significantly associated (p-"
39791146,10.2174/0109298665350171241204153202,ZP3 Expression in Pancreatic Adenocarcinoma: Its Implications for the Prognosis and Therapy.,Protein and peptide letters,2025,"Lyu, Guizhen","Humans; *Pancreatic Neoplasms/genetics/metabolism/pathology/diagnosis/drug therapy; *Adenocarcinoma/genetics/metabolism/pathology/diagnosis/drug therapy; *Biomarkers, Tumor/genetics/metabolism; Prognosis; *Zona Pellucida Glycoproteins/genetics/metabolism; *Gene Expression Regulation, Neoplastic; Male; Female; Cell Line, Tumor; Middle Aged; Pancreatic adenocarcinoma; TMB/MSI; ZP3; drug sensitivity.; immune infiltration; prognosis","BACKGROUND: The role of Zona pellucida glycoprotein 3 (ZP3) is unclear in pancreatic adenocarcinoma (PAAD). OBJECTIVE: This study aimed to explore the role of ZP3 in PAAD. METHODS: A comparative analysis of ZP3 gene expression was performed to discern differences between various types of cancer and PAAD, leveraging data sourced from The Cancer Genome Atlas (TCGA). This study aimed to assess the role of ZP3 as a potential diagnostic marker for PAAD. The relationship between ZP3 levels and clinica"
39039845,10.1002/ijc.35098,Novel ectopic expression of zona pellucida 3 glycoprotein in lung cancer promotes tumor growth.,International journal of cancer,2024,"Pulawska-Moon, Kamila","Animals; *Lung Neoplasms/pathology/metabolism/genetics; Humans; Mice; *Zona Pellucida Glycoproteins/metabolism/genetics; Female; *Cell Proliferation; *Cell Movement; Cell Line, Tumor; Male; Mice, SCID; Mice, Inbred NOD; Mice, Knockout; Gene Expression Regulation, Neoplastic; cancer growth; lung cancer; zona pellucida 3","Zona pellucida 3 (ZP3) expression is classically found in the ZP-layer of the oocytes, lately shown in ovarian and prostate cancer. A successful ZP3 ovarian cancer immunotherapy in transgenic mice suggested its use as an attractive therapeutic target. The biological role of ZP3 in cancer growth and progression is still unknown. We found that ~88% of the analyzed adenocarcinoma, squamous and small cell lung carcinomas to express ZP3. Knockout of ZP3 in a ZP3-expressing lung adenocarcinoma cell li"
38490181,10.1016/j.cell.2024.02.013,ZP2 cleavage blocks polyspermy by modulating the architecture of the egg coat.,Cell,2024,"Nishio, Shunsuke",Humans; Male; Semen; Spermatozoa/chemistry/metabolism; Zona Pellucida/chemistry/metabolism; *Zona Pellucida Glycoproteins/chemistry/metabolism; Ovum/chemistry/metabolism; Female; ZP protein filament; ZP1; ZP2 cleavage; ZP3; block to polyspermy; egg coat hardening; egg-sperm interaction; fertilization; integrative structural biology; zona pellucida,"Following the fertilization of an egg by a single sperm, the egg coat or zona pellucida (ZP) hardens and polyspermy is irreversibly blocked. These events are associated with the cleavage of the N-terminal region (NTR) of glycoprotein ZP2, a major subunit of ZP filaments. ZP2 processing is thought to inactivate sperm binding to the ZP, but its molecular consequences and connection with ZP hardening are unknown. Biochemical and structural studies show that cleavage of ZP2 triggers its oligomerizat"
38125942,10.3389/fonc.2023.1233039,A tumor cell specific Zona Pellucida glycoprotein 3 RNA transcript encodes an intracellular cancer antigen.,Frontiers in oncology,2023,"Schultz, Iman J",RNA transcript; ZP3; cancer antigen; intracellular; oocyte,"BACKGROUND: Expression of Zona Pellucida glycoprotein 3 (ZP3) in healthy tissue is restricted to the extracellular Zona Pellucida layer surrounding oocytes of ovarian follicles and to specific cells of the spermatogenic lineage. Ectopic expression of ZP3 has been observed in various types of cancer, rendering it a possible therapeutic target. METHODS: To support its validity as therapeutic target, we extended the cancer related data by investigating ZP3 expression using immunohistochemistry (IHC"
37165781,10.1002/adma.202301686,Tuning the Organ Tropism of Polymersome for Spleen-Selective Nanovaccine Delivery to Boost Cancer Immunotherapy.,"Advanced materials (Deerfield Beach, Fla.)",2023,"Gu, Wenxing","Animals; *Spleen/metabolism/drug effects/immunology; Mice; *Polymers/chemistry; *Immunotherapy/methods; *Nanoparticles/chemistry; Cell Line, Tumor; *Drug Carriers/chemistry; Liver/metabolism; Humans; Tissue Distribution; Mice, Inbred C57BL; Female; Nanovaccines; immunotherapy; nanovaccines; organ selectivity; polymersomes; spleen","The past few decades have witnessed explosive development in drug delivery systems. However, in vivo delivery suffers from non-specific distribution in non-targeted organs or tissues, which may cause undesired side effects and even genotoxicity. Here, a general strategy that enables tuning the tropism of polymersomes for liver- and spleen-selective delivery is reported. By using a library screening approach, spleen-targeted polymersome PH9-Aln-8020 and liver-targeted polymersome PA9-ZP3-5050 are"
37079226,10.1007/s10815-023-02799-8,Co-culture of human cryopreserved fragmented ovarian tissue with theca progenitor cells derived from theca stem cells.,Journal of assisted reproduction and genetics,2023,"Dalman, Azam",Female; Humans; *Theca Cells/metabolism; Caspase 3; *Progesterone/metabolism; Androstenedione/metabolism/pharmacology; Coculture Techniques; Tumor Suppressor Protein p53/genetics; Granulosa Cells/metabolism; Estradiol/metabolism; Testosterone/metabolism; Co-culture system; Human ovarian cryopreservation; Human primordial follicles; Human theca progenitor cells; Ovarian cortical fragments,"PURPOSE: Despite the significant advances in the in vitro development of human primordial follicles, it is still a challenging approach with great potential for improvements. Therefore, the present study aimed to investigate the effect of a feeder layer of human theca progenitor cells (hTPCs) on the development of primordial follicles embedded in human ovarian tissue. METHODS: Fragments of frozen-thawed ovarian tissue were activated using the vanadate-derivative dipotassium bisperoxo (5-hydroxy-"
36941728,10.1186/s13048-023-01131-3,In-vivo oogenesis of oogonial and mesenchymal stem cells seeded in transplanted ovarian extracellular matrix.,Journal of ovarian research,2023,"Mirzaeian, Leila",Mice; Female; Animals; Humans; *Ovary; Vascular Endothelial Growth Factor A; Oogenesis; *Mesenchymal Stem Cells; Extracellular Matrix; Allograft; Angiogenesis; Mesenchymal stem cell; Oogenesis; Oogonial Stem Cell,"OBJECTIVE (S): One way to overcome the recurrence of cancer cells following ovarian tissue transplantation is to use decellularized tissues as a scaffold that does not have any cellular components. These cell-free scaffolds can be seeded with different type of stem cells for ovarian restoration. MATERIALS AND METHODS: OSCs, PMSCs and BMSCs (oogonial, peritoneal and bone marrow mesenchymal stem cells, respectively) were seeded into human decellularized ovarian tissue as 4 groups: Scaffold + OSCs "
36221877,10.2174/1386207325666221010112601,Prognostic Significance of ZP3 in Hepatocellular Carcinoma.,Combinatorial chemistry & high throughput screening,2023,"Bi, Yuanjian","Humans; *Carcinoma, Hepatocellular/diagnosis/genetics/metabolism; *Liver Neoplasms/diagnosis/genetics/metabolism; Prognosis; Zona Pellucida Glycoproteins; Hepatocellular carcinoma; disease-free survival; overall survival; prognostic significance; signaling pathways; zona pellucida glycoprotein 3","OBJECTIVE: The study aims to explore the prognostic significance of zona pellucida glycoprotein 3 (ZP3) in hepatocellular carcinoma (HCC) tissues. METHODS: The expression of ZP3 protein in HCC tissues was detected by immunohistochemistry (IHC) to study its effects on the clinicopathological characteristics and prognosis of HCC patients. The Cancer Genome Atlas (TCGA) database was used to confirm the expression of ZP3 in HCC tissues, and Gene set enrichment analysis (GSEA) was performed to obtain"
35768997,10.1111/cpr.13288,Peripubertal requirement of Tsg101 in maintaining the integrity of membranous structures in mouse oocytes.,Cell proliferation,2022,"Shin, Hyejin","Animals; DNA-Binding Proteins; *Endosomal Sorting Complexes Required for Transport/genetics; Gonadotropin-Releasing Hormone; Mice; Mice, Transgenic; *Oocytes; Transcription Factors; Tsg101 Protein","OBJECTIVE: As a component of Endosomal Sorting Complex Required for Transport (ESCRT) complex I, the tumor susceptibility gene 101 (Tsg101) carries out multiple functions. In this work, we report that oocyte-specific deletion of tumor susceptibility gene 101 (Tsg101) leads to age-dependent oocyte demise in mice. MATERIALS AND METHOD: Tsg101 floxed mice (Tsg101(f/f) ) were bred with Zp3(cre) transgenic mice to examine oocyte-specific roles of Tsg101. Multiple cellular and molecular biological app"
34736966,10.1016/j.mce.2021.111502,Novel expression of zona pellucida 3 protein in normal testis; potential functional implications.,Molecular and cellular endocrinology,2022,"Pulawska, Kamila",Adult; Animals; Cell Line; Humans; Male; Mice; Middle Aged; Sertoli Cells/metabolism; Spermatids/metabolism; Spermatocytes/metabolism; Spermatogonia/metabolism; Testis/*metabolism; Tissue Distribution; *Up-Regulation; Zona Pellucida Glycoproteins/*genetics/*metabolism; Epithelial cancer; Normal tissues; Ovary; Testis; ZP3 immunization; Zona pellucida 3 (ZP3),"The expression of the zona pellucida glycoprotein 3 (ZP3), originally thought to be specific for oocytes, was recently extended to ovarian, prostate, colorectal and lung cancers. Earlier successful ZP3 immunization of a transgenic mouse model carrying a ZP3 positive ovarian tumor emphasized the suitability of ZP3 for cancer immunotherapy. This study was carried out to determine whether any other normal tissues besides the ovary in healthy human and mouse tissues may express ZP3, considered impor"
33828127,10.1038/s41598-021-86888-7,Prognostic and therapeutic implications of extracellular matrix associated gene signature in renal clear cell carcinoma.,Scientific reports,2021,"Ahluwalia, Pankaj","Aged; Carcinoma, Renal Cell/*genetics/mortality/therapy; Extracellular Matrix/*genetics/immunology; Female; Gene Expression Regulation, Neoplastic; Gene Regulatory Networks; Humans; Kaplan-Meier Estimate; Kidney Neoplasms/*genetics/mortality/therapy; Male; Middle Aged; Prognosis; Progression-Free Survival; Proportional Hazards Models; Tumor Microenvironment/genetics/immunology","Complex interactions in tumor microenvironment between ECM (extra-cellular matrix) and cancer cell plays a central role in the generation of tumor supportive microenvironment. In this study, the expression of ECM-related genes was explored for prognostic and immunological implication in clear cell renal clear cell carcinoma (ccRCC). Out of 964 ECM genes, higher expression (z-score > 2) of 35 genes showed significant association with overall survival (OS), progression-free survival (PFS) and dise"
33348145,10.1016/j.theriogenology.2020.12.009,Expression patterns of ZO-1/2 and their effects on porcine oocyte in vitro maturation and early embryonic development.,Theriogenology,2021,"Cao, Lihua",Animals; Blastocyst; Cumulus Cells; Embryonic Development; Female; *In Vitro Oocyte Maturation Techniques/veterinary; Mice; Oocytes; Swine; *Tight Junctions; Oocyte in vitro maturation; Porcine; ZO-1; ZO-2; shRNA,"Zonula occludens (ZO)-1 and ZO-2 are involved in epithelial polarity maintenance, gene transcription, cell proliferation and tumor cell metastasis. Regulating ZO-1/2 expression influences the early embryonic development of mice, but whether they are involved in oocyte maturation is still poorly understood. In the present study, the expression patterns of ZO-1 and ZO-2 in porcine cumulus cells and oocytes matured in vitro and early embryos from parthenogenetic activation were detected by qRT-PCR "
30503065,10.1016/j.tice.2018.11.001,Structural and molecular analysis of the cancer prostate cell line PC3: Oocyte zona pellucida glycoproteins.,Tissue & cell,2018,"Costa, Jessica","Cell Aggregation/physiology; Humans; Male; Oocytes/metabolism; PC-3 Cells/*cytology; Prostate/metabolism/pathology; Prostatic Neoplasms/*metabolism/*pathology; Protein Processing, Post-Translational/physiology; Zona Pellucida Glycoproteins/*metabolism; Electron microscopy; Immunocytochemistry; PC3 cell line; Prostate cancer; Real time PCR; Zona pellucida glycoproteins","The human oocyte zona pellucida (ZP) is made of four glycoproteins, ZP1-ZP4. Recently, the prostate adenocarcinoma and prostate cancer PC3 cell-line were shown to express the human oocyte ZP3 glycoprotein, which was evaluated in a single report subject to patent. To further clarify whether oocyte zona pellucida glycoproteins are expressed in prostate cancer tissue and PC3-cells, in this report we evaluated protein expression of the four ZP glycoproteins in normal prostate tissue, prostate adenoc"
30334302,10.1111/cpr.12530,Comparison of different in vitro differentiation conditions for murine female germline stem cells.,Cell proliferation,2019,"Zou, Kang","Animals; Cell Culture Techniques; Cell Cycle Proteins; Cells, Cultured; DEAD-box RNA Helicases/biosynthesis; DNA-Binding Proteins; Female; Granulosa Cells/*cytology; Membrane Proteins/biosynthesis; Mice; Nuclear Proteins/biosynthesis; Octamer Transcription Factor-3/biosynthesis; Oocytes/*cytology; Oogenesis/*physiology; Positive Regulatory Domain I-Binding Factor 1/biosynthesis; Zona Pellucida Glycoproteins/biosynthesis; differentiation; female germline stem cells; in vitro; mouse","OBJECTIVES: In vitro differentiation of oocytes from female germline stem cells (FGSCs) has exciting potential applications for reproductive medicine. Some researchers have attempted to reveal the in vitro differentiation capacity of FGSCs. However, no systematic comparative study of in vitro differentiation conditions has been performed for murine FGSCs (mFGSCs). MATERIALS AND METHODS: mFGSCs line was cultured under five different conditions for in vitro differentiation. RT-PCR was performed to"
30005706,10.1186/s13148-018-0526-8,Loss of maternal EED results in postnatal overgrowth.,Clinical epigenetics,2018,"Prokopuk, Lexie","Adiposity; Animals; Bone Density; Disease Models, Animal; Enhancer of Zeste Homolog 2 Protein/genetics; Female; *Gene Deletion; Growth Disorders/*genetics/metabolism; Humans; Male; Maternal Inheritance; Mice; Oocytes/*growth & development/metabolism; Polycomb Repressive Complex 2/*genetics; EED; EZH2; Epigenetic inheritance; Germ; H3K27me3; Histone; Oocyte; Overgrowth; Polycomb; Weaver","BACKGROUND: Investigating how epigenetic information is transmitted through the mammalian germline is the key to understanding how this information impacts on health and disease susceptibility in offspring. EED is essential for regulating the repressive histone modification, histone 3 lysine 27 tri-methylation (H3K27me3) at many developmental genes. RESULTS: In this study, we used oocyte-specific Zp3-Cre recombinase (Zp3Cre) to delete Eed specifically in mouse growing oocytes, permitting the stu"
42450137,10.3390/ijms27135866,Co-Option and Conflict: The Deep Evolutionary History of ZP-Domain Proteins from ECMs to Species Barriers.,International journal of molecular sciences,2026,"Bezborodkina, Natalia","Animals; *Evolution, Molecular; *Zona Pellucida/metabolism; Phylogeny; *Zona Pellucida Glycoproteins/genetics/metabolism/chemistry; Humans; Protein Domains; *Extracellular Matrix Proteins/genetics/metabolism; *Extracellular Matrix/metabolism/genetics; ZP (Zona Pellucida); ZP-domain proteins; egg coat evolution; metazoan reproduction; molecular coevolution; phylogenetics","The Zona Pellucida (ZP) and its structural analogs are evolutionarily ancient extracellular matrix components. These are essential for oocyte protection, species-specific gamete recognition, and prevention of polyspermy across Metazoa. Defined by the conserved ZP-domain-comprising ZP-N and ZP-C subdomains-these glycoproteins self-assemble into fibrillar matrices through tightly regulated polymerization. Mechanisms of the regulated polymerization involve furin cleavage, disulfide bonding, and hyd"
41524182,10.1096/fj.202503270R,hnRNPU Safeguards Oocyte Development and Female Fertility via Regulation of Alternative Splicing.,FASEB journal : official publication of the Federation of American Societies for,2026,"Li, Jinmei","Animals; Female; *Oocytes/metabolism/cytology; *Alternative Splicing; Mice; *Fertility/genetics; Mice, Knockout; *Oogenesis; Growth Differentiation Factor 9/genetics/metabolism; *Infertility, Female/genetics/metabolism; Mitochondria/metabolism; alternative splicing; female; heterogeneous nuclear ribonucleoprotein U; infertility; mitochondria; oocyte","RNA-binding proteins (RBPs) are essential for oocyte development, folliculogenesis, and ovarian homeostasis by regulating RNA metabolism. Heterogeneous nuclear ribonucleoprotein U (hnRNPU) plays critical roles in the regulation of multiple physiological processes as a key RBP, yet its function in mammalian oocytes remains poorly understood. Here, we generated two oocyte-specific Hnrnpu knockout mouse models by using Zp3-Cre and Gdf9-Cre transgenic mouse lines to dissect its role in female reprod"
40684330,10.1080/01616412.2025.2532039,Identification of potential biomarkers and therapeutic targets for cerebral venous thrombosis.,Neurological research,2026,"Song, Jiahao","Humans; Genome-Wide Association Study; Quantitative Trait Loci/genetics; *Venous Thrombosis/genetics/drug therapy; *Intracranial Thrombosis/genetics/drug therapy; Biomarkers/metabolism; Mendelian Randomization Analysis; Genetic Predisposition to Disease/genetics; Molecular Docking Simulation; Polymorphism, Single Nucleotide; Cerebral venous thrombosis; Mendelian randomization; druggable genes; genome-wide association study; therapeutic targets","BACKGROUND AND AIMS: Cerebral venous thrombosis (CVT) is an uncommon yet potentially life-threatening subtype of stroke that predominantly affects younger individuals. This study aimed to systematically identify and validate druggable genes associated with CVT susceptibility using Mendelian randomization (MR) approaches. METHODS: We integrated two large-scale expression quantitative trait loci (eQTLs) datasets - eQTLGen (peripheral blood) and PsychENCODE (brain tissue) - as exposures, with CVT g"
39767756,10.3390/biomedicines12122850,Decoding the Genes Orchestrating Egg and Sperm Fusion Reactions and Their Roles in Fertility.,Biomedicines,2024,"Khan, Ranjha",acrosome reaction; capacitation; in vitro fertilization (IVF); sperm-egg fusion,"Mammalian fertilization is a complex and highly regulated process that has garnered significant attention, particularly with advancements in assisted reproductive technologies such as in vitro fertilization (IVF). The fusion of egg and sperm involves a sequence of molecular and cellular events, including capacitation, the acrosome reaction, adhesion, and membrane fusion. Critical genetic factors, such as IZUMO1, JUNO (also known as FOLR4), CD9, and several others, have been identified as essenti"
39757246,10.1007/s10695-024-01439-x,Comparative transcriptome analysis identified genes involved in testicular development in Takifugu rubripes.,Fish physiology and biochemistry,2025,"Chen, Jinfeng","Male; Animals; *Testis/metabolism/growth & development; *Gene Expression Profiling; *Takifugu/genetics/growth & development/metabolism; Transcriptome; Gene Expression Regulation, Developmental; Takifugu rubripes; Differentially expressed genes; Testicular development; Transcriptomic analysis","To identify candidate genes and pathways involved in testicular development in Takifugu rubripes, a comparative transcription analysis was conducted across the various developmental stages of the testis (stages II to V). A total of 9520 differentially expressed genes (DEGs) were identified among the different stages, and they were significantly clustered into six clusters (P < 0.05). One thousand four hundred eleven DEGs such as gndf, wnt1, and cyp17b1 were found to be decreased from stage II to"
42524388,10.20935/acadbiol7750,Acrosomal Matrix Proteins sp56 and AM67 and Gamete Adhesion in Mammals.,Academia biology,2025,"Wassarman, Paul M",AM67; acrosomal matrix; acrosome; acrosome reaction; capacitation; eggs; fertilization; sp56; sperm; zona pellucida,"Binding of free-swimming sperm to unfertilized eggs is an early step in the complex process of fertilization in mammals. Sperm bind by their head to the relatively thick, fibrillar extracellular matrix (ECM) or zona pellucida (ZP) that completely surrounds the plasma membrane of unfertilized eggs. Bound sperm penetrate the ZP, reach the space between the ZP and plasma membrane (perivitelline space), and a single sperm fuses with the egg's plasma membrane to produce a fertilized egg or zygote. In"
38067041,10.3390/ani13233690,Comparative Transcriptome Analysis Reveals Sexually Dimorphic Gene Expression in the Gonads of Brachymystax tsinlingensis Li.,Animals : an open access journal from MDPI,2023,"Huang, Ling",Brachymystax tsinlingensis Li; sex-biased genes; testis and ovary; transcriptome analysis,"Brachymystax tsinlingensis Li is an endangered cold-water salmonid fish native to China. This study aimed to identify sex-related genes and biological pathways via gonadal transcriptome sequencing of B. tsinlingensis Li. A total of 167,904 unigenes were identified with an average length of 836 bp and an N50 of 1452 bp, of which 84,977 (50.61%) unigenes were successfully annotated in six major databases. Comparative transcriptome analysis identified 22,864 differentially expressed genes (DEGs), o"
36650065,10.24272/j.issn.2095-8137.2022.330,Transfer of the zp3a gene results in changes in egg adhesiveness and buoyancy in transgenic zebrafish.,Zoological research,2023,"Cao, Yu-Qing","Animals; *Zebrafish/genetics; Zona Pellucida Glycoproteins/genetics/metabolism; Egg Proteins/genetics/metabolism; Membrane Glycoproteins/genetics/metabolism; Amino Acid Sequence; Adhesiveness; Receptors, Cell Surface/genetics; Animals, Genetically Modified/genetics; *Cyprinidae; Adhesive; Buoyancy; Egg envelope; Hydration; Zona pellucida protein","Reproductive strategies and spawning habits play key roles in the evolution of endemic East Asian cyprinids. However, the molecular mechanisms underlying the regulation of spawning habits are not well understood. We recently identified zona pellucida (Zp) as the top differentially expressed protein between East Asian cyprinids that produce adhesive and semi-buoyant eggs, suggesting that Zp protein may play important roles in the regulation of egg type. In this work, we generated transgenic zebra"
36406891,10.3389/frph.2022.1030949,Seasonal variation in the morphokinetics of in-vitro-derived bovine embryos is associated with the blastocyst developmental competence and gene expression.,Frontiers in reproductive health,2022,"Yaacobi-Artzi, Shira",blastocyst; embryo development; gene expression; morphokinetic; seasonal effect; time-lapse system,"Summer heat stress is a major cause of reduced development of preimplantation embryos. Nevertheless, seasonal effects on embryo morphokinetics have been less studied. We used a non-invasive time-lapse system that allows continuous monitoring of embryos to study the seasonal impact on embryo morphokinetics. The experiments were performed during the cold and the hot seasons. Cumulus-oocyte complexes were aspirated from ovaries, in-vitro-matured, and fertilized. Putative zygotes were cultured in an"
36185367,10.1016/j.isci.2022.105117,The chromosome-scale genome of the raccoon dog: Insights into its evolutionary characteristics.,iScience,2022,"Lan, Tianming",Animals; Genetics; Genomics; Zoology,"The raccoon dog (Nyctereutes procyonoides) is an invasive canid species native to East Asia with several distinct characteristics. Here, we report a chromosome-scale genome of the raccoon dog with high contiguity, completeness, and accuracy. The intact taste receptor genes, expanded gene families, and positively selected genes related to digestion, absorption, foraging, and detoxification likely support the omnivory of raccoon dogs. Several positively selected genes and raccoon dog-specific muta"
35217439,10.1016/j.phymed.2022.153975,Zuogui pills maintain the stemness of oogonial stem cells and alleviate cyclophosphamide-induced ovarian aging through Notch signaling pathway.,Phytomedicine : international journal of phytotherapy and phytopharmacology,2022,"Zeng, Lihua",Notch signaling pathway; OSCs; Ovarian aging; Stemness; Zuogui pills,"BACKGROUND: Zuogui pills (ZGP), a classical prescription of traditional Chinese medicine, have been widely used in the treatment of ovarian aging. Previous studies have demonstrated its efficacy on protecting ovarian aging, and the mechanisms were mostly relevant to inhibiting the apoptosis of follicles and activating the primordial follicles. However, whether ZGP could stimulate the oogonial stem cells (OSCs) to refresh the follicle pool remains poorly understood. PURPOSE: To investigate the ef"
33633274,10.1038/s41598-021-84140-w,Transcriptomic analysis of granulosa cell populations proximal and distal to the germinal disc of chicken preovulatory follicles.,Scientific reports,2021,"Zhu, Guoqiang",Animals; Blastodisc/*metabolism; Chickens; Female; Gene Expression Regulation; Granulosa Cells; Ovarian Follicle/*metabolism; Ovulation; Real-Time Polymerase Chain Reaction; *Transcriptome,"Within the oocytes of chicken preovulatory follicles, the engulfed yolk constitutes 99% of the oocyte content, while the small germinal disc (GD) (which contains the nucleus and 99% ooplasm) occupies only less than 1%. Relative to the position of the GD, the single granulosa cell layer surrounding the oocyte can be sub-divided into two sub-populations: granulosa cells proximal (named Gp cells) and distal (Gd cells) to the GD. It was reported that Gp cells and Gd cells differ in their morphology,"
33065540,10.1530/REP-20-0123,Sperm binding to ZP2-coated beads improve the efficiency of porcine in vitro fertilisation.,"Reproduction (Cambridge, England)",2020,"Gabriela Hamze, Julieta",Acrosome Reaction; Animals; Female; *Fertilization; Fertilization in Vitro/*methods; Male; Oocytes/*metabolism; *Sperm-Ovum Interactions; Spermatozoa/*metabolism; Swine; Zona Pellucida Glycoproteins/*metabolism,"The role of specific zona pellucida (ZP) glycoproteins in gamete interaction has not yet been elucidated in many species. A recently developed 3D model based on magnetic sepharose beads (B) conjugated to recombinant ZP glycoproteins (BZP) and cumulus cells (CBZP) allows the study of isolated ZP proteins in gamete recognition studies. The objective of this work was to study the role of porcine ZP2, ZP3 and ZP4 proteins in sperm binding, cumulus cell adhesion and acrosome reaction triggering. ZP p"
32686637,10.1017/S0022215120001395,Identification of pathogens causing invasive fungal rhinosinusitis in surgical biopsies using polymerase chain reaction.,The Journal of laryngology and otology,2020,"Chaturantabut, S","Aspergillus/genetics; Biopsy; Candida/genetics; Child; Child, Preschool; Cladosporium/genetics; DNA, Fungal/genetics; Humans; Infant; Mycoses/*microbiology; Paraffin Embedding; Polymerase Chain Reaction/*methods; RNA, Ribosomal, 5.8S/genetics; Retrospective Studies; Rhinitis/*microbiology/pathology; Sinusitis/*microbiology/pathology; Aspergillus; Candida; Cladosporium; Invasive Fungal Rhinosinusitis; Polymerase Chain Reaction","BACKGROUND: Invasive fungal rhinosinusitis is associated with high morbidity and mortality. Rapid pathogen identification is mandatory, but fresh tissue is not always available. A polymerase chain reaction method was designed in order to detect fungi in formalin-fixed paraffin-embedded samples. This was applied to a retrospective series of tissue biopsies from Thai patients with invasive fungal rhinosinusitis. METHODS: Tissue blocks from 64 cases yielded adequate DNA. Three sequential polymerase"
31784633,10.1038/s41598-019-54501-7,Mammalian spermatozoa and cumulus cells bind to a 3D model generated by recombinant zona pellucida protein-coated beads.,Scientific reports,2019,"Hamze, Julieta Gabriela",Animals; Biological Assay/*methods; CHO Cells; Cricetulus; Cumulus Cells/*metabolism; Female; Intravital Microscopy; Male; Recombinant Proteins/metabolism; *Sperm-Ovum Interactions; Spermatozoa/*metabolism; Swine; Zona Pellucida/metabolism; Zona Pellucida Glycoproteins/*metabolism,"The egg is a spherical cell encapsulated by the zona pellucida (ZP) which forms a filamentous matrix composed of several glycoproteins that mediate gamete recognition at fertilization. Studies on molecular mechanisms of sperm-egg binding are limited in many mammalian species by the scarcity of eggs, by ethical concerns in harvesting eggs, and by the high cost of producing genetically modified animals. To address these limitations, we have reproduced a three-dimensional (3D) model mimicking the o"
31287492,10.1093/abbs/gmz065,Immunomodulatory effect of human amniotic epithelial cells on restoration of ovarian function in mice with autoimmune ovarian disease.,Acta biochimica et biophysica Sinica,2019,"Zhang, Qiuwan","Amnion/*cytology; Animals; Apoptosis; Autoimmune Diseases/*therapy; Cell Movement; Culture Media, Conditioned/chemistry; Disease Models, Animal; Epithelial Cells/*cytology; Female; Granulosa Cells/cytology; Humans; Immunohistochemistry; Inflammation; Intramolecular Oxidoreductases/metabolism; Lipopolysaccharides/metabolism; Macrophage Migration-Inhibitory Factors/metabolism; Macrophages/metabolism; Mice; Ovarian Diseases/*therapy; Primary Ovarian Insufficiency/*therapy; RAW 264.7 Cells; Spleen/metabolism; Transforming Growth Factor beta/metabolism; Zona Pellucida Glycoproteins/metabolism; autoimmune ovarian disease; human amniotic epithelial cells; premature ovarian failure; regulatory T cells; zona pellucida protein 3","Autoimmune ovarian disease (AOD) is considered to be a major cause of premature ovarian failure (POF). The immunomodulatory properties of human amniotic epithelial cells (hAECs) have been studied in many disease models. We previously reported that hAECs restored ovarian function in chemotherapy-induced POF mice, but the immunomodulatory mechanism of hAECs is still unclear. To investigate the effect of hAECs on recipient mice, especially on regulatory Treg cells, hAECs and hAEC-conditioned medium"
31208844,10.1016/j.anireprosci.2019.06.002,Researching immunocontraceptive vaccines with mares (Equus caballus) as both a target and model for African elephant (Loxodonta africana) cows: A review.,Animal reproduction science,2019,"Joone, Carolynne J","Animals; Biomedical Research/methods/trends; Contraception, Immunologic/methods/*veterinary; *Elephants/immunology; Female; *Horses/immunology; Models, Animal; Models, Biological; Vaccines, Contraceptive/immunology/*therapeutic use; Veterinary Medicine/methods/trends; African elephant; Horse; Immunocontraception; Vaccine formulation",A sequence of studies is reviewed that reported the domestic horse (Equus caballus) mare as an appropriate and accessible research platform for recording clinical and laboratory data post-immunisation with anti- GnRH and -zona pellucida (ZP) immunocontraceptive vaccines. Experience with a native porcine ZP (pZP) vaccine in African elephant (Loxodonta africana) cows highlighted needs for improving vaccine formulations and more clearly defining associated ovarian effects and safety profiles. Initi
30797753,10.1016/j.yexcr.2019.02.016,Proteomic analysis of mouse ovaries during the prepubertal stages.,Experimental cell research,2019,"Xiong, Jiaqiang","Animals; Female; *Gene Expression Regulation, Developmental; Metabolic Networks and Pathways; Mice; Mice, Inbred C57BL; Ovary/growth & development/*metabolism; Proteome/genetics/*metabolism; *Sexual Maturation; Follicular development; Folliculogenesis; LC-MS/MS; Primordial follicle activation; Proteome","Postnatal folliculogenesis, primordial follicle activation and follicular development at early stage are important for normal ovarian function and fertility, and a comprehensive understanding of this process under physiological condition is necessary. To observe the regulation and mechanism of ovarian follicle development during the prepubertal stages, we collected the mouse ovaries from three time points, including 1 day, 7 days, and 4 weeks after birth. We then performed a proteomic analysis u"
30587673,10.1292/jvms.17-0605,Serological and histological evaluation of species-specific immunocontraceptive vaccine antigens based on zona pellucida 3 in the small Indian mongoose (Herpestes auropunctatus).,The Journal of veterinary medical science,2019,"Kuninaga, Naotoshi","Animals; Antibodies/immunology; Antigens/immunology; Contraception, Immunologic/*veterinary; Enzyme-Linked Immunosorbent Assay/veterinary; Female; *Herpestidae/blood/immunology; *Introduced Species; Vaccines/*immunology; Zona Pellucida/*immunology/ultrastructure; fertility control; immunocontraception; invasive alien species; mongoose; zona pellucida","The small Indian mongoose (Herpestes auropunctatus) was introduced to Japanese islands and has impacted on the island's biodiversity. Population control has been attempted through capturing but its efficiency has rapidly declined. Therefore, new additional control methods are required. Our focus has been on the immunocontraceptive vaccines, which act in an especially species-specific manner. The amino-acid sequence of the mongoose ovum zona pellucida protein 3 (ZP3) was decoded and two types of "
42565085,10.1016/j.mtbio.2026.103491,Self-assembled nano-PROTACs potentiate colorectal cancer immunotherapy via downregulating PD-L1 and GPX4 expression.,Materials today. Bio,2026,"Luo, Xueping",Ferroptosis; Immunogenic cell death; Immunotherapy; PROTAC; Self-assembly,"Ferroptosis, a form of regulated cell death that is iron-dependent and driven by the accumulation of lipid peroxides (LPO), has emerged as a promising avenue for enhancing tumor immunogenicity and augmenting immune checkpoint blockade (ICB) efficacy. In this study, we demonstrated that dBET57, a BRD4-targeting PROTAC, potently suppresses the expression of GPX4, the master negative regulator of ferroptosis, thereby triggering ferroptotic cell death, while concurrently downregulating PD-L1 to reve"
42564049,10.3389/fendo.2026.1790049,"Acupuncture modulates extracellular vesicle-miRNA-HMOX1 axis to inhibit ferroptosis in polycystic ovary syndrome: integrating machine learning, in vitro and in vivo studies.",Frontiers in endocrinology,2026,"Wu, Xiaoling","Female; Animals; *MicroRNAs/metabolism/genetics; *Polycystic Ovary Syndrome/therapy/metabolism/genetics/pathology; *Ferroptosis/physiology; Rats; *Heme Oxygenase-1/metabolism/genetics; *Acupuncture Therapy/methods; *Extracellular Vesicles/metabolism; Granulosa Cells/metabolism; Rats, Sprague-Dawley; Humans; Disease Models, Animal; Heme Oxygenase (Decyclizing); acupuncture therapy; extracellular vesicles; ferroptosis; heme oxygenase-1; microRNA; polycystic ovary syndrome","BACKGROUND: Acupuncture therapy shows promise for polycystic ovary syndrome (PCOS), but its molecular mechanisms remain unclear. This study investigates whether acupuncture alleviates PCOS by regulating granulosa cell (GC) ferroptosis via extracellular vesicles (EVs). METHODS: Bioinformatic analysis of KGN cell transcriptome data identified heme oxygenase-1 (HMOX1) as a key candidate. Its role was validated in a PCOS rat model and GCs using RT-qPCR, western blot, and immunohistochemistry. Ferrop"
42559752,10.1080/03008207.2026.2712480,Type I collagen alleviates tBHP-induced senescence in murine hippocampal neuronal HT22 cells through an F-actin/ferroptosis pathway.,Connective tissue research,2026,"Wang, Xiaoling",F-actin; HT22 cells; Type I collagen; ferroptosis; senescence,"PURPOSE: Neuronal senescence contributes to several age-related neurodegenerative diseases occurring with aging. Meanwhile, aging of our bodies is accompanied by the systemic dysregulation of type I collagen, the major component in the extracellular matrix. This study investigates whether type I collagen plays a protective role in neuronal senescence. METHODS: Cellular senescence was assessed by evaluating senescence-associated beta-galactosidase staining, cell area, senescence-associated protei"
42552263,10.1002/biof.70138,Growth Differentiation Factor 15 (GDF15) Protects Against Sepsis-Associated Acute Kidney Injury via Suppression of TLR4-MyD88-NF-kappaB Signaling and Ferroptosis.,"BioFactors (Oxford, England)",2026,"Yang, Chengyi","Animals; *Myeloid Differentiation Factor 88/genetics/metabolism; *Toll-Like Receptor 4/genetics/metabolism; *Ferroptosis/drug effects/genetics; *Acute Kidney Injury/etiology/pathology/genetics/metabolism/prevention &; *Sepsis/complications/genetics/metabolism/pathology/drug therapy; NF-kappa B/metabolism/genetics; Humans; Signal Transduction/drug effects; *Growth Differentiation Factor 15/genetics/metabolism/pharmacology; Mice; Male; Oxidative Stress/drug effects; Kidney/pathology/metabolism; Mice, Inbred C57BL; Disease Models, Animal; Cell Line; GDF15; TLR4-MyD88-NF-kappaB; ferroptosis; inflammation; sepsis-associated acute kidney injury","Sepsis-associated acute kidney injury (SAKI) lacks mechanism-based therapies, with upstream ferroptosis regulators undefined. This study investigated growth differentiation factor 15 (GDF15) as a suppressor of TLR4-MyD88-NF-kappaB signaling and associated ferroptosis. Differential GDF15 expression was identified by integrated analysis of three GEO datasets (GSE232404, GSE30718, GSE44925) and validated in SAKI patient kidney tissue (n = 30 vs. controls n = 25) and in kidneys from cecal ligation a"
42554509,10.1002/advs.76958,Mepce Restrains Ferroptosis in Prostate Cancer Through 7SK-P-TEFb Pause Control.,"Advanced science (Weinheim, Baden-Wurttemberg, Germany)",2026,"Zhang, Tongtong",7SK snRNP; GPX4 inhibition; MEPCE; ferroptosis; prostate cancer,"Ferroptosis can be therapeutically induced through GPX4 inhibition, but the mechanisms that determine ferroptosis sensitivity in prostate cancer remain incompletely understood. Here, we combined genome-wide CRISPR screening under graded GPX4 inhibition with mechanistic perturbation-rescue experiments and validation in xenograft and immunocompetent syngeneic prostate cancer models. We identified MEPCE loss as a conserved sensitizer to ferroptosis. Mechanistically, MEPCE depletion destabilized RN7"
42550462,10.1007/s43440-026-00881-3,"Pre-treatment with 2-mercaptoethanol attenuates ferroptosis-associated redox imbalance and inflammatory responses, but not tubulointerstitial fibrosis, in unilateral ureteral obstruction.",Pharmacological reports : PR,2026,"Moon, Daeun",2-mercaptoethanol; Ferroptosis; Inflammation; Redox imbalance; Renal fibrosis; Unilateral ureteral obstruction,"BACKGROUND: Unilateral ureteral obstruction (UUO) induces oxidative stress, inflammation, ferroptosis, and progressive fibrotic remodeling. Whether pharmacological modulation of ferroptosis-related redox imbalance attenuates obstructive kidney injury remains unclear. In this study, we investigated the effects of the thiol-containing antioxidant 2-mercaptoethanol (2-ME) in a mouse UUO model. METHODS: Mice subjected to UUO received either pre-treatment or delayed treatment with 2-ME. Ferroptosis-r"
42543668,10.1536/ihj.25-386,Empagliflozin Attenuates Ferroptosis in Acute Myocardial Infarction via the AMPK/NRF2/SLC7A11 Signaling Pathway.,International heart journal,2026,"Tang, Xiangrui","Animals; *Ferroptosis/drug effects; *NF-E2-Related Factor 2/metabolism; Mice; *Myocardial Infarction/metabolism/drug therapy/pathology; *AMP-Activated Protein Kinases/metabolism; Signal Transduction/drug effects; Myocytes, Cardiac/drug effects/metabolism/pathology; *Benzhydryl Compounds/pharmacology; *Glucosides/pharmacology; *Amino Acid Transport System y+/metabolism; Reactive Oxygen Species/metabolism; Disease Models, Animal; Apoptosis/drug effects; Male; Cardiomyocytes; Lipid peroxidation; Oxidative stress","Emerging evidence implicates ferroptosis in myocardial ischemic injury. This study aimed to investigate whether empagliflozin (EMP) suppresses ferroptosis in acute myocardial infarction (AMI) via the AMP-activated protein kinase (AMPK)/nuclear factor erythroid 2-related factor 2 (NRF2)/solute carrier family 7 member 11 (SLC7A11) pathway.Hypoxia/reoxygenation (H/R)-injured HL-1 cardiomyocytes were treated with EMP (10, 20, 30 muM). Cell viability, morphology, damage, and apoptosis were assessed b"
42542064,10.1016/j.phymed.2026.158658,Integrating UHPLC-HRMS with SSA-BP neural network identifies optimal components of Astragali Radix‑Salviae Miltiorrhizae combination for mitigating cerebral ischemia-reperfusion injury via mitophagy and ferroptosis pathways.,Phytomedicine : international journal of phytotherapy and phytopharmacology,2026,"Guo, Chao",Active ingredients; Ferroptosis; Huangqi-danshen (QD); Mitophagy; SSA-BP neural network,"BACKGROUND: Astragali Radix (Huangqi) and Salvia miltiorrhiza (Danshen) represent a frequently paired herbal combination in traditional Chinese medicine for tonifying Qi and promoting blood circulation. Previous pharmacological investigations have shown that phytochemicals derived from these herbs exhibit neuroprotective properties against cerebral ischemia-reperfusion (CI/R) injury. Nevertheless, the underlying principles governing the combined application of Huangqi and Danshen (QD) and the mo"
42540475,10.1016/j.ijpx.2026.100607,Artesunate-loaded bovine serum albumin nanoplatform with metal-polyphenol network coating for ferroptosis-driven breast cancer therapy.,International journal of pharmaceutics: X,2026,"Huang, Yinghong",Artesunate; Cancer treatment; Ferroptosis; Metal-phenolic networks,"Ferroptosis, an iron-dependent programmed cell death process driven by reactive oxygen species (ROS) accumulation, represents a promising therapeutic strategy for breast cancer. However, the efficacy of ferroptosis therapy in breast cancer is often compromised by insufficient intracellular levels of hydrogen peroxide (H(2)O(2)) and iron ions. To address these problems, we developed pH-responsive nanoparticles comprising a metal-phenolic network (MPN) shell and a bovine serum albumin (BSA) core f"
42539646,10.3389/fphar.2026.1853492,Nonpolysaccharide fraction of Lonicerae japonicae Flos attenuates cyclophosphamide-induced immunosuppression associated with modulation of the Keap1/Nrf2/HO-1/GPX4 signalling pathway.,Frontiers in pharmacology,2026,"Peng, Mei",Keap1/Nrf2/HO-1/GPX4 pathway; Lonicerae japonicae Flos; chlorogenic acid; cyclophosphamide; ferroptosis; immunosuppression; natural products; non-polysaccharide fraction,"BACKGROUND: Cyclophosphamide (CTX)-induced immunosuppression is closely associated with oxidative stress and ferroptosis, but effective therapeutic interventions remain limited. This study investigated the protective effects of the non-polysaccharide fraction of Lonicerae japonicae Flos (LJFE) against CTX-induced immunosuppression and explored its underlying molecular mechanism. METHODS: LJFE was prepared by water extraction followed by ethanol precipitation, and its chemical profile was charact"
42539630,10.3389/fimmu.2026.1868787,Emerging immune networks and targeted strategies in T2 asthma.,Frontiers in immunology,2026,"Xi, Tianye","Humans; *Asthma/immunology/drug therapy/therapy; Animals; Immunity, Innate; *Th2 Cells/immunology; Interleukin-33/immunology/metabolism; Cytokines/metabolism; T2 asthma; biologics; ferroptosis; group 2 innate lymphoid cells; interleukin-33; precision medicine","Asthma is a highly heterogeneous chronic inflammatory disease of the airways, among which Th2-high asthma represents the most prevalent endotype. The pathogenesis of Type 2 (T2) asthma (driven by type 2 inflammation) involves a complex immune network orchestrated by the coordinated actions of multiple effector cell populations, including Th2 cells, group 2 innate lymphoid cells (ILC2s), and type 2 cytotoxic T (Tc2) cells. Epithelial-derived alarmins, particularly interleukin-33 (IL-33) and thymi"
42536249,10.1007/s00604-026-08317-8,Harnessing disulfidptosis-ferroptosis synergy to potentiate radiotherapy in triple-negative breast cancer.,Mikrochimica acta,2026,"Geng, Yan","*Disulfidptosis/drug effects; Humans; *Ferroptosis/drug effects; *Triple Negative Breast Neoplasms/radiotherapy/drug therapy/metabolism/pathology; *Antineoplastic Agents/pharmacology/chemistry/chemical synthesis; *Radiation-Sensitizing Agents/pharmacology/chemistry; Cell Line, Tumor; Female; Breast cancer; Disulfidptosis; Ferroptosis; Glucose transport; Radiotherapy","Triple-negative breast cancer (TNBC) displays pronounced molecular heterogeneity and metastatic propensity, which correlates with its poor clinical prognosis. Crucially, radiotherapy (RT) resistance serves as a pivotal contributor to treatment failure and disease advancement in TNBC. To address this challenge, we developed BWFP, which is achieved by loading WZB117 and FIN56 onto bismuth-based metal organic framework with radiosensitization effect and surface modifying pH-responsive DSPE-PEOz. Un"
42530249,10.31083/FBL50880,MGST1 Suppresses Ferroptosis in Nucleus Pulposus Cells and Attenuates Intervertebral Disc Degeneration by Regulating GPX4.,Frontiers in bioscience (Landmark edition),2026,"Huo, Zhenxin","*Ferroptosis/genetics; *Intervertebral Disc Degeneration/pathology/genetics/metabolism; Animals; *Nucleus Pulposus/metabolism/pathology/cytology; Rats; *Glutathione Transferase/genetics/metabolism; Rats, Sprague-Dawley; Male; Reactive Oxygen Species/metabolism; Lipid Peroxidation; Humans; Oxidative Stress; Apoptosis; Disease Models, Animal; Phospholipid Hydroperoxide Glutathione Peroxidase; ferroptosis; intervertebral disc degeneration; microsomal glutathione S-transferase 1; nucleus pulposus cells","BACKGROUND: Intervertebral disc degeneration (IDD) is a major pathological contributor to low back pain, and its progression is closely associated with oxidative stress and cell death. Ferroptosis is a form of programmed cell death characterized by iron-dependent lipid peroxidation, which has recently been confirmed to participate in IDD progression. Microsomal glutathione S-transferase 1 (MGST1) plays an important role in glutathione metabolism and cellular antioxidant defense, but its function"
42528515,10.3389/fphar.2026.1842913,Nystose treats intervertebral disc degeneration via the Nrf2 axis: a focus on oxidative stress and ferroptosis.,Frontiers in pharmacology,2026,"Mei, Haifeng",Nrf2; ferroptosis; intervertebral disc degeneration; nystose; oxidative stress,"BACKGROUND: Intervertebral disc degeneration (IDD) is the primary aetiology of chronic lower back pain and is driven by factors such as oxidative stress and nucleus pulposus (NP) cell dysfunction. Nystose (Nys), a key active oligosaccharide derived from Morinda officinalis How., has shown potential in treating degenerative diseases; however, its specific effect and underlying mechanism of action in IDD remain largely unexplored. PURPOSE: This study aimed to investigate the therapeutic potential "
42521170,10.1016/j.ijbiomac.2026.153806,ROS-responsive chitosan/hyaluronan polyelectrolyte nanogels for targeted chemo-ferroptosis therapy against breast cancer.,International journal of biological macromolecules,2026,"Gao, An",Ferroptosis; Nanogel; ROS responsive,"Ferroptosis, an iron-dependent form of regulated cell death driven by lipid peroxidation, has emerged as a promising strategy for combination with chemotherapy in cancer treatment. However, the rational design of delivery systems capable of simultaneously inducing ferroptosis, enhancing chemotherapy efficacy, and reducing systemic toxicity remains a substantial challenge. Herein, we developed a reactive oxygen species (ROS)-responsive, ionically crosslinked chitosan/hyaluronan polyelectrolyte na"
42517904,10.1007/s00418-026-02519-0,"Bioactive adipose-derived ECM hydrogel loaded with cytokine-releasing microspheres promotes spinal cord repair by suppressing inflammation, apoptosis, oxidative stress, and ferroptosis.",Histochemistry and cell biology,2026,"Alghamdi, Amani","Animals; Oxidative Stress/drug effects; Rats, Sprague-Dawley; *Microspheres; Male; Rats; Apoptosis/drug effects; *Spinal Cord Injuries/drug therapy/metabolism/pathology; *Cytokines/pharmacology/metabolism; *Inflammation/drug therapy/metabolism/pathology; *Hydrogels/chemistry/pharmacology; *Adipose Tissue/chemistry/metabolism; *Extracellular Matrix/chemistry/metabolism; Adipose-derived ECM; GDNF; Hydrogel; IL-10; Microspheres; Spinal cord injury; VEGF","Spinal cord injury (SCI) is a devastating neurological condition characterized by severe neuronal loss, inflammation, oxidative stress, and various forms of regulated cell death that collectively impair functional recovery. The present study aimed to develop a bioactive therapeutic platform based on an adipose-derived extracellular matrix (ECM) hydrogel incorporating cytokine-releasing PLGA microspheres to promote spinal cord repair. The hydrogel was fabricated from decellularized adipose tissue"
42511975,10.3390/biomedicines14071501,"An Integrative Transcriptomic, Network Pharmacology, and Molecular Docking Analysis of the Ferroptosis-Fibrosis Axis in Cardiomyopathy with Exploratory Relevance to Diabetic Cardiomyopathy.",Biomedicines,2026,"Onar, Lutfi Cagatay",cardiac fibrosis; cardiomyopathy; extracellular matrix remodeling; ferroptosis; machine learning; molecular docking; network pharmacology; transcriptomic analysis,"Background: Diabetic cardiomyopathy (DCM) is characterized by metabolic dysfunction, inflammation, extracellular matrix (ECM) remodeling, and myocardial fibrosis. Increasing evidence suggests that ferroptosis-associated oxidative injury may contribute to cardiac remodeling; however, the interaction between ferroptosis-related pathways and fibrosis-associated molecular networks remains incompletely understood. This study explored the ferroptosis-fibrosis axis using an integrative transcriptomic a"
42511738,10.3390/ijms27146391,Baicalein Attenuates High Glucose and Sodium Palmitate-Induced Ferroptosis in Cardiomyocytes via the Nrf2/SLC7A11/GPX4 Signaling Pathway.,International journal of molecular sciences,2026,"Wang, Huan","*Ferroptosis/drug effects; *Flavanones/pharmacology; *Myocytes, Cardiac/metabolism/drug effects; Animals; *Signal Transduction/drug effects; *Glucose; Rats; *NF-E2-Related Factor 2/metabolism; Molecular Docking Simulation; *Phospholipid Hydroperoxide Glutathione Peroxidase/metabolism; Cell Line; Diabetic Cardiomyopathies/metabolism/drug therapy; Molecular Dynamics Simulation; Cell Survival/drug effects; baicalein; cardiomyocyte; diabetic cardiomyopathy; ferroptosis; high glucose; network pharmacology; sodium palmitate","Diabetes mellitus (DM) is increasing rapidly worldwide, and diabetic cardiomyopathy (DCM) has become a leading cause of death in diabetic patients. Therefore, effective strategies for the prevention and treatment of DCM are urgently needed. Ferroptosis, a form of regulated cell death, has been implicated in the pathogenesis of DCM. This study integrated network pharmacology, data mining, molecular docking, molecular dynamics simulations, and in vitro experiments to investigate whether baicalein "
42511132,10.3390/ani16142255,Integrated Transcriptomic and Proteomic Analysis Reveals Runx2b-Associated Molecular Regulation of IB Development in Culter alburnus.,Animals : an open access journal from MDPI,2026,"Xu, Yi",Culter alburnus; gene editing; intermuscular bones; proteome; runx2b; transcriptome,"Intermuscular bones (IBs) are ossified structures within the myoseptal connective tissues of cyprinid fishes and negatively affect eating quality and processing suitability. Although runx2b has been shown to be essential for IB formation, the molecular changes associated with runx2b-mediated IB reduction or loss remain poorly understood. In this study, runx2b-edited Culter alburnus F1 individuals were generated and classified into wild-type, heterozygous mutant, and homozygous mutant groups. Ske"
42504696,10.1002/cbf.70264,Cell-Type-Specific Regulation of Ferroptosis in Atherosclerosis: Mechanisms and Therapeutic Potential of Natural Products.,Cell biochemistry and function,2026,"Wang, Ziwei",Humans; *Ferroptosis/drug effects; *Atherosclerosis/drug therapy/pathology/metabolism; *Biological Products/pharmacology/therapeutic use/chemistry; Animals; Macrophages/metabolism/pathology/drug effects; Endothelial Cells/metabolism/pathology/drug effects; atherosclerosis; cell-type-specific regulation; ferroptosis; natural products; plaque stability; vascular cells,"Ferroptosis is a regulated form of cell death in which disturbed iron metabolism, accumulation of peroxidized membrane lipids, and insufficient glutathione peroxidase 4 (GPX4) activity converge to injure vascular cells. In atherosclerosis, its effects are highly dependent on cellular context rather than being uniform across the vessel wall. In macrophages, ferroptotic injury strengthens inflammatory signaling and contributes to necrotic-core growth; in vascular smooth muscle cells, it impairs mi"
42504052,10.1002/cam4.72146,Overcoming Radiation Resistance: Ferroptosis Induction to Sensitize Solid Tumors to Radiation Therapy.,Cancer medicine,2026,"Carmicheal, Joseph",Humans; *Ferroptosis/drug effects/radiation effects; *Neoplasms/radiotherapy/metabolism/pathology; *Radiation Tolerance/drug effects; Animals; Reactive Oxygen Species/metabolism; *Radiation-Sensitizing Agents/pharmacology/therapeutic use; Lipid Peroxidation/radiation effects; Signal Transduction; Iron/metabolism; FIN; ROS; ferroptosis; iron; radiation; radiation therapy; radioresistance; radiosensitization,"Radiation therapy (RT) is a mainstay of treatment for a myriad of cancers, often utilized for tumors that are unable to be resected, as well as an adjunct to surgery and chemotherapy. Unfortunately, many cancers are resistant to RT-induced damage and subsequent cell death. This has spurred the pursuit of novel radiation sensitizers that could potentiate the effects of this widely used and important treatment modality. Since its discovery as a regulated cell death mechanism in 2012, ferroptosis h"
42497498,10.1016/j.smim.2026.102049,Ferroptosis at the intersection of metabolism and immunity in pancreatitis and pancreatic cancer.,Seminars in immunology,2026,"Chen, Fangquan",DAMPs; Ferroptosis; Immunity; Pancreatic cancer; Pancreatitis,"Ferroptosis links cellular metabolism to immune regulation. Beyond its role as an iron-dependent form of regulated cell death, ferroptosis generates signals, including oxidized lipids, iron metabolites, and damage-associated molecular patterns, that influence inflammatory and immune responses. The pancreas is particularly susceptible to ferroptotic stress because of its high metabolic demand and close integration with immune and stromal networks. In pancreatitis, ferroptosis translates metabolic"
42494419,10.1016/j.mtbio.2026.103461,Intra-arterial delivery of FePt nanoparticles induces ferroptosis and immune infiltration to enhance radiotherapy.,Materials today. Bio,2026,"Yeh, Yaowei",DAMPs release; FePt nanoparticles; Ferroptosis; Immunogenic cell death; Intra-arterial administration,"Recent advances in nanomedicine provide new opportunities to enhance radiotherapy and overcome tumor radioresistance. In this study, we investigated the therapeutic potential of iron-platinum nanoparticles (FePt NPs) delivered through intra-arterial (IA) administration to improve tumor targeting and therapeutic efficacy. FePt NPs significantly inhibited the proliferation of triple-negative breast cancer (TNBC) cells and enhanced radiosensitivity. Mechanistic studies demonstrated that FePt NPs in"
42492895,10.1016/j.brainresbull.2026.112053,Pyruvate alleviates traumatic brain injury by suppressing glutamate-driven ferroptosis via the xCT/GPX4 axis.,Brain research bulletin,2026,"Kuai, Jin-Xia",Blood-brain barrier; Ferroptosis; Glutamate clearance; Pyruvate; Traumatic brain injury; XCT/GPX4 axis,"Traumatic brain injury (TBI) triggers toxic glutamate release and ferroptosis, contributing to neuronal death. This study investigated whether sodium pyruvate confers neuroprotection by reducing central glutamate and inhibiting ferroptosis. Using a murine TBI model, we found that pyruvate treatment rapidly lowered serum glutamate levels by enhancing hepatic alanine aminotransferase (ALT) activity. Subsequently, cerebrospinal fluid (CSF) glutamate decreased, likely facilitated by a disrupted bloo"
42488015,10.14789/ejmj.JMJ26-0044-OA,Endotoxin-induced Ferroptosis-associated Leukocyte Injury and DAMP Release in Sepsis: An in Vitro Study.,Juntendo medical journal,2026,"Levy, Jerrold H",NETosis; damage-associated molecular patterns; ferroptosis; sepsis; thromboinflammation,BACKGROUND: Sepsis is characterized by dysregulated inflammation and thromboinflammation in which regulated cell death and damage-associated molecular patterns (DAMPs) contribute to organ injury. Ferroptosis has recently emerged as a potential mechanism of inflammatory cell injury in sepsis. OBJECTIVE: To investigate ferroptosis-associated leukocyte injury and inflammatory lytic cell death in an in vitro endotoxin model. METHODS: Rat peritoneal leukocytes were stimulated with lipopolysaccharide 
42487470,10.4196/kjpp.25.444,MiR-199a-5p aggravates hypoxia/reoxygenation-induced cardiomyocyte ferroptosis by blocking HSPB1-Keap1/Nrf2/ARE signaling.,The Korean journal of physiology & pharmacology : official journal of the Korean,2026,"He, Wenshuai",Ferroptosis; Kelch-like ECH-associated protein 1; MicroRNAs; Myocardial ischemia-reperfusion injury; NF-E2-related factor 2,"Ferroptosis plays a crucial role in hypoxia/reoxygenation (H/R)-induced cardiomyocyte injury and acute myocardial infarction (AMI), yet the involvement of microRNA-199a-5p (miR-199a-5p) in this process remains insufficiently understood. In this study, serum miR-199a-5p levels were markedly elevated in AMI patients and positively correlated with myocardial injury markers cardiac troponin I and creatine kinase-MB, while H/R stimulation similarly upregulated miR-199a-5p expression in AC16 cardiomyo"
42482193,10.1186/s12575-026-00355-z,Identification and Validation of Genes Involved in Immune and Ferroptosis in Polycystic Ovarian Syndrome Using Bioinformatics and Experimental Approach.,Biological procedures online,2026,"Chen, Yang",Diagnostic Biomarkers; Ferroptosis; Immune Dysregulation; Polycystic Ovary Syndrome,"BACKGROUND: Polycystic ovary syndrome (PCOS) is a highly prevalent endocrine and metabolic disease. This study aimed to investigate the synergistic role of immune dysregulation and ferroptosis during the pathogenesis of PCOS. METHODS: Through integrating multiple Gene Expression Omnibus (GEO) datasets, differentially expressed genes (DEGs) were screened and subjected to functional enrichment analysis; weighted gene co‑expression network analysis combined with LASSO, RandomForest, and support vec"
42477052,10.1038/s41598-026-62768-w,Baicalin alleviates X-ray radiation-induced intestinal injury by inhibiting GPX4 mediated ferroptosis.,Scientific reports,2026,"Huang, Jie",Baicalin; GPX4; Intestinal injury; Radiation; X-ray,"Radiation-induced intestinal injury (RIII) is a common complication of radiotherapy for abdominal and pelvic malignancies, for which effective therapeutic options remain limited. Baicalin, a flavonoid derived from Scutellaria baicalensis, exhibits anti-inflammatory and antioxidant properties, but its role in RIII and underlying mechanisms remain unclear. C57BL/6J mice were exposed to total body irradiation (8.5 Gy) and treated with baicalin (25, 50, or 100 mg/kg/d) for 10 consecutive days. Intes"
42476473,10.1016/j.ejps.2026.107614,LARS inhibition overcomes regorafenib resistance in hepatocellular carcinoma via ferroptosis and drug metabolism.,European journal of pharmaceutical sciences : official journal of the European,2026,"Tsai, Tung-Yao",Drug metabolism; Ferroptosis; Hepatocellular carcinoma; Leucyl-tRNA synthetase; Regorafenib resistance,"BACKGROUND: Regorafenib improves outcomes in advanced hepatocellular carcinoma (HCC), but acquired resistance limits its durable therapeutic benefit. The metabolic and redox mechanisms driving regorafenib resistance remain incompletely defined. METHODS: Regorafenib-resistant Huh7 and Hep3B cell (Reg(R)-) models were generated by long-term stepwise drug exposure. Transcriptomic profiling, LC-MS/MS, Seahorse extracellular flux analysis, ferroptosis-related assays, and apoptosis assays were used to"
42476445,10.1016/j.tox.2026.154543,Triclocarban drives intrahepatic cholangiocyte injury by triggering ferroptosis via the SLC7A11/GSH/GPX4 axis.,Toxicology,2026,"Zhao, Jiadi","*Ferroptosis/drug effects; Animals; *Amino Acid Transport System y+/metabolism; *Carbanilides/toxicity; *Glutathione/metabolism; *Phospholipid Hydroperoxide Glutathione Peroxidase/metabolism; *Bile Ducts, Intrahepatic/drug effects/pathology/metabolism; Humans; Mice; Lipid Peroxidation/drug effects; Reactive Oxygen Species/metabolism; Iron/metabolism; Organoids/drug effects; Mice, Inbred C57BL; Chemical and Drug Induced Liver Injury/pathology/etiology; *Anti-Infective Agents, Local/toxicity; Biliary injury; Cholangiocyte organoids; Ferroptosis; Triclocarban","Triclosan (TCS) and triclocarban (TCC), which are widely used as antimicrobial agents, come into direct contact with humans due to their increasing environmental release. Because of concerns regarding the environmental impact and potential hepatotoxicity of TCS, it is being phased out in many countries and substituted with TCC. However, the biological and molecular mechanisms underlying TCC's toxicity, particularly in relation to liver damage, remain largely unexplored. In this study, we demonst"
42476204,10.1016/j.jep.2026.122215,Mailuo Shutong pills alleviate limb swelling in femoral fracture rats by orchestrating mitophagic clearance and ferroptotic suppression.,Journal of ethnopharmacology,2026,"Zhuang, Xia",Ferroptosis; Mailuo Shutong pills; Mitochondrial respiratory; Mitophagy; Swelling caused by femoral fracture,"ETHNOPHARMACOLOGICAL RELEVANCE: Mailuo Shutong Pill (MLSTP) is a well-established formula developed by National Grand Master of Traditional Chinese Medicine Tang Zuxuan for treating thrombotic superficial phlebitis of the lower limbs. Clinically, it is commonly used for conditions caused by damp-heat and blood stasis obstructing the meridians, including thrombotic superficial phlebitis, subacute deep vein thrombosis, varicose veins, diabetic foot, as well as limb swelling and pain. AIM OF THE ST"
42475907,10.1016/j.biomaterials.2026.124454,Engineered senescence-targeting apoptotic extracellular vesicles-laden injectable hydrogel microspheres mitigating nucleus pulposus cell ferroptosis against intervertebral disc degeneration.,Biomaterials,2026,"Shi, Pengzhi",Apoptotic extracellular vesicles; Ferroptosis; Hydrogel microspheres; Intervertebral disc degeneration; Nucleus pulposus cell senescence; Senescence-targeting peptide,"As the rapid growth of aging population, intervertebral disc degeneration (IVDD) becomes a prevalent degenerative disorder in clinical practice. Ferroptosis-induced senescence in nucleus pulposus cells (NPCs) represents a primary pathological mechanism underlying IVDD. Strategies for reducing ferroptosis to delay NPC senescence hold prospects for therapeutic advances. According to previously reported proteomic profiles of apoptotic extracellular vesicles (ApoEVs), we noticed that most key ferrop"
42475662,10.2450/BloodTransfus.1322,Salvianolic acid B alleviates red blood cell storage lesion with GPX4 preservation and reduced lipid peroxidation.,Blood transfusion = Trasfusione del sangue,2026,"Chen, Chuan'ai",,"BACKGROUND: Red blood cell (RBC) storage lesion is a cascade of biochemical and physical alterations that impair transfusion efficacy and safety. This study explored the role and underlying mechanism of salvianolic acid B (Sal B) against RBC storage lesion, with a specific focus on a ferroptosis-like process. MATERIALS AND METHODS: RBC from healthy volunteers were stored in MAP additive solution for 35 days, and samples were analyzed at weekly intervals. Ferroptosis was determined by the levels "
42472836,10.1186/s12957-026-04507-z,"Non-coding RNA-mediated ferroptosis reprogramming in doxorubicin-resistant breast cancer: mechanistic evidence, subtype vulnerabilities, and translational strategies.",World journal of surgical oncology,2026,"Yu, Xiaojie",Breast Cancer; Chemoresistance; Doxorubicin; Ferroptosis; Non-coding RNAs,"Doxorubicin (DOX) resistance is a major factor limiting the efficacy of chemotherapy in breast cancer. Its development is associated not only with conventional mechanisms, such as enhanced drug efflux, increased DNA damage repair capacity, and evasion of apoptosis, but also with the adaptive escape of tumor cells from ferroptotic stress. Ferroptosis is a form of regulated cell death driven by the accumulation of iron-dependent lipid peroxidation and is coordinately regulated by multiple mechanis"
42471867,10.1016/j.jot.2026.101178,Signal-driven interplay between lipid peroxidation and ferroptosis orchestrates osteoarthritis degeneration.,Journal of orthopaedic translation,2026,"Kulyar, Md F",Chondrocyte signalling; Ferroptosis; Iron homeostasis; Lipid peroxidation; Osteoarthritis; Redox signalling,"Osteoarthritis (OA) is progressively documented as a whole-joint disorder in which oxidative stress, iron dysregulation and intercellular communication together drive progressive tissue degeneration. Among the chief oxidative mechanisms, lipid peroxidation has arisen as a critical contributor to cartilage destruction and inflammatory signalling cascade. Reactive aldehydes produced during lipid peroxidation, mainly malondialdehyde (MDA) and 4-hydroxy-2-nonenal (4-HNE), function as electrophilic m"
42470709,10.1016/j.colsurfb.2026.115951,Self-propelled double-silicon-shell-coated Janus nanomotors integrating PTT/CDT/GT therapy to enhance synergistic ferroptosis in cancer therapy.,"Colloids and surfaces. B, Biointerfaces",2026,"Wang, Yuqian",Deep tumor penetration; Ferroptosis; Janus Nanomotor; Nitric oxide; Synergistic therapy,"The effective induction of ferroptosis represents a novel strategy for cancer treatment. This study developed a near-infrared (NIR)-responsive Janus nanomotor (CP@SiO(2)@RSiO(2)&PMO@SNP) that synergistically amplifies ferroptosis through dual glutathione (GSH) depletion. The nanomotor comprises a rough silica head incorporating copper-doped Prussian blue (CP) and a mesoporous organosilica tail loaded with sodium nitroprusside (SNP). Under 808 nm irradiation, the photothermal effects of the CP co"
42461566,10.1007/s10067-026-08261-1,Platelet ferroptosis promotes oxidized DNA release and SLE progression.,Clinical rheumatology,2026,"Zhou, Zhirui",Ferroptosis; Glutathione peroxidase 4; Oxidized DNA; Platelets; Systemic lupus erythematosus,"OBJECTIVES: Ferroptosis is a recently identified type of regulated necrosis, and glutathione peroxidase 4 (GPX4) has been recognized as a key enzyme that protects against ferroptosis. However, the role of platelet ferroptosis in systemic lupus erythematosus (SLE) has not been explored. This study aimed to investigate the role of GPX4-mediated platelet ferroptosis in SLE. METHODS: GPX4 protein expression in platelets was detected by Western blot and immunofluorescence analysis. The correlation of"
42459838,10.3389/fcell.2026.1855681,"Research progress of cuproptosis, ferroptosis, apoptosis, and autophagy in knee osteoarthritis.",Frontiers in cell and developmental biology,2026,"Shang, He",apoptosis; autophagy; chondrocyte; crosstalk; cuproptosis; disease-modifying osteoarthritis drugs; ferroptosis; knee osteoarthritis,"Knee osteoarthritis (KOA) is a highly prevalent chronic degenerative joint disorder characterized by progressive articular cartilage degeneration, chondrocyte death, and extracellular matrix degradation. Accumulating evidence indicates that dysregulated programmed cell death (PCD) pathways-including cuproptosis, ferroptosis, and apoptosis-along with autophagic dysfunction play pivotal roles in KOA pathogenesis. Cuproptosis is a recently identified copper-dependent cell death modality triggered b"
42456917,10.1016/j.abb.2026.110942,Simultaneous induction of apoptosis and ferroptosis by a novel thiolato-bridged manganese(I)-based CO-releasing molecule in pancreatic and prostate cancer cells.,Archives of biochemistry and biophysics,2026,"Anil, Aswathy","Humans; *Apoptosis/drug effects; *Ferroptosis/drug effects; Male; *Prostatic Neoplasms/pathology/metabolism/drug therapy; *Pancreatic Neoplasms/pathology/metabolism/drug therapy; *Manganese/chemistry/pharmacology; Cell Line, Tumor; *Antineoplastic Agents/pharmacology/chemistry; Reactive Oxygen Species/metabolism; Sulfhydryl Compounds/chemistry; PC-3 Cells; Apoptosis; Ferroptosis; Pancreatic cancer; Prostate cancer; S-MnC","Due to the invasive nature of cancer cells, therapies targeting a single cell death pathway alone often encounter drug resistance; therefore, the development of novel therapeutic strategies, such as the dual induction of apoptosis and ferroptosis, is warranted. This study investigated the anticancer mechanism of the newly synthesised thiolato-bridged manganese-based CO-releasing molecule (S-MnC) in highly metastatic pancreatic (PANC-1) and prostate (PC-3) cancer cells. The myoglobin assay showed"
42450198,10.3390/ijms27135931,The Role of Apoptosis and Ferroptosis in Primary Mitochondrial Diseases: Mechanisms and Pathogenesis.,International journal of molecular sciences,2026,"Kolotova, Anastasia",*Ferroptosis; Humans; *Apoptosis; Animals; *Mitochondrial Diseases/metabolism/pathology/genetics; Mitochondria/metabolism/pathology; Lipid Peroxidation; Iron/metabolism; Reactive Oxygen Species/metabolism; apoptosis; ferroptosis; iron metabolism; lipid peroxidation; mitochondria; mitochondrial diseases; molecular crosstalk; oxidative stress; regulated cell death; tissue specificity,"Mitochondrial diseases have traditionally been viewed as energy deficiencies, but current evidence positions mitochondria as central regulators of multiple cell death pathways. This review systematically analyzes the molecular mechanisms of apoptosis and ferroptosis in the context of both primary mitochondrial diseases-caused by mutations in mtDNA or nuclear DNA directly affecting oxidative phosphorylation-and secondary mitochondrial dysfunction associated with broader pathological conditions. A"
42437282,10.1016/j.jot.2026.101168,An SSK1-loaded decellularized annulus fibrosus matrix-based PD hydrogel alleviates intervertebral disc degeneration through modulation of NF-kappaB signaling and ferroptosis.,Journal of orthopaedic translation,2026,"Sun, Guantong",Decellularized matrix; Ferroptosis; Hydrogel; Intervertebral disc degeneration; NF-kappaB signaling; SSK1,"BACKGROUND: Intervertebral disc degeneration (IDD) is a major cause of low back pain and is closely associated with inflammatory activation, extracellular matrix (ECM) degradation, cellular senescence, and ferroptosis in nucleus pulposus cells (NPCs). In this study, we aimed to clarify the therapeutic effects and underlying mechanisms of SSK1 and to develop an injectable SSK1-loaded hydrogel for localized and sustained treatment of IDD. METHODS: An interleukin-1beta (IL-1beta)-induced NPC degene"
42435348,10.1021/acs.molpharmaceut.6c00719,Multifunctional Polydopamine Nanoparticles to Alleviate Oxidative Stress and Inhibit Ferroptosis for Cisplatin-Induced Acute Kidney Injury Therapy.,Molecular pharmaceutics,2026,"Zhang, Jieke",*Oxidative Stress/drug effects; *Polymers/chemistry; *Ferroptosis/drug effects; *Indoles/chemistry; *Acute Kidney Injury/drug therapy/chemically induced/pathology/metabolism; Humans; Animals; *Nanoparticles/chemistry; *Cisplatin/adverse effects; Reactive Oxygen Species/metabolism; Antioxidants/pharmacology/chemistry; Male; Apoptosis/drug effects; Cell Line; Mice; Kidney/drug effects/pathology; Hyaluronic Acid/chemistry; Drug Carriers/chemistry; acute kidney injury; ferroptosis; multitarget therapy; oxidative stress; renal-targeted nanodelivery system,"Acute kidney injury (AKI) is a clinical syndrome with high incidence and mortality involving oxidative stress, ferroptosis, and inflammation, yet there are no clinically effective interventions. Herein, HA@PDA@EGCG nanoparticles were constructed using polydopamine (PDA) as carriers, loaded with epigallocatechin gallate (EGCG) via pi-pi stacking, and further surface-modified with hyaluronic acid (HA) through electrostatic interaction. The nanoparticles had uniform morphology with a size of approx"
42433355,10.3389/fimmu.2026.1848122,Ferroptosis-mediated metabolic reprogramming as a driver of the inflammatory microenvironment in neutrophilic asthma: a perspective.,Frontiers in immunology,2026,"Song, Mei-Zhen",Humans; *Ferroptosis/immunology; *Asthma/metabolism/immunology/drug therapy/pathology/etiology; *Neutrophils/immunology/metabolism; Metabolic Reprogramming; Animals; Inflammation/immunology/metabolism; Lipid Peroxidation; Cellular Microenvironment/immunology; ferroptosis; glucocorticoid resistance; lipid peroxidation; metabolic reprogramming; neutrophilic asthma,"Neutrophilic asthma is a severe asthma subtype marked by persistent airway neutrophilia, Th17-skewed inflammation, and poor responsiveness to glucocorticoids. The mechanisms driving chronic neutrophilic inflammation and corticosteroid resistance remain incompletely understood. Ferroptosis is an iron-dependent form of regulated cell death driven by lipid peroxidation and redox imbalance. Emerging evidence suggests that ferroptosis is closely linked to cellular metabolism and immune regulation in "
42433193,10.1002/adhm.71437,Provoking Potent Cellular Ferroptosis in the Thermo-Sensitive S-Phase via CPT-11 Loaded Janus Nanomedicine for Enhanced Cancer Therapy.,Advanced healthcare materials,2026,"Yang, Shiya",antioxidant; catalase; glutathione; hydrogen peroxide; materials science; nanomedicine; photothermal therapy,"Ferroptosis is a promising anticancer strategy, yet its efficacy is limited by insufficient cellular hydrogen peroxide (H(2)O(2)) levels and intrinsic antioxidant defenses. Meanwhile, mild photothermal therapy (mPTT) enhances ferroptosis by accelerating lipid peroxidation. Herein, we designed a Janus nanoplatform that specifically arrests cells in thermo-vulnerable S-phase to maximize the ferroptosis-sensitizing capacity of mPTT. A Janus architecture with a unique morphology was engineered to in"
42432681,10.1186/s12964-026-03014-8,8-gingerol from Zingiber officinale induces ER stress-mediated ferroptosis and apoptosis in ovarian cancer involving TRPV1 activation.,Cell communication and signaling : CCS,2026,"Kim, Tae Woo",8-Gingerol; ER stress; Ferroptosis; JMJD2C; TRPV1,"BACKGROUND: Ovarian cancer remains among the most lethal gynecological malignancies, primarily due to the persistent challenges of chemotherapy resistance and limited effectiveness of existing therapeutic strategies. METHODS: To evaluate the anti-tumor activity of 8-gingerol, its effects on cell viability, glutathione (GSH) levels, and the activities of caspase-3, lactate dehydrogenase (LDH), reactive oxygen species (ROS), and malondialdehyde (MDA) were examined in ovarian cancer cell lines. The"
42427686,10.64898/2026.06.29.733391,The MIRO1-BAX Complex Dictates Life and Death at the Mitochondrial Gate.,bioRxiv : the preprint server for biology,2026,"Sainz, Alva G",,"BAX macropores in the outer mitochondrial membrane (OMM) are canonical mediators of apoptosis, but whether the same pore structure can drive distinct cell death pathways remains unclear. Here, we identify the OMM protein MIRO1 as a context-specific modulator of BAX activity. Mechanistically, MIRO1 binds BAX via MIRO1's N-terminal domain to promote macropore formation and the release of mitochondrial DNA (mtDNA) into the cytoplasm, triggering the STING-pIRF3 signaling axis. In glioma cells, this "
42422176,10.3389/fcvm.2026.1797182,Different forms of cardiomyocyte death in post-myocardial infarction ventricular remodeling: mechanisms and therapeutic strategies.,Frontiers in cardiovascular medicine,2026,"Wang, Zhixin",cardiomyocyte death; myocardial infarction; non-programmed cell death; programmed cell death; ventricular remodeling,"Myocardial infarction (MI) is one of the leading causes of heart failure and cardiovascular mortality worldwide, with post-infarction ventricular remodeling serving as a central pathophysiological mechanism driving the progression toward heart failure, a process that markedly impairs long-term quality of life and contributes to adverse clinical outcomes. Recent studies have gradually elucidated the distinct and overlapping roles of multiple forms of cardiomyocyte death in this process, forming a"
42419183,10.1016/j.biomaterials.2026.124413,Genetically programmed engineered nanodevices trigger cascade reinforcement between AMPK and cGAS-STING activation for colon cancer sonoimmunotherapy.,Biomaterials,2026,"Zhang, Yijia",AMPK activation; Colorectal cancer; Ferroptosis; Immunotherapy; Nanomedicine; cGAS-STING,"Immune checkpoint blockade (ICB) has shown clinical promise in cancer immunotherapy, but colorectal cancer (CRC) remains difficult to treat due to a complex immunosuppressive tumor microenvironment (TME). This TME features dysregulated CD47/SIRPalpha and PD-1/PD-L1 pathways, T cell exhaustion, and infiltration of immunosuppressive cells. Therefore, novel strategies to reshape TME are critically needed. Here we developed bioinspired nanodevices (SPCM@DMgTi-ADM) for CRC immunotherapy. These nanode"
42411334,10.1039/d6bm00434b,TRPV-1-targeted Fe-phenolate network provokes apoptosis and ferroptosis to treat non-small cell lung cancer.,Biomaterials science,2026,"Wang, Ziyi",,"Ferroptosis has emerged as a potential therapeutic target for chemotherapy of cancer. However, non-small cell lung cancer (NSCLC) exhibits high tolerance to ferroptosis due to inherent resistance. To increase NSCLC vulnerability, we present a TRPV1-targeting approach that self-delivers intracellular irons and TRPV1 agonist (N-oleoyldopamine, OLDA) to provoke simultaneous apoptosis and ferroptosis in NSCLC. Intracellular release of OLDA activates TRPV1 channels, triggering Ca(2+) overload and mit"
42409781,10.1038/s41420-026-03214-8,The emerging Nexus of STING signaling and ferroptosis: from mechanisms to therapeutic opportunities.,Cell death discovery,2026,"Lin, Xixi",,"The cyclic GMP-AMP synthase-stimulator of interferon genes (cGAS-STING) pathway, a cornerstone of innate immunity, and ferroptosis, an iron-dependent form of regulated cell death driven by lipid peroxidation, have traditionally been studied as distinct entities. However, emerging evidence reveals a complex and bidirectional crosstalk between these two pathways with profound implications for disease pathogenesis and therapy. This review systematically synthesizes the current understanding of the "
42569466,10.1016/j.bioactmat.2026.07.043,Single-cell transcriptome-guided biomimetic magnetothermal hydrogel microspheres for multimodal eradication of residual glioblastoma.,Bioactive materials,2026,"Wu, Nan",Droplet microfluidics; Magnetothermal hydrogels; Single-cell RNA sequencing; Transcriptomic bioinformatics; Tumor microenvironments,"Incomplete resection and rapid postoperative recurrence remain major challenges in glioblastoma (GBM) treatment. Inspired by the self-healing microduct architecture of pine resin, we developed an injectable magnetothermal-responsive hierarchical hydrogel microsphere platform, HGM + Multi(+), for spatiotemporally programmed magnetothermal ablation, anti-angiogenic blockade, and targeted chemotherapy. The system integrates T7-modified, pH-responsive temozolomide nanocarriers in GelMA microspheres "
42568087,10.1186/s42466-026-00515-2,A mechanosensitive gene signature associated with immune landscape and survival in glioma: a multi-cohort analysis.,Neurological research and practice,2026,"Yang, Tianxue",Glioma; Immune landscape; Mechanosensitive genes; Prognostic signature; Tumor microenvironment,"BACKGROUND: Glioma is characterized by substantial molecular heterogeneity and poor clinical outcomes. Emerging evidence suggests that mechanotransduction-related pathways may influence tumor progression and immune remodeling. However, the prognostic relevance of mechanosensitive genes in glioma remains unclear. METHODS: RNA-sequencing data and clinical information from the TCGA, CGGA-301, CGGA-325, and GSE16011 cohorts were analyzed. Mechanosensitive genes were identified from curated gene sets"
42553785,10.1093/noajnl/vdag182,"Intercellular adhesion molecule 1 links glioblastoma biology to a scalable prognostic model integrating clinical, imaging, and molecular features.",Neuro-oncology advances,2026,"Gandhi, Shreya",ICAM1; glioblastoma; multi-omics; prognostic; tumor microenvironment,"BACKGROUND: Glioblastoma (GB) exhibits marked tumor microenvironmental heterogeneity, contributing to both therapy resistance and poor survival outcomes. Intercellular adhesion molecule 1 (ICAM1) is an inflammation-associated adhesion molecule implicated in immune-stromal interactions, but its clinical and biological significance in GB remains incompletely defined. METHODS: We performed ICAM1 immunohistochemistry, bulk RNA sequencing, DNA methylation analysis, single-nucleus RNA sequencing, and "
42553060,10.3389/fonc.2026.1888793,"Lipid metabolic plasticity in glioblastoma: mechanisms, tumor microenvironment remodeling, and therapeutic opportunities.",Frontiers in oncology,2026,"Wu, Weiqi",glioblastoma; lipid metabolism reprogramming; metabolic plasticity; therapeutic resistance; tumor microenvironment,"Glioblastoma (GBM) is the most aggressive primary brain tumor and remains associated with poor prognosis despite multimodal treatment. Increasing evidence indicates that lipid metabolic reprogramming is a critical hallmark of GBM progression and therapeutic resistance. Beyond supporting membrane biosynthesis and energy production, dysregulated lipid metabolism profoundly influences tumor plasticity, oxidative stress adaptation, immune suppression, stemness maintenance, and ferroptosis sensitivit"
42548670,10.3389/fimmu.2026.1820802,Single-cell analysis reveals KLF10-high macrophages induced by glioblastoma cells are associated with tumor progression.,Frontiers in immunology,2026,"Zhang, Xiaodong","Humans; *Glioblastoma/pathology/genetics/metabolism/immunology; *Kruppel-Like Transcription Factors/genetics/metabolism; Single-Cell Analysis; *Tumor-Associated Macrophages/metabolism/immunology; *Brain Neoplasms/pathology/genetics/metabolism/immunology; Disease Progression; Female; Cell Proliferation; *Early Growth Response Transcription Factors/genetics/metabolism; Gene Expression Regulation, Neoplastic; Cell Line, Tumor; Prognosis; Cell Movement; Male; *Macrophages/metabolism; Biomarkers, Tumor/genetics; KLF10; recurrent glioblastoma; single-cell RNA sequencing; tumor microenvironment; tumor-associated macrophages","BACKGROUND: Glioblastoma (GBM) is the most common and aggressive primary malignant tumor of the adult central nervous system, with nearly 90% of cases recurring within two years despite standard surgery, radiotherapy, and chemotherapy. Tumor-associated macrophages (TAMs) play critical roles in GBM recurrence, but their characteristics in recurrent GBM remain insufficiently defined. Kruppel-like factor 10 (KLF10) regulates metabolism, mitochondrial function, proliferation, and apoptosis; however,"
42542877,10.1002/ccs3.70041,The suppressor of cytokine signaling 3 regulates glioma stem cell maintenance and immune microenvironment through signal transducer and activator of transcription 3 signaling.,Journal of cell communication and signaling,2026,"Wang, Jingtao",SOCS3; STAT3 signaling; apoptosis resistance; glioma stem cells; scRNA-seq; tumor microenvironment,"This study aims to elucidate the role of suppressor of cytokine signaling 3 (SOCS3) in glioma stem cells (GSCs) via single-cell RNA sequencing (scRNA-seq), focusing on its regulation of STAT3-mediated self-renewal, apoptosis resistance, and tumor microenvironment (TME) remodeling. ScRNA-seq data from 19 high-grade glioma patients were analyzed using Seurat, Harmony, and SingleR for clustering, annotation, and SOCS3 stratification (SOCS3-High: n = 4; SOCS3-Low: n = 15). Differential gene analysis"
42542235,10.1016/j.clim.2026.110755,Identification of TNFRSF12A as a key regulator of stemness and immunosuppression in a novel glioma subtype via multi-omics analysis and experimental validation.,"Clinical immunology (Orlando, Fla.)",2026,"Sun, Shengyu",Glioma stem cells; Immunosuppression; M2 polarization; Stemness,"Glioma stem cells (GSCs) drive tumor heterogeneity, therapy resistance, and immunosuppression. This study identified molecular subtypes of glioma based on stemness-related genes and validated a key hub gene through bioinformatics and experiments. A stemness gene set was compiled from single-cell data, GeneCards, and MSigDB. Consensus clustering (NMF) on 157 glioma samples from GSE4290 revealed two subtypes (C1 and C2), with C1 showing higher stemness scores. C1 exhibited enriched DNA repair, pro"
42541929,10.1016/j.prp.2026.156634,Immune-angiogenic crosstalk in glioblastoma: Mechanisms and therapeutic opportunities.,"Pathology, research and practice",2026,"Supty, Sumaya Islam",Angiogenesis; Glioblastoma; Immune evasion; Neuro-oncology; Therapeutic strategies; Tumor microenvironment,"Glioblastoma (GBM) remains the most aggressive and therapeutically challenging primary brain tumor and is characterized by strong heterogeneity, rapid progression, and poor clinical outcomes. Accumulating evidence indicates that the immune-angiogenic axis is a major contributor to GBM progression and therapeutic resistance, coordinating dynamic interactions among tumor cells, immune populations, and the vascular network within the tumor microenvironment (TME). Aberrant angiogenesis, driven prima"
42539254,10.64898/2026.07.24.740598,scOPE identifies which driver-associated expression programs transfer from bulk tumors to single cells.,bioRxiv : the preprint server for biology,2026,"Ashford, Andrew J",cancer genomics; copy-number variation; driver mutations; latent representations; single-cell RNA sequencing; transfer learning,"Single-cell RNA sequencing (scRNA-seq) resolves the phenotypic heterogeneity of tumors but rarely observes the somatic mutations that drive it: a variant is legible only where its gene is expressed, the mutant allele is transcribed, and reads span the variant site, so an absent variant read is fundamentally ambiguous. Bulk tumor cohorts have the opposite profile-matched genotype and expression for hundreds of patients, but no cellular resolution. We present scOPE (single-cell Oncological Predict"
42531784,10.1016/j.intimp.2026.117206,Arachidonic acid promotes M2-like polarization of tumor-associated macrophages and glioma progression.,International immunopharmacology,2026,"Li, Wen",Arachidonic acid; Cyclooxygenase; Glioma; M2 polarization; Tumor-associated macrophage,"Immunometabolism plays a crucial role in glioma progression, yet the metabolic mechanisms underlying glioma-associated macrophage (GAM)-mediated immunoregulatory remain poorly understood. Here, we analyzed metabolic profiles of gliomas at single-cell resolution and identified aberrant activation of the arachidonic acid (AA) metabolic pathway in GAMs. Further study reveal that AA promoted M2-like polarization of GAMs, and was associated with an immune-dampening tumor microenvironment in murine mo"
42523284,10.64898/2026.07.16.738862,Single-cell multi-omic analyses resolve the cellular diversity of ALK/ROS1/MET/NTRK-fused gliomas in infants and older children.,bioRxiv : the preprint server for biology,2026,"De Micheli, Andrea J",,"Pediatric cancers are thought to arise from dysregulation of developmental programs, otherwise tightly regulated in time and space. Infant-type hemispheric gliomas (IHGs) arise in early childhood, driven by characteristic ALK/ROS1/MET/NTRK receptor tyrosine kinase (RTK) gene fusions. We dissected the cellular hierarchies of 24 fusion-positive gliomas, spanning infants through adolescents, using single-cell and single-nucleus RNA/ATAC-seq, and spatial transcriptomics. We identified five cancer ce"
42500560,10.32604/or.2026.082613,UCP2 Identifies Immunosuppressive Tumor-Associated Macrophages and Is Associated with Predicted Immunotherapy Resistance in Glioma.,Oncology research,2026,"Zhou, Hui","Humans; *Uncoupling Protein 2/metabolism/genetics; *Glioma/immunology/genetics/pathology/therapy/metabolism/drug therapy; *Tumor-Associated Macrophages/immunology/metabolism; Tumor Microenvironment/immunology; Immunotherapy/methods; *Brain Neoplasms/immunology/pathology/genetics/therapy/metabolism; *Drug Resistance, Neoplasm/immunology/genetics; Gene Expression Regulation, Neoplastic; Biomarkers, Tumor/metabolism/genetics; Female; Prognosis; UCP2; glioma; immune checkpoint; predicted immunotherapy resistance; single-cell RNA sequencing; tumour immune microenvironment; tumour-associated macrophages","OBJECTIVES: Uncoupling protein 2 (UCP2) has been extensively studied as a metabolic regulator in glioma; however, its relationship with the tumour immune microenvironment and the cellular source of its expression within the glioma tumour microenvironment (TME) remains poorly understood. This study aimed to characterise UCP2 expression at single-cell resolution and evaluate its immunological significance in glioma. METHODS: This study employed an integrative multi-omics approach incorporating bul"
42497861,10.1016/j.immuni.2026.06.024,Disease-associated microglia adopt stage-specific phenotypes that regulate T cell fate and immunity in glioma.,Immunity,2026,"Qian, Jiawen",DAMs; MHC class II; PD-L1; disease-associated microglia; glioma; macrophage; microglia; microglia-T cell interaction; myeloid cells,"Malignant gliomas are lethal brain tumors characterized by profound local immunosuppression and a radically remodeled myeloid landscape. Although these tumors mobilize resident microglia and infiltrating monocyte-derived macrophages, the mechanisms governing their phenotypic convergence and diversification remain elusive. Here, we integrated single-cell profiling and spatial transcriptomics of glioma-associated microglia in the GL261 model. We identified distinct microglial states that aligned w"
42492522,10.1016/j.medj.2026.101228,Tissue-reactive zonation of mesenchymal-like phenotypes in human glioblastoma.,"Med (New York, N.Y.)",2026,"Mossi Albiach, Alejandro",EEL FISH; Translation to patients; glioblastoma; mesenchymal-like; single-cell RNA sequencing; spatial transcriptomics; transcriptomics,"BACKGROUND: Glioblastoma is the deadliest brain cancer, characterized by large cellular diversity. Both neurodevelopment-like and mesenchymal-like cell states have been described, with the latter being strongly implicated in malignancy and disease progression. However, the spatial organization of these mesenchymal-like cell states has not been systematically described outside the tumor bulk. METHODS: We performed deep single-cell RNA sequencing of rare glioblastoma cases where tissue could be sa"
42491234,10.3389/fimmu.2026.1871988,TREM1 unleashes immunosuppression in glioma: targeting macrophage polarization as a new therapeutic vulnerability.,Frontiers in immunology,2026,"Zhang, Chao","*Triggering Receptor Expressed on Myeloid Cells-1/genetics/metabolism/immunology; Humans; *Glioma/immunology/pathology/metabolism/genetics; Tumor Microenvironment/immunology; *Tumor-Associated Macrophages/immunology/metabolism; *Brain Neoplasms/immunology/pathology/metabolism/genetics; Cell Line, Tumor; Macrophage Activation/immunology; *Macrophages/immunology; Biomarkers, Tumor; Gene Expression Regulation, Neoplastic; GBM; ScRNA-seq; TREM1; macrophage; tumor microenvironment","BACKGROUND: Tumor-associated macrophages (TAMs) represent the predominant immune cell subset within the glioma tumor microenvironment (TME). This study aims to investigate the clinical significance of TAM-related TREM1 in glioma and its potential mechanism in promoting malignant progression. METHODS: Bioinformatics analyses were employed to assess the expression pattern and prognostic value of TREM1 in glioma. Single-cell sequencing, immunohistochemistry, and immunofluorescence were used to dete"
42488132,10.1155/ijog/2045937,Ubiquitin-Proteasome System-Related Prognostic Model and Immune Landscape in Glioblastoma.,International journal of genomics,2026,"Huo, Da",glioblastoma; immunity; macrophage; prognosis; scRNA-Seq; spatial transcriptome,BACKGROUND: Glioblastoma (GBM) is a highly aggressive brain tumor with poor prognosis. This study is aimed at establishing an ubiquitin-proteasome system (UPS)-related prognostic model and investigating its link to immune infiltration and therapy response. MATERIALS AND METHODS: GBM datasets were obtained from public databases. Ubiquitin-proteasome system-related genes (UPSGs) were identified from literature. Consensus clustering defined UPS-based GBM subtypes. Differentially expressed genes (DE
42479151,10.1093/neuonc/noag151,Programmable microfluidic modeling of the glioblastoma immune microenvironment recapitulates temporally regulated tumor-immune signaling.,Neuro-oncology,2026,"Han, Seokgyu",Glioblastoma; IL-12p35; immune dynamics; microglia; natural killer cells,"BACKGROUND: Glioblastoma (GBM) progression is driven by intricate interactions between neoplastic cells and immune populations within the tumor microenvironment (TME), yet the temporal organization of these processes remains insufficiently defined. While tumor-associated macrophages (TAMs), composed of microglia and monocyte-derived macrophages, constitute a major immune population in GBM, microglia play a prominent role in shaping local immunosuppressive niches, thereby limiting cytotoxic lymph"
42464264,10.1186/s12974-026-03964-3,Circulating immune profiling reveals impaired monocyte states and trajectories driving immunosuppression in glioblastoma.,Journal of neuroinflammation,2026,"Scafidi, Andrea",CyTOF; Glioblastoma; Lymphocytes; Monocytes; Myeloid cell trajectories; Single-cell RNA sequencing; Tumour-associated macrophages,"BACKGROUND: Glioblastoma (GBM) is an aggressive and lethal brain tumor marked by profound local and systemic immune dysfunction. Despite evidence of peripheral immune impairment, the clinical relevance of these alterations for diagnostic or therapeutic purposes remains poorly defined. METHODS: We performed multimodal single-cell profiling of peripheral blood mononuclear cells from a single-center cohort of treatment-naive GBM patients and healthy donors, integrating mass and flow cytometry with "
42460531,10.2174/0115748928461929260701074511,Cuproptosis-related Gene SLC31A1 Correlates with M2 Macrophage Infiltration and Serves as a Potential Therapeutic Target in Glioma: A Comprehensive Analysis of 1573 Samples from TCGA and CGGA Databases.,Recent patents on anti-cancer drug discovery,2026,"Hu, Man",Cuproptosis; M2 macrophage; PD-L1; SLC31A1; TIM-3; glioma,"INTRODUCTION: Cuproptosis is a newly discovered form of programmed cell death that offers a new perspective on glioma treatment. However, the clinical impacts of CuproptosisRelated Genes (CRGs) in glioma remain largely unclear. This study aimed to investigate the role and biological significance of CRGs in glioma. METHODS: The current study included 1573 glioma patients (603 from TCGA and 970 from the CGGA database) with clinicopathological information and mRNA sequencing data. The most relevant"
42458946,10.2174/0115680096474313260623050646,Shared Genetic Architecture of Epilepsy and Glioma Revealed by Mendelian Randomization: Identifying Prognostic Biomarkers and Therapeutic Targets.,Current cancer drug targets,2026,"Feng, Xiangling",Glioma-related epilepsy; multi-omics integration; polygenic loci; single-cell eQTL; single-cell transcriptomics; spa-tial transcriptomics,"BACKGROUND: Glioma-Related Epilepsy (GRE) is a hallmark comorbidity of Low-Grade Glioma (LGG), yet the cellular and molecular mechanisms through which germline epilepsy susceptibility converges with tumor biology to shape clinical outcomes remain poorly understood. METHODS: Genome-Wide Association Studies (GWAS), expression quantitative trait loci (eQTL) data, single-cell RNA sequencing, and spatial transcriptomics were integrated. Causal inference, phenotype-driven single-cell analyses, and mac"
42454783,10.1080/15384101.2026.2703934,Exploratory multi-omics links CCL2/TIMP1 axis to immunosuppressive TME in glioblastoma.,"Cell cycle (Georgetown, Tex.)",2026,"Yang, Yunchang","Humans; *Glioblastoma/genetics/pathology/immunology/metabolism; *Chemokine CCL2/metabolism/genetics; *Tissue Inhibitor of Metalloproteinase-1/metabolism/genetics; *Tumor Microenvironment/genetics/immunology; *Brain Neoplasms/genetics/pathology/immunology; Gene Expression Regulation, Neoplastic; Multiomics; CCL2/TIMP1 axis; glioblastoma; neuronal mimicry，multi-omics analysis; tumor microenvironment","Glioblastoma (GBM) is defined by extreme lethality and transcriptomic plasticity, but the signatures driving the most aggressive tumors remain incompletely defined. In this exploratory in silico study, TCGA-GBM patients were stratified using a strict 1-year overall survival threshold. We integrated differential expression analysis, WGCNA, single-cell RNA-seq, spatial transcriptomics, and virtual knockout simulations. A high-risk signature centered on CCL2 and TIMP1 was identified. Single-cell an"
42449710,10.3390/cancers18132168,Tumor and Stromal Sphingolipid Imbalance Are Associated with T Cell Tissue Residency in Glioblastoma.,Cancers,2026,"Walton, Chase M",ceramide; glioblastoma; melanoma; single-cell RNA sequencing; sphingosine-1-phosphate; tissue-resident memory; tumor-infiltrating lymphocytes,"BACKGROUND/OBJECTIVES: T cells within solid tumors often switch from a recirculating to a tissue-resident state, which may blunt antitumor activity, but the signal driving this switch in vivo remains unclear. We asked whether alterations in sphingosine-1-phosphate (S1P) signaling in tumor or the surrounding stromal cells are associated with T cell residency in glioblastoma (GBM). METHODS: We analyzed five single-cell RNA-sequencing cohorts: three human glioma datasets, an in-house mouse CT2A gli"
42449636,10.3390/cancers18132092,"TGFB2 as a Prognostic Biomarker Associated with Myeloid-Enriched, Multi-Checkpoint-Activated Immunosuppression in Diffuse Glioma: A Multi-Cohort Transcriptomic Study.",Cancers,2026,"Balawi, Ehab",TGFB2; diffuse glioma; immune checkpoint; immune evasion; microglia; tumor microenvironment,"Background/Objectives: TGFB2 is the dominant TGF-beta isoform in glioma, and isolated experimental studies have implicated it in immunosuppressive signaling; however, its prognostic value and systematic association with the tumor immune microenvironment across the diffuse glioma spectrum have not been comprehensively characterized in large clinical cohorts. Methods: A multi-cohort transcriptomic study was conducted using TCGA (n = 667) as discovery and CGGA (n = 404) as validation, integrating s"
42436508,10.1186/s12967-026-08555-7,Integrative single-cell and spatial transcriptomic analysis reveals a lactate-driven crosstalk between NFATc4(+) tumor cells and SPP1(+) macrophages in glioblastoma.,Journal of translational medicine,2026,"Wang, Ruoli",Glioblastoma; Lactate metabolism; NFATc4; Single-cell sequencing; Spatial transcriptomic,"BACKGROUND: Glioblastoma (GBM) remains a lethal brain tumor with limited therapeutic options. Metabolic reprogramming, particularly lactate metabolism, plays a critical role in tumor progression and immune evasion. METHODS: Here, we integrated single-cell RNA sequencing (scRNA-seq), spatial transcriptomics, and machine learning to investigate the heterogeneity of lactate metabolism in GBM. RESULTS: Using scRNA-seq data (GSE138794), we classified neoplastic cells into high- and low-lactate subgro"
42433345,10.3389/fimmu.2026.1857659,"Immune niche-associated and niche-regulated plasticity in glioblastoma: state transitions, immune escape, and therapeutic vulnerabilities.",Frontiers in immunology,2026,"Zhang, Haijun",Humans; *Glioblastoma/immunology/pathology/therapy; *Tumor Microenvironment/immunology; *Tumor Escape/immunology; *Brain Neoplasms/immunology/pathology/therapy; Animals; *Cell Plasticity/immunology; Tumor-Associated Macrophages/immunology; cell plasticity; glioblastoma; glioma; immune escape; microglia; therapeutic vulnerabilities; tumor immune niche; tumor-associated macrophages,"Glioblastoma (GBM), the most aggressive diffuse glioma in adults, remains one of the most lethal malignancies of the central nervous system owing to its profound heterogeneity, near-universal recurrence, and marked resistance to therapy. Increasing evidence indicates that these features cannot be fully explained by genetic alterations alone but instead reflect a high degree of cancer cell plasticity shaped by dynamic interactions with the tumor microenvironment. In this review, we discuss how th"
42431468,10.1016/j.nbd.2026.107530,A spatially resolved single-cell atlas identifies blood-brain barrier integrity as a central regulator of macrophages and microglia localization and functional states in gliomas.,Neurobiology of disease,2026,"Liu, Shuai",Humans; *Glioma/pathology/diagnostic imaging/metabolism; *Brain Neoplasms/pathology/diagnostic imaging/metabolism; *Microglia/pathology/metabolism; *Macrophages/pathology/metabolism; *Blood-Brain Barrier/pathology/diagnostic imaging/metabolism; Female; Single-Cell Analysis; Male; Magnetic Resonance Imaging; Middle Aged; Blood-brain barrier; Glioma; Macrophages and microglia; Spatial heterogeneity; Tumor microenvironment,"Given that glioma-associated macrophages and microglia (GAMs) critically shape tumor evolution, we aimed to define their spatial distribution and functional reprogramming in relation to MRI-defined BBB integrity. Twelve patients underwent MRI-guided sampling, yielding 65 biopsies from 40 enhancing and 25 non-enhancing areas. Single-cell RNA-seq generated a high-resolution cellular atlas, and we analyzed cellular composition, transcriptional programs, macrophage polarization, and transcriptional "
42430077,10.1007/s11481-026-10302-0,Targeting IL-33 in Precision Neuroimmunology: Cellular Mechanisms and Therapeutic Strategies for CNS Disorders.,Journal of neuroimmune pharmacology : the official journal of the Society on,2026,"Li, Lili",*Interleukin-33/immunology/antagonists & inhibitors/metabolism; Humans; Animals; *Central Nervous System Diseases/immunology/drug therapy/metabolism; *Neuroimmunomodulation/drug effects/physiology/immunology; *Precision Medicine/methods/trends; Central nervous system disorders; IL-33/ST2 signaling; Neuroimmune crosstalk; Neuroinflammation; Therapeutic strategies,"Interleukin-33 (IL-33), an alarmin cytokine of the IL-1 family, has emerged as a pivotal regulator of neuroimmune interactions in the central nervous system (CNS). Acting through its receptor ST2, IL-33 orchestrates diverse immune responses by modulating microglial polarization, shaping T cell differentiation, activating type 2 innate lymphoid cells (ILC2s), and engaging mast cell-macrophage regulatory circuits. Across distinct neurological disorders, including epilepsy, stroke, traumatic brain "
42425190,10.1016/j.canlet.2026.218717,Ferroptosis-resistant myeloid niche shapes tumor natural evolution in glioblastoma.,Cancer letters,2026,"Dong, Yijun","*Ferroptosis/genetics; Humans; *Glioblastoma/pathology/genetics/metabolism/drug therapy; *Brain Neoplasms/pathology/genetics/metabolism; Tumor Microenvironment; Animals; *Myeloid-Derived Suppressor Cells/metabolism/pathology; Cell Line, Tumor; Macrophages/metabolism/pathology; Gene Expression Regulation, Neoplastic; Mice; Ferroptosis; Glioblastoma; Myeloid-derived suppressor cell; Single-cell; Tumor evolution","Glioblastoma (GBM) exhibits marked spatial and cellular heterogeneity, driving aggressive progression and therapy resistance. Utilizing multifocal GBM as a unique model of tumor evolution, we integrated multi-omics including scRNA-seq, scATAC-seq, and spatial transcriptomics (ST). This revealed a subcluster of bone marrow-derived macrophages (BMDMs), NUPR1(+) myeloid-derived suppressor cells (MDSCs), enriched in peri-necrotic niches and higher-evolution lesions. Supported by multiplex immunofluo"
42420626,10.1007/s10142-026-01973-2,Integrative bulk and single-cell analyses implicate ASL in MIF-associated myeloid programs in glioblastoma.,Functional & integrative genomics,2026,"Zhao, Wenjing","Humans; *Glioblastoma/genetics/metabolism/pathology; *Macrophage Migration-Inhibitory Factors/genetics/metabolism; *Brain Neoplasms/genetics/metabolism/pathology; Single-Cell Analysis; *Intramolecular Oxidoreductases/genetics/metabolism; Arginine/metabolism; *Myeloid Cells/metabolism; Biomarkers, Tumor/genetics/metabolism; Gene Expression Regulation, Neoplastic; Prognosis; ASL; Arginine metabolism; Glioblastoma; Glioma; Immune microenvironment; Monocyte","Arginine metabolism is implicated in glioblastoma (GBM) progression and immune regulation, but prognostic biomarkers with defined cellular context remain insufficiently characterized. Eighteen arginine metabolism-related genes were analyzed in TCGA GBM. LASSO Cox regression with tenfold cross-validation and subsequent univariate/multivariate Cox models were used to identify prognostic genes. Patients were stratified by optimal cutoffs for Kaplan-Meier analysis, with validation in CGGA and GEO da"
42415204,10.1186/s13062-026-00889-y,CD13 identifies S100A4(+) immunosuppressive monocytes and predicts temozolomide benefit in glioblastoma.,Biology direct,2026,"Yu, Dong",CD13; Glioblastoma; Monocytes; S100A4; TGFbeta; Temozolomide,"BACKGROUND: Glioblastoma (GBM) is an immunologically ""cold"" tumor in which S100A4-driven immunosuppressive myeloid cells promote progression and resistance. However, the specific immune subpopulation that intrinsically expresses S100A4 and the corresponding cell surface targets remain poorly defined. MATERIALS AND METHODS: S100A4 expression was profiled across immune subsets in healthy human bone marrow and peripheral blood by flow cytometry. TCGA GBM datasets were used to identify S100A4-correl"
42413813,10.1016/j.canlet.2026.218716,GliomaDeconv maps glioma-specific cellular programs from bulk transcriptomic profiles and reveals spatiotemporal associations with progression and treatment response.,Cancer letters,2026,"Sun, Maoyuan",Bulk RNA sequencing; Deconvolution; Glioma; Single-cell RNA sequencing; Tumor heterogeneity; Tumor microenvironment,"Glioma recurrence and resistance to therapy remain major challenges in neuro-oncology, driven in part by profound cellular and spatial heterogeneity within the tumor microenvironment. Malignant and immune populations dynamically coexist and transition during disease progression, yet their coordinated organization remains poorly understood, and standard bulk RNA sequencing cannot resolve cell-type composition. To address these limitations, we established GliomaDeconv, a glioma-specific reference "
42413331,10.1016/j.compbiolchem.2026.109202,"Integrative transcriptomics, machine learning, and molecular docking derive a DAM-like macrophage signature for risk stratification and therapeutic nomination in glioblastoma.",Computational biology and chemistry,2026,"Wang, Yiquan",*Glioblastoma/drug therapy/genetics/metabolism/pathology; Humans; *Machine Learning; *Macrophages/metabolism/drug effects; *Molecular Docking Simulation; *Transcriptome; Microglia/metabolism; *Brain Neoplasms/drug therapy/genetics/metabolism; Gene Expression Profiling; Disease-associated microglia; Glioblastoma; Immune exclusion; Metabolic reprogramming; Stromal remodeling,"Glioblastoma presents a significant challenge for drug development due to its complex immunosuppressive microenvironment. Identifying candidate therapeutic targets within this landscape requires advanced computational approaches. Employing an integrative transcriptomics strategy combining single-cell RNA sequencing and bulk transcriptomics, we identified a distinct Disease-Associated Microglia (DAM)-like macrophage subpopulation as a putative contributor to therapeutic resistance. Using machine "
42412600,10.1097/SCS.0000000000013133,"Integrative Single-Cell and Bulk Transcriptome Analysis Reveals Molecular Mechanisms, Prognostic Signatures, and Therapeutic Response in Glioma.",The Journal of craniofacial surgery,2026,"Xu, Xindong",Glioma; neutrophil; risk score; single-cell sequencing; transcriptome sequencing,"BACKGROUND: Glioma is a highly aggressive primary brain tumor, with its complex tumor microenvironment and cellular heterogeneity posing major obstacles to effective treatment. Although single-cell and bulk transcriptome sequencing have advanced our understanding of glioma biology, integrating these modalities to uncover dynamic immune mechanisms and develop clinically actionable prognostic tools remains a critical unmet need. METHODS: We integrated single-cell RNA sequencing data with bulk tran"
42410370,10.1186/s12885-026-16332-4,FZD5 drives macrophage-mediated immunomodulation and predicts prognosis in glioma: evidence from single-cell sequencing.,BMC cancer,2026,"Pei, Jiongyuan",FZD5; Glioma; Immunosuppressive microenvironment; Mitochondrial autophagy; Prognosis; Tumor-associated macrophages,"BACKGROUND: Gliomas are highly malignant brain tumors characterized by an immunosuppressive microenvironment, which limits therapeutic efficacy and contributes to poor clinical outcomes. The WNT/beta-catenin signaling pathway is critically involved in tumor progression, and FZD5, a key receptor within this pathway, may participate in immune regulation. However, its specific role and underlying mechanisms in glioma remain unclear. METHODS: RNA-seq and microarray datasets from the Chinese Glioma G"
42409256,10.1016/j.canlet.2026.218718,Dissection of spatial hypoxic and inflammatory ecosystem in glioblastoma.,Cancer letters,2026,"Wu, Lingxiang","Humans; *Glioblastoma/pathology/genetics/metabolism/immunology; *Tumor Microenvironment/genetics/immunology; *Brain Neoplasms/pathology/genetics/metabolism/immunology; *Inflammation/pathology/genetics; Signal Transduction; Gene Expression Regulation, Neoplastic; Cell Hypoxia; Glioblastoma; Hypoxia; Inflammation; Spatial transcriptome","The spatial organization of the glioblastoma (GBM) microenvironment is a critical determinant of tumor progression and therapeutic resistance. Although cellular heterogeneity and microenvironmental stressors such as hypoxia and inflammation are well recognized, their coordinated spatial organization and functional interplay remain incompletely understood. Here, we developed Spatial PHenotype Ecosystem RElationship (SPHERE), a computational framework that quantitatively decodes the spatial traits"
42377256,10.1093/neuonc/noag147,MAPK-driven glioma progression and reprogramming of the tumor-associated immune response.,Neuro-oncology,2026,"Hashemi, Elaheh",CXCL16-CXCR6; glioma immune microenvironment; glioma multiomics; spatial proteomics; tumor hypoxia,"BACKGROUND: In brain tumors, the immunosuppressive microenvironment leads to tumor aggressiveness and immunotherapy resistance. To identify factors that regulate the glioma immune landscape, we took advantage of the disease trajectory of the MAPK-driven glioma, pleomorphic xanthoastrocytoma (PXA), which evolves from an immune-rich low-grade tumor to an aggressive glioma. METHODS: Using a multiomics approach that included single-nucleus RNA sequencing (snRNA-seq), spatial transcriptomics, and spa"
42374432,10.1186/s12974-026-03905-0,Hypoxic CA9-high mesenchymal-like glioma stem cells promote ANXA1-FPR1-dependent macrophage polarization in recurrent glioblastoma.,Journal of neuroinflammation,2026,"Gao, Hangqi",FPR1; annexin A1; carbonic anhydrase 9; glioma stem cells; neuroinflammation; recurrent glioblastoma; single-cell RNA sequencing; tumor-associated macrophages,"BACKGROUND: Recurrent glioblastoma (rGBM) is characterized by marked myeloid remodeling and a profoundly immunosuppressive microenvironment. Although carbonic anhydrase 9 (CA9) is a canonical hypoxia-inducible molecule linked to aggressive glioblastoma (GBM) behavior, its cell-state-specific distribution in rGBM and its role in glioma stem cell (GSC)-macrophage crosstalk remain incompletely understood. METHODS: We integrated public transcriptomic cohorts, single-cell RNA sequencing, quantitative"
42374253,10.1186/s12885-026-16321-7,Single-cell transcriptomics reveals MAFB-driven macrophage reprogramming and immune divergence in recurrent glioblastoma.,BMC cancer,2026,"He, Yijing",CXCL3; Glioblastoma; MAFB; Single-cell RNA sequencing; Tumor microenvironment; Tumor-associated macrophages,"BACKGROUND: Glioblastoma (GBM) is the most aggressive and most common type of primary brain tumor, with poor prognosis despite standard therapies. The mechanisms driving recurrence remain poorly understood. Tumor-associated macrophages (TAM) dominate the GBM microenvironment and promote tumor growth, angiogenesis, and immune suppression, yet their activation states and transcriptional programs are not well defined. RESULTS: By integrating large-scale single-cell transcriptomic datasets, we delin"
42370614,10.55782/z4j0rp75,Microglia up‑regulate thromboxane A2 synthesis genes in response to C6 glioma‑conditioned medium.,Acta neurobiologiae experimentalis,2026,"Dabrowski, Michal","Animals; *Microglia/metabolism/drug effects; Culture Media, Conditioned/pharmacology; *Glioma/metabolism; Rats; *Up-Regulation/drug effects; Cell Line, Tumor; Lipopolysaccharides/pharmacology; Cells, Cultured; C6 glioma‑conditioned medium; RNA‑seq; microglia expression profiling; rat","Microglia accumulate in malignant gliomas and play a pivotal role in tumor progression. Using single‑cell RNA sequencing studies researchers have probed gene expression in the myeloid cells in experimental gliomas at relatively late stages of the tumor development. Therefore, the early changes in gene expression in microglia in response to glioma are not fully characterized. We have previously reported distinct profiles of gene expression in the rat primary microglia cultures treated for 6 hours"
42368220,10.1177/11769351261460625,"GFAP-Dependent Transcriptional Dynamics and Cellular Heterogeneity in Primary, Recurrent, and Grade III Gliomas.",Cancer informatics,2026,"Hadizadeh, Morteza",gFAP; glioblastoma; recurrence; single-cell RNA sequencing; trajectory analysis; tumor heterogeneity,"OBJECTIVES: Glioma tumors, especially glioblastoma (GBM), are among the most heterogeneous brain cancers, and this characteristic is considered the main cause of treatment resistance and disease recurrence. The aim of this study was to investigate the cellular dynamics and transcriptional pathways dependent on the GFAP gene in three clinical conditions, including grade III glioma, primary glioblastoma, and recurrent glioma. METHODS: Single-cell RNA sequencing (scRNA-seq) data from the GSE103224 "
42361107,10.1371/journal.pone.0351849,Integrated single-cell RNA sequencing and Bulk-RNA technologies reveal the immunological characteristics of lactylation related-genes in glioblastoma.,PloS one,2026,"Wang, Biao","*Glioblastoma/genetics/immunology/metabolism/pathology; Humans; *Brain Neoplasms/genetics/immunology/pathology/metabolism; Single-Cell Analysis/methods; Prognosis; Single-Cell Gene Expression Analysis; Sequence Analysis, RNA/methods; Gene Expression Regulation, Neoplastic; *Lactic Acid/metabolism","OBJECTIVE: Glioblastoma (GBM) is the most aggressive type of intracranial malignant tumor, known for its extremely poor prognosis. Lactylation, a newly identified post-translational modification, has been linked to tumorigenesis, though its specific role in GBM remains unclear. This study aims to integrate single-cell RNA sequencing (scRNA-seq) and bulk RNA sequencing (RNA-seq) data to create a novel prognostic model for GBM, focusing on lactylation-related factors. METHODS: We studied lactate m"
42358823,10.32604/or.2026.079221,Single-Cell Sequencing Reveals the Heterogeneity of Glioma and Identifies IGFBP2 as A Potential Therapeutic Target.,Oncology research,2026,"Kang, Jian-Lei","Humans; *Insulin-Like Growth Factor Binding Protein 2/genetics/metabolism; Animals; *Glioma/genetics/pathology/drug therapy; Mice; *Brain Neoplasms/genetics/pathology/drug therapy; Single-Cell Analysis/methods; Prognosis; *Biomarkers, Tumor/genetics; Gene Expression Regulation, Neoplastic; Cell Line, Tumor; Neoplasm Recurrence, Local/genetics/pathology; Glioma; heterogeneity; immunosuppressive tumor microenvironment; insulin-like growth factor binding protein 2","Background: Glioma is among the most malignant brain tumors, and its heterogeneity contributes significantly to treatment failure. Comprehensive profiling of cellular and molecular heterogeneity across different glioma stages and recurrence states is crucial for understanding therapeutic resistance and identifying novel targets. Accordingly, this study sought to systematically characterize the cellular and molecular heterogeneity of glioma across different stages and recurrence states using sing"
42353769,10.3390/genes17060610,Integrative Multi-Omics Analysis Identifies an SPP1-Associated Spatial Mesenchymal-Myeloid Program in Glioblastoma.,Genes,2026,"Wang, Ying","Humans; *Glioblastoma/genetics/pathology/metabolism; *Osteopontin/genetics/metabolism; Tumor Microenvironment/genetics; *Brain Neoplasms/genetics/pathology/metabolism; Multiomics; Gene Expression Regulation, Neoplastic; Hyaluronan Receptors/genetics/metabolism; Spatial Transcriptomics; SPP1; glioblastoma; mesenchymal-like state; multi-omics; myeloid cells","Background: Glioblastoma (GBM) is characterized by pronounced transcriptional plasticity and a highly structured immune microenvironment, yet the molecular features associated with tumor-state transitions and immune remodeling remain incompletely understood. Methods: We used an integrative multi-omics framework to examine how secreted phosphoprotein 1 (SPP1) relates to tumor microenvironment organization in human gliomas. Results: Single-cell analyses associated SPP1 with myeloid populations, me"
42341896,10.1016/j.expneurol.2026.115888,Molecular characteristics and modifications of glioblastoma affecting the efficacy of immunotherapy.,Experimental neurology,2026,"Zhang, Dan","Humans; *Glioblastoma/genetics/therapy/immunology; *Brain Neoplasms/genetics/therapy/immunology; *Immunotherapy/methods/trends; Animals; Tumor Microenvironment; Epigenesis, Genetic; DNA Methylation; Epigenetic modifications; Glioblastoma; Immunotherapy; Molecular characteristics; Tumor microenvironment","Glioblastoma is a highly aggressive brain tumor characterized by complex genetic, molecular, and epigenetic features that present significant challenges for treatment. This review explores recent advances in understanding the molecular and epigenetic landscape of glioblastoma, with particular emphasis on epigenetic modifications such as DNA methylation, histone changes, and N6-methyladenosine regulation, including representative regulators such as AlkB homolog 5 and methyltransferase-like 14 tha"
42324558,10.1186/s12935-026-04384-2,Integrating MRI radiomics and transcriptomics to predict IDH mutation status and prognosis in glioma.,Cancer cell international,2026,"Zhong, Rong-de",Bioinformatics analysis; Glioma; Machine learning; Prognosis; Radiomics,"OBJECTIVE: To investigate MRI-based radiomic features in glioma and key genes related to IDH mutations, and to analyze their correlation. METHODS: 61 MRI files from TCIA were divided into training and validation sets (7:3). An external validation set included 66 pathologically confirmed glioma patients. Regions of interest (ROIs) were manually delineated, extracting 1,037 radiomic features. Mann-Whitney U test and least absolute shrinkage and selection operator (LASSO) regression reduced and fil"
42324467,10.1186/s12967-026-08497-0,PD-1 H (VISTA) drives immunosuppressive reprogramming of glioma-associated myeloid cells to promote glioma progression.,Journal of translational medicine,2026,"Guo, Yuduo","*Glioma/pathology/immunology/genetics; Humans; Animals; *Myeloid Cells/pathology/metabolism; *Disease Progression; Cell Line, Tumor; *Brain Neoplasms/pathology/immunology/genetics; *Programmed Cell Death 1 Receptor/metabolism; Tumor Microenvironment; *Immunosuppression Therapy; Mice; Gene Expression Regulation, Neoplastic; *Cellular Reprogramming","BACKGROUND: Glioma is characterized by a profoundly immunosuppressive tumor microenvironment (TME) that severely limits immune checkpoint blockade efficacy. Glioma-associated myeloid cells (GAMs), including resident microglia and infiltrating macrophages, constitute the dominant immune population within gliomas and shape antitumor immune responses. While immune checkpoint pathways have been extensively studied in T lymphocytes, the contribution of myeloid-restricted immune checkpoints to glioma "
42321379,10.1007/s10142-026-01918-9,Integrative multi-omics analysis and machine learning identify M2 macrophage-induced ferroptosis resistance in glioblastoma.,Functional & integrative genomics,2026,"Guo, Fangzhou","*Ferroptosis/genetics; *Glioblastoma/genetics/pathology/metabolism/immunology; Humans; Machine Learning; Animals; Nuclear Receptor Coactivators/genetics/metabolism; *Brain Neoplasms/genetics/pathology/metabolism; *Macrophages/metabolism; Tumor-Associated Macrophages/metabolism; Oxidoreductases/genetics/metabolism; Tumor Microenvironment; Gene Expression Regulation, Neoplastic; Cell Line, Tumor; Multiomics; Ferritins/genetics/metabolism; Mice; Ferroptosis; Glioblastoma; Machine Learning; Prognostic Signature; Tumor-Associated Macrophages","Glioblastoma (GBM) is characterized by profound intratumoral heterogeneity and an immunosuppressive microenvironment that drive therapeutic resistance and poor prognosis. While both tumor-associated macrophages (TAMs) and ferroptosis have been implicated in glioma progression, their functional interplay remains elusive. Integrating multi-omics data (bulk/single-cell RNA-seq and spatial transcriptomics) from public cohorts, we identified ferroptosis-related genes correlated with monocyte/macropha"
42310095,10.1038/s41388-026-03844-3,Enhancing glioma immunotherapy by disrupting RBP-J-mediated NNMT signaling in tumor microenvironment.,Oncogene,2026,"Zhang, Dan","*Tumor Microenvironment/immunology; Humans; Animals; *Glioma/immunology/therapy/pathology/genetics/metabolism; Mice; *Immunoglobulin J Recombination Signal Sequence-Binding; Signal Transduction; *Immunotherapy/methods; Gene Expression Regulation, Neoplastic; Cancer-Associated Fibroblasts/metabolism/immunology; Cell Line, Tumor; *Brain Neoplasms/immunology/pathology/therapy/genetics; Macrophages/immunology","Glioma is a highly aggressive central nervous system malignancy characterized by profound immune evasion, the underlying mechanisms of which remain incompletely defined. This study investigated how the transcription factor RBP-J drives immune suppression through activation of NNMT in cancer-associated fibroblasts (CAFs). By integrating single-cell RNA sequencing (scRNA-seq) and spatial transcriptomics (ST), we identified a CAF-specific NNMT-high subpopulation enriched at the tumor margin and clo"
42308869,10.1016/j.compbiolchem.2026.109165,Multi-omics profiling identifies ACP2 as a lysosome-associated biomarker linked to immune dynamics and clinical outcomes in glioma.,Computational biology and chemistry,2026,"Palekkode, Neethu","*Glioma/immunology/genetics/diagnosis/metabolism; Humans; Multiomics; *Biomarkers, Tumor/genetics/metabolism/immunology; *Lysosomes/metabolism/enzymology; *Acid Phosphatase/genetics/metabolism; *Brain Neoplasms/immunology/genetics/diagnosis; ACP2; Glioma; Lysosomal biology; Machine learning; Single-cell transcriptomics; Tumor microenvironment","Glioma progression is shaped by molecular heterogeneity, therapy resistance, and an immunosuppressive tumor microenvironment. Lysosomal remodeling has emerged as a hallmark of glioma adaptation; however, the regulation of individual lysosomal enzymes to malignant progression remains poorly understood. Lysosomal acid phosphatase 2 (ACP2) has been implicated in developmental and metabolic disorders, but its role in glioma has not been systematically investigated. In this study, we conducted an int"
42299115,10.1097/CM9.0000000000004151,"Glioma microenvironment: Cellular crosstalk, immunosuppression, and novel therapeutic perspectives.",Chinese medical journal,2026,"Hu, Yanjia",Endothelial cells; Glioma; Immunosuppression; Neural-glioma interactions; Therapeutic targeting; Tumor microenvironment,"Glioma, the most aggressive primary brain malignancy, arises from glial cells within the central nervous system. Despite aggressive treatment, the prognosis remains poor, with all patients expected to experience recurrence. An important component of glioma growth is the interaction with the other cells in the brain environs. This complex ecosystem, termed the tumor microenvironment (TME), includes recruited immune cells and the resident cells in the central nervous system. Glioma cells recruit m"
41147645,10.1002/jev2.70157,ISEV2025 Abstract Book.,,2025,,,
41493844,10.1111/cas.70254,Abstracts of the 84&lt;sup&gt;th&lt;/sup&gt; Annual Meeting of the Japanese Cancer Association.,,2026,,,
42547642,10.1007/s12035-026-06087-1,The Dual Roles of Microglia- and Astrocyte-Derived Exosomes in Cerebral Ischemia-Reperfusion Injury: from Intercellular Communication to Therapeutic Prospects.,Molecular neurobiology,2026,"Yang, Zhengyuhan",*Exosomes/metabolism; Animals; Humans; *Reperfusion Injury/metabolism/therapy/pathology; *Astrocytes/metabolism/pathology; *Microglia/metabolism/pathology; *Cell Communication/physiology; *Brain Ischemia/metabolism/therapy/pathology; Astrocytes; Cerebral ischemia-reperfusion injury; Exosomes; Intercellular communication; Microglia; Targeted therapy,"Cerebral ischemia-reperfusion injury (CIRI) is a complex pathological process characterized by metabolic dysfunction, oxidative stress, neuroinflammation, and structural and functional alterations of the neurovascular unit (NVU). Across different studies, CIRI has been reported to be associated, to varying degrees, with neuronal injury and neurological dysfunction. Increasing evidence suggests that exosomes (EXOs) derived from glial cells, particularly microglia and astrocytes, play critical rol"
42534689,10.3389/fcell.2026.1889833,Mechanistic and clinical investigation of Jiajiang Xuming decoction in multi-modal programmed cell death in stroke-associated pneumonia.,Frontiers in cell and developmental biology,2026,"Li, Zezhao",Jiajiang Xuming decoction; inflammatory biomarkers; programmed cell death; sepsis; stroke-associated pneumonia,"BACKGROUND: Stroke-Associated Pneumonia (SAP) is one of the leading causes of sepsis and ICU mortality among stroke patients, attributed to dysregulated immune responses as well as multiple MODES of cell death. Jiajiang Xuming Decoction (JXD) is a traditional Chinese medicine (TCM) formula to treat the symptoms of Wind-Phlegm-Stasis Obstruction Syndrome, blamed for all SAP-related sepsis. METHODS: A single-centre retrospective cohort study was conducted in 100 ICU patients with microbiologically"
42527179,10.1016/j.ijbiomac.2026.153696,"Retraction notice to ""Sufentanil-induced Nrf2 protein ameliorates cerebral ischemia-reperfusion injury through suppressing neural ferroptosis"" [Int. J. Biol. Macromol. 279 (2024) 135109].",International journal of biological macromolecules,2026,"Zhu, Xuelian",,
42507529,10.1002/advs.76859,Rocket-Inspired Sequentially Targeted Nanotherapeutics for Mitochondrial Regulation and Inflammatory Reprogramming in Ischemic Stroke.,"Advanced science (Weinheim, Baden-Wurttemberg, Germany)",2026,"Bai, He",cerebral ischemia-reperfusion injury; drug delivery; mitochondrial targeting; nanomaterials; neutrophil hitchhiking,"Mitochondrial dysfunction causes inflammatory cascades in cerebral ischemia-reperfusion injury (CIRI). However, precise pharmacological interventions are hindered by the restrictive blood-brain barrier (BBB). Here, we report a neutrophil-hitchhiking, biomimetic nanoplatform (NeuM@Mdivi-1) with a ""rocket-inspired"" sequential targeting strategy for restoring mitochondrial homeostasis. By co-opting the innate chemotaxis of circulating neutrophils, NeuM@Mdivi-1 effectively bypassed the BBB to infilt"
42475235,10.1093/jnen/nlag075,Knockdown of TRIM21 inhibits ferroptosis via the p62-Keap1-Nrf2 pathway thereby improving brain injury and mitochondrial dysfunction after ischemia-reperfusion in mice.,Journal of neuropathology and experimental neurology,2026,"Yang, Bo",ferroptosis; ischemia-reperfusion injury; neuroprotection; p62-Keap1-Nrf2 pathway; tripartite motif-containing protein 21 (TRIM21),"Ferroptosis has a crucial role in cerebral ischemia-reperfusion injury (IRI) but its potential modulation is a key challenge in the treatment of ischemic stroke. The function and mechanism of the E3 ubiquitin ligase tripartite motif-containing protein 21 (TRIM21) in neurological diseases, particularly its regulatory role in ferroptosis are unclear. We used a mouse model of transient middle cerebral artery occlusion (tMCAO/R) and a PC12 cell model of oxygen-glucose deprivation/reperfusion (OGD/R)"
42467126,10.1007/s11033-026-12384-8,Elevated ferroptosis is associated with elevated T cells in patients with heat stroke.,Molecular biology reports,2026,"Cui, Qi","Humans; *Ferroptosis/genetics/immunology; *Heat Stroke/genetics/immunology/metabolism; Proto-Oncogene Mas; STAT3 Transcription Factor/genetics/metabolism; Oxidative Stress/genetics; Gene Expression Profiling/methods; *T-Lymphocytes/metabolism/immunology; Signal Transduction/genetics; Hypoxia-Inducible Factor 1, alpha Subunit/genetics/metabolism; Male; Heat-Shock Response/genetics; Computational Biology/methods; Biomarkers; CD4 T cells; CD8 T cells; Ferroptosis; Heat stroke","BACKGROUND: Heat stroke is the most severe heat-related illness, characterized by an inflammatory response, oxidative stress, ferroptosis, and immune dysfunction. However, the broader role of ferroptosis in the pathophysiological processes of heat stroke remains unclear, and its potential connection with immune regulation has not yet been fully elucidated. This study uses bioinformatics analysis of heat stress datasets and molecular validation in patient samples to investigate key signaling path"
42462477,10.1016/j.intimp.2026.117137,GALNT6-mediated O-glycosylation on PTGS2 regulates microglia inflammation and ferroptosis following intracerebral hemorrhage.,International immunopharmacology,2026,"Han, Chong","Animals; *Microglia/metabolism; *N-Acetylgalactosaminyltransferases/metabolism/genetics; Glycosylation; Polypeptide N-acetylgalactosaminyltransferase; *Cyclooxygenase 2/metabolism/genetics; *Cerebral Hemorrhage/metabolism/pathology/immunology; Mice; Male; *Ferroptosis; Cell Line; Disease Models, Animal; Reactive Oxygen Species/metabolism; Inflammation; Mice, Inbred C57BL; Ferroptosis; GALNT6; Glycosylation; HIF-1alpha; Inflammation; Intracerebral hemorrhage; PTGS2","Intracerebral hemorrhage (ICH) is a common type of stroke characterized by high mortality and disability rates. Polypeptide N-acetylgalactosaminyl transferase-6 (GALNT6), which can catalyze the O-GalNAc glycosylation, is related to the development of various diseases. Nevertheless, the action of GALNT6 on ICH pathogenesis remains elusive. Hence, this study clarified the role of GALNT6 in ICH pathogenesis and investigated the possible underlying mechanism. The in vivo ICH model was created using "
42430067,10.1007/s11064-026-04827-2,Neuroprotective Effects of lncRNA EPB41L4A-AS1 Against Ischemic Stroke Injury Through Regulating Microglial State Transition and Ferroptosis via miR-214-3p/GPX4 Axis.,Neurochemical research,2026,"Guo, Ying","*Ferroptosis/physiology/drug effects; *MicroRNAs/metabolism; *Microglia/metabolism; *RNA, Long Noncoding/metabolism; *Ischemic Stroke/metabolism/prevention & control; *Phospholipid Hydroperoxide Glutathione Peroxidase/metabolism; Animals; Humans; Mice; Cell Line; Male; Acute ischemic stroke; EPB41L4A-AS1/miR-214-3p/GPX4; Ferroptosis; Microglial state transition; ceRNA","Long non-coding RNAs (lncRNAs) regulate microRNAs and their target genes to control key pathological processes after acute ischemic stroke (AIS). To investigate lncRNA EPB41L4A-AS1's role in microglial function via miR-214-3p/GPX4, and its clinical relevance as a prognostic indicator in AIS. EPB41L4A-AS1 levels were measured by RT-qPCR in 120 AIS patients and OGD/R-treated BV2 microglia. ELISA and western blot were employed to assess microglial state transition and ferroptosis in OGD/R-injured B"
42421944,10.3389/fimmu.2026.1868492,"Ferroptosis in arterial atherosclerosis: mechanistic hypotheses, cell type specific vulnerabilities, translational biomarkers, and therapeutic opportunities.",Frontiers in immunology,2026,"Li, Cai","Humans; *Ferroptosis; *Atherosclerosis/metabolism/pathology/etiology; Biomarkers/metabolism; Animals; Plaque, Atherosclerotic/metabolism; Iron/metabolism; Lipid Peroxidation; Oxidative Stress; atherosclerosis; endothelial dysfunction; ferroptosis; iron metabolism; lipid peroxidation; oxidized phospholipids; plaque instability","Despite significant progress in lipid-lowering and anti-thrombotic therapies, atherosclerosis remains a leading cause of myocardial infarctions and ischemic strokes. Residual risk persists, often linked to sustained vascular inflammation, oxidative stress, and plaque instability-processes that converge on lipid peroxidation pathways within the arterial wall. Ferroptosis, an iron-dependent form of regulated cell death, occurs when antioxidant defenses fail, leading to toxic accumulation of phosph"
42365125,10.1038/s41598-026-60227-0,Epigallocatechin-3-gallate mitigates cerebral ischemia-reperfusion injury by promoting microglia toward M2 phenotype via Nrf2/HO-1 pathway.,Scientific reports,2026,"Zhang, Yan","*Catechin/analogs & derivatives/pharmacology; Animals; *NF-E2-Related Factor 2/metabolism; *Reperfusion Injury/drug therapy/metabolism/pathology; *Microglia/drug effects/metabolism/pathology; Rats; Signal Transduction/drug effects; *Heme Oxygenase-1/metabolism; Male; *Brain Ischemia/drug therapy/metabolism; Neuroprotective Agents/pharmacology; Infarction, Middle Cerebral Artery; Rats, Sprague-Dawley; Disease Models, Animal; Cerebral ischemic-reperfusion injury; Epigallocatechin-3-gallate; Ferroptosis; Ischemic stroke; Microglia","Ischemic stroke remains the leading disease in terms of global disability and fatality rates. Cerebral ischemia-reperfusion injury (CIRI) and neuroinflammation induced by CIRI represents a challenge for clinical therapy of ischemic stroke. Epigallocatechin-3-gallate (EGCG), the predominant catechin in green tea, is known to mitigate ischemic stroke and inflammation, while its role in regulating neuroinflammation post-recanalization remains unclear. This study aimed to explore the effect and mech"
42364340,10.1016/j.prp.2026.156598,Transcranial direct current stimulation improves cerebral ischemiareperfusion injury by regulating microglial ferroptosis and M1 polarization via KLF4/xCT.,"Pathology, research and practice",2026,"Gao, Yongjun",Cerebral ischemiareperfusion injury; Ferroptosis; KLF4/xCT; M1 polarization; Microglia; TDCS,"BACKGROUND: Neuroinflammation triggered by microglia plays a critical role in cerebral ischemia-reperfusion injury (CIRI). Previous studies have reported that transcranial direct current stimulation (tDCS) has ameliorative effects on CIRI, but its regulatory effect on microglia in CIRI remains poorly understood. METHODS: A middle cerebral artery occlusion/reperfusion (MCAO/R)-induced CIRI rat model and an oxygenglucose deprivation/reperfusion (OGD/R)-induced BV2 cell injury model were establishe"
42330582,10.1016/j.intimp.2026.117056,MCL inhibits macrophage ferroptosis through the NRF2/HO-1/GPX4 axis to attenuate carotid atherosclerotic plaque formation.,International immunopharmacology,2026,"Xu, Hongyu","Animals; NF-E2-Related Factor 2/metabolism; *Ferroptosis/drug effects; Mice; Heme Oxygenase-1/metabolism; *Macrophages/drug effects; RAW 264.7 Cells; *Plaque, Atherosclerotic/drug therapy/metabolism/pathology; Phospholipid Hydroperoxide Glutathione Peroxidase/metabolism; Membrane Proteins/metabolism; *Carotid Artery Diseases/drug therapy/metabolism/pathology; Oxidative Stress/drug effects; Male; Mice, Knockout, ApoE; Signal Transduction/drug effects; Mice, Inbred C57BL; Lipoproteins, LDL; Disease Models, Animal; Atherosclerosis; Ferroptosis; Micheliolide; NRF2; Oxidative stress","BACKGROUND: Micheliolide (MCL) exhibits strong antioxidant and anti-inflammatory properties. Carotid atherosclerotic plaques are a key risk factor for ischemic stroke. This study investigates MCL's protective effects on carotid atherosclerosis and its mechanism. METHODS: In vitro, RAW264.7 macrophages were transformed into foam cells using ox-LDL. After treatment, oxidative stress, mitochondrial function, ferroptosis-related proteins, and NRF2 activation were assessed. MCL's anti-ferroptosis eff"
42327731,10.3389/fimmu.2026.1825000,Endothelial ferroptosis in blood-brain barrier dysfunction and neuroinflammation: mechanisms and immune-vascular crosstalk.,Frontiers in immunology,2026,"Liu, Yue",Humans; *Ferroptosis/immunology; *Blood-Brain Barrier/immunology/metabolism/pathology; Animals; *Neuroinflammatory Diseases/metabolism/immunology/pathology; *Endothelial Cells/metabolism/immunology/pathology; Lipid Peroxidation; Signal Transduction; blood-brain barrier; brain microvascular endothelial cells; endothelial ferroptosis; immune-vascular crosstalk; innate immune sensing; lipid peroxidation; neuroinflammation; tight junctions,"Ferroptosis is an iron-dependent form of regulated cell death driven by phospholipid peroxidation. In the central nervous system (CNS), most ferroptosis research has focused on neurons and glial cells, whereas the vulnerability of brain microvascular endothelial cells (BMECs) and its consequences for blood-brain barrier (BBB) integrity remain less clearly defined. Because BMECs form the vascular interface between the circulation and the brain parenchyma, ferroptotic injury in this cell populatio"
42326479,10.1155/sci/4696038,"Neuroprotection After Intracerebral Hemorrhage: Apoptosis, Neurogenesis, and Prospects of Stem Cell Therapy.",Stem cells international,2026,"Wang, Ziwei",apoptosis; future perspectives; intracerebral hemorrhage; neurogenesis; neuroprotection; stem cell therapy,"This comprehensive review examines the interconnected roles of apoptosis, neurogenesis, and stem cell therapy in neuroprotection and neurorestoration following intracerebral hemorrhage (ICH). We emphasize that these processes should be interpreted within a unified secondary injury cascade rather than as independent topics. Following ICH, hematoma toxicity, erythrocyte lysis, iron overload, oxidative stress, inflammation, blood-brain barrier disruption, and perihematomal edema interact to activat"
42322761,10.1016/j.phymed.2026.158450,Oxymatrine alleviates cerebral ischemia-reperfusion injury by inhibiting microglia ferroptosis via NRF2 pathway activation.,Phytomedicine : international journal of phytotherapy and phytopharmacology,2026,"Wu, Nanding","Animals; *Alkaloids/pharmacology; *NF-E2-Related Factor 2/metabolism; *Ferroptosis/drug effects; *Reperfusion Injury/drug therapy/metabolism; Matrines; *Quinolizines/pharmacology; *Microglia/drug effects/metabolism; Rats, Sprague-Dawley; Rats; *Neuroprotective Agents/pharmacology; Signal Transduction/drug effects; Male; Kelch-Like ECH-Associated Protein 1/metabolism; Sophora flavescens/chemistry; *Brain Ischemia/drug therapy; Mitochondria/drug effects/metabolism; Reactive Oxygen Species/metabolism; Cell Line; Membrane Potential, Mitochondrial/drug effects; Infarction, Middle Cerebral Artery; Cerebral ischemia-reperfusion injury; Ferroptosis; Microglia; Mitochondrial dynamics; Oxymatrine","BACKGROUND: Cerebral ischemia-reperfusion injury (CIRI) involves secondary damage following blood flow restoration. Ferroptosis, an iron-dependent cell death process, is implicated in CIRI, with mitochondrial dynamics imbalance playing a critical role. Oxymatrine (OMT), a quinolizidine alkaloid extracted from the root of Sophora flavescens, exhibits neuroprotective properties, yet its role in modulating microglia ferroptosis and mitochondrial homeostasis during CIRI remains unclear. PURPOSE: Thi"
42320701,10.1016/j.jstrokecerebrovasdis.2026.108683,miR-10a-5p Attenuates spinal cord ischemia/reperfusion injury by targeting transforming growth factor beta-activated kinase 1 to suppress Acyl-CoA synthetase long-chain family member 4-mediated ferroptosis in male rats.,Journal of stroke and cerebrovascular diseases : the official journal of National,2026,"Zhang, Dong","Animals; Male; *Coenzyme A Ligases/metabolism/genetics; *Ferroptosis/drug effects; Rats, Sprague-Dawley; *Reperfusion Injury/pathology/genetics/prevention &; Disease Models, Animal; *Spinal Cord Ischemia/genetics/pathology/enzymology/prevention &; *Spinal Cord/ultrastructure/enzymology/pathology; *MicroRNAs/genetics/metabolism; MAP Kinase Kinase Kinase 7; *MAP Kinase Kinase Kinases/metabolism/genetics; Signal Transduction; Inflammation Mediators/metabolism; Long-Chain-Fatty-Acid-CoA Ligase; Quinoxalines; Spiro Compounds; ACSL4; Ferroptosis; Neuroinflammation; Spinal cord ischemia/reperfusion injury; TAK1; miR-10a-5p","BACKGROUND: Spinal cord ischemia/reperfusion (I/R) injury is a severe complication following thoracoabdominal aortic surgeries, often leading to paraplegia. Ferroptosis, an iron-dependent form of regulated cell death, contributes significantly to this pathology. This study investigates the hypothesis that miR-10a-5p attenuates spinal cord I/R injury by targeting TAK1, thereby suppressing ACSL4-mediated ferroptosis and neuroinflammation. METHODS: A spinal cord I/R injury model was established in "
42278279,10.3390/ijms27114749,"Astilbin Protects Against Ischemic Stroke by Regulating ERK1/2/CREB/p90RSK Signaling and Ferroptosis-Related SLC7A11/ACSL4/GPX4 Axis: Insights from Network Pharmacology, Multi-Omics, and Molecular Dynamics.",International journal of molecular sciences,2026,"Jin, Chang",*Ferroptosis/drug effects; Animals; *Ischemic Stroke/metabolism/drug therapy/prevention & control; Network Pharmacology; PC12 Cells; *Flavonols/pharmacology; Rats; Oxidative Stress/drug effects; Molecular Dynamics Simulation; Signal Transduction/drug effects; Molecular Docking Simulation; *Neuroprotective Agents/pharmacology; Cyclic AMP Response Element-Binding Protein/metabolism; *MAP Kinase Signaling System/drug effects; Phospholipid Hydroperoxide Glutathione Peroxidase/metabolism; Humans; Astilbin; ischemic stroke; mechanism of action; multi-omics; network pharmacology,"Ischemic stroke is an acute cerebrovascular disease with high disability and morbidity. However, therapeutic approaches are restricted by a narrow time window for reperfusion. Astilbin has various pharmacological activities and good therapeutic potential against ischemic stroke and neurodegenerative diseases. Nevertheless, Astilbin's mechanism of action remains unclear. Here, we used an integrated strategy that includes network pharmacology, omics validation, and functional verification. Potenti"
42275866,10.1016/j.tice.2026.103672,Research status and prospective directions of ferroptosis in the pathogenesis of vascular calcification.,Tissue & cell,2026,"Ke, Jingjing",Ferroptosis; Iron overload; Vascular calcification; Vascular smooth muscle cell,"Ferroptosis is a recently identified form of regulated cell death, characterized by iron-dependent accumulation of intracellular reactive oxygen species. It plays a significant role in the onset and progression of various immune-mediated diseases and has become a focal point in contemporary biomedical research. Vascular calcification (VC) is associated with a range of cardiovascular diseases, including myocardial infarction stroke, aortic and peripheral artery disease, heart failure, chronic kid"
42268517,10.1007/s11064-026-04812-9,Ischemic Stroke Induces Ferroptosis and Neuroinflammation via Activation of the Microglial Tbp-Lpl Transcriptional Axis.,Neurochemical research,2026,"Wang, Zhiqin","Animals; *Ferroptosis/physiology; *Microglia/metabolism; *Ischemic Stroke/metabolism/pathology/genetics; Mice; *Lipoprotein Lipase/metabolism/genetics; *Neuroinflammatory Diseases/metabolism/pathology/etiology; *TATA-Box Binding Protein/metabolism/genetics; Male; Mice, Inbred C57BL; Chemokine; Ferroptosis; Ischemic stroke; Lipoprotein lipase; Microglia","This study elucidates the role of microglia in ferroptosis and neuroinflammation following ischemic stroke and defines the underlying molecular mechanisms. Single-cell transcriptomic analysis revealed that multiple brain cell types in the MCAO mouse model exhibited ferroptosis-related signatures, with microglia showing the most pronounced changes. Differentially expressed genes in post-stroke microglia were significantly enriched in ferroptosis-associated pathways. Further investigations demonst"
42253087,10.1177/15230864261455615,"Metabolic Collapse in Acute CNS Injury: A Spatiotemporal Framework Linking Redox Failure, Ferroptosis, and Neurovascular Dysfunction.",Antioxidants & redox signaling,2026,"Cao, Liang",Animals; Humans; *Ferroptosis; Oxidation-Reduction; Reactive Oxygen Species/metabolism; *Central Nervous System/metabolism/injuries; Autophagy; Energy Metabolism; ferroptosis; immunometabolism; intracerebral hemorrhage; neurovascular unit; spatiotemporal metabolic engineering; spinal cord injury,"SIGNIFICANCE: Acute central nervous system (CNS) injuries impose a significant global burden. Microsurgical decompression effectively stabilizes primary anatomy. However, it often fails to stop the complex biochemical cascades of secondary neurodegeneration. There is a critical need to bridge the gap between anatomical preservation and functional recovery. Strong preclinical evidence indicates that delayed bioenergetic failure within the injury microenvironment heavily dictates long-term outcome"
42248465,10.1016/j.neuint.2026.106193,Disturbed lipid metabolism in microglia after cerebral ischemia-reperfusion.,Neurochemistry international,2026,"Li, Xinyu",*Microglia/metabolism/pathology; Humans; *Reperfusion Injury/metabolism/pathology; *Lipid Metabolism/physiology; Animals; *Brain Ischemia/metabolism/pathology; Ferroptosis/physiology; Neuroinflammatory Diseases/metabolism; Brain ischemia; Ferroptosis; Inflammation; Lipid metabolism; Microglia,"Cerebral ischemia-reperfusion injury (CIRI) frequently compromises neurological outcomes in stroke patients despite successful recanalization therapy. While the brain's dense lipid network is integral to immune regulation and tissue repair, the spatiotemporal disruption of lipid metabolism during CIRI remains incompletely synthesized. This review critically evaluates the dynamic alterations in brain lipid profiles following ischemic injury, with a specific focus on the microglial niche. We detai"
42225830,10.1038/s41556-026-01972-2,Emerging roles of ferroptosis in modulating the immune landscape of glial tumours.,Nature cell biology,2026,"Argenziano, Michael G","*Ferroptosis/immunology; Humans; *Glioma/immunology/pathology/therapy/metabolism; Animals; *Brain Neoplasms/immunology/pathology/therapy/metabolism; Tumor Microenvironment/immunology; CD8-Positive T-Lymphocytes/immunology; Microglia/immunology/metabolism; Tumor Escape; T-Lymphocytes, Regulatory/immunology; Immunotherapy","The brain offers a unique environment for cancer, with limited access to nutrients and highly regulated immune surveillance. Here we explore the role of ferroptosis, a form of metabolically regulated cell death driven by iron-mediated lipid peroxidation, in shaping immune-cell composition and function in glial tumours. We review the complex metabolic crosstalk between cell populations regulating ferroptosis in the glioma milieu. Ferroptosis induces polarization of resident microglia and controls"
42216494,10.1002/cns.70952,Toosendanin Alleviates Cerebral Ischemia/Reperfusion Injury via Inhibiting Neural Ferroptosis Through Lipid Metabolic Reprogramming in MCAO Mice.,CNS neuroscience & therapeutics,2026,"Li, Xinyun","Animals; *Reperfusion Injury/metabolism/drug therapy; *Ferroptosis/drug effects/physiology; Mice; Male; *Infarction, Middle Cerebral Artery/metabolism/drug therapy; Mice, Inbred C57BL; *Neuroprotective Agents/pharmacology/therapeutic use; *Lipid Metabolism/drug effects; *Drugs, Chinese Herbal/pharmacology/therapeutic use; *Brain Ischemia/metabolism/drug therapy; Neurons/drug effects/metabolism; ACSL4; Toosendanin; cerebral ischemia/reperfusion injury; ferroptosis; lipid metabolic reprogramming (LMR)","BACKGROUND: The crosstalk between ferroptosis and neuroinflammation plays an important role in the pathogenesis of cerebral ischemia-reperfusion injury. Toosendanin (TSN), a triterpenoid compound, exhibits a wide range of pharmacological activities in human diseases. Here we investigated the potential neuroprotective effects of TSN in cerebral ischemia-reperfusion injury. METHODS: In our study, in vivo murine middle cerebral artery occlusion (MCAO) model and in vitro oxygen-glucose deprivation/r"
42208355,10.1016/j.prp.2026.156558,Network pharmacology-based identification of cardamomin as a ferroptosis inhibitor in ischemic stroke via SP1/ALOX5 axis.,"Pathology, research and practice",2026,"Shao, Libo",Arachidonate 5-lipoxygenase; Cardamomin; Ferroptosis; Ischemic stroke; Specificity protein 1,"BACKGROUND: Ischemic stroke (IS) causes high mortality and disability, yet current thrombolytic therapy is constrained by narrow time windows and side effects. Ferroptosis has recently as a critical pathological mechanism in cerebral ischemia-reperfusion injury, but effective modulators remain lacking. Cardamomin shows neuroprotective potential; however, its role in regulating ferroptosis during IS is unknown and warrants urgent investigation. METHODS: Potential targets of cardamomin were identi"
42186809,10.1096/fj.202504432R,Nuclear Factor Erythroid 2-Related Factor 2-Dependent Ferroptosis Suppression by Salvianolic Acid B Preserves Microvascular Integrity and Reduces Risk Factors for Hemorrhagic Transformation After Cerebral Infarction.,FASEB journal : official publication of the Federation of American Societies for,2026,"Liang, Jiandong","Animals; *NF-E2-Related Factor 2/metabolism/genetics; *Ferroptosis/drug effects; Depsides; Mice; Male; *Benzofurans/pharmacology; Mice, Inbred C57BL; Reperfusion Injury/metabolism; Coenzyme A Ligases/metabolism/genetics; *Cerebral Infarction/metabolism/drug therapy/pathology; *Infarction, Middle Cerebral Artery/metabolism; Oxidative Stress/drug effects; *Microvessels/drug effects/metabolism; Neuroprotective Agents/pharmacology; ACSL4; Nrf2; cerebral infarction; ferroptosis; reperfusion injury; salvianolic acid B","This study aimed to elucidate the mechanism by which salvianolic acid B (Sal B) protects against reperfusion-induced vascular damage following cerebral infarction, specifically investigating its role in preserving microvascular integrity through the ACSL4/Nrf2 axis-mediated inhibition of ferroptosis. A mouse model of cerebral ischemia/reperfusion injury was established via middle cerebral artery occlusion (MCAO). Mice were divided into Sham, MCAO, MCAO+Sal B, and MCAO+Sal B + ML385 (Nrf2 inhibit"
42180524,10.1016/j.apsb.2026.03.025,Extracellular vesicles: Revolutionizing targeted therapy for ischemic stroke.,Acta pharmaceutica Sinica. B,2026,"Bai, Ju",Blood-brain barrier; Extracellular vesicles; Functional recovery; Ischemic stroke; Neuroprotection; Oxidative stress; Pathomechanism; Targeted therapy,"Ischemic stroke (IS) remains a leading cause of global death and disability, with treatment effectiveness limited by its complex mechanisms, which include blood-brain barrier (BBB) disruption, neuroinflammation, excitotoxicity, oxidative stress, and cell death. This review summarizes emerging research on extracellular vesicle (EV)-based therapies for IS. EVs, sourced from animals, plants, and microbes, have unique benefits as natural nanocarriers, such as inherent BBB permeability, biocompatibil"
42177168,10.1038/s41419-026-08866-z,Iron chelation targets lipid metabolism to reduce white matter injury in germinal matrix hemorrhage.,Cell death & disease,2026,"Cheng, Bokun",Animals; *Lipid Metabolism/drug effects; *White Matter/drug effects/pathology/metabolism/injuries; Humans; *Iron Chelating Agents/pharmacology/therapeutic use; Rabbits; Iron/metabolism; Deferoxamine/pharmacology; Ferroptosis/drug effects; *Cerebral Hemorrhage/drug therapy/metabolism/pathology; Male; Apoptosis/drug effects,"Germinal matrix hemorrhage-intraventricular hemorrhage (GMH-IVH) leads to neural cell death and inflammation, resulting in white matter injury in premature infants. Here, we show that IVH-induced iron deposition, ferroptosis, myelination failure, and disruption in lipid and oxylipin metabolism are mitigated by iron chelation using deferoxamine. We also identify the specific lipid and oxylipin metabolites and enzymes dysregulated in IVH, which are rescued by deferoxamine treatment. Our findings r"
42163737,10.2174/0113816128429490260405221355,Network Pharmacology and Bioinformatics Analysis of the Mechanisms Underlying Nao Xue Ping in Intracerebral Hemorrhage Treatment.,Current pharmaceutical design,2026,"He, Lingqian",MM/GBSA; Nao Xue Ping; bioinformatics; intracerebral hemorrhage; molecular docking; molecular dynamics simulations; network pharmacology,"INTRODUCTION: Intracerebral hemorrhage (ICH) is a devastating subtype of stroke with high mortality and limited therapeutic options. Traditional Chinese medicine (TCM), such as Nao Xue Ping (NXP), has shown clinical efficacy in ICH management, but its mechanisms remain unclear. METHODS: We employed network pharmacology and molecular docking to investigate the mechanisms of NXP. Active compounds were identified using TCMSP and ETCM databases, while GeneCards and OMIM databases provided ICH-relate"
42148083,10.3389/fimmu.2026.1807104,Ferroptosis-immune crosstalk in CNS diseases: mechanisms and translational insights.,Frontiers in immunology,2026,"Li, Lili",Humans; *Ferroptosis/immunology; Animals; *Central Nervous System Diseases/immunology/metabolism; Iron/metabolism; Neuroimmunomodulation; Neuroinflammatory Diseases; central nervous system disorders; ferroptosis; immune microenvironment; immune response; therapeutic opportunities,"Ferroptosis is a form of regulated cell death driven by iron-dependent lipid peroxidation, which plays a pivotal role in regulating the inflammatory-immune microenvironment of central nervous system (CNS) diseases. Mounting evidence indicates that dysregulated iron metabolism and an imbalance in antioxidant defenses can induce ferroptosis in neurons and glial cells while simultaneously remodeling immune cell function, thereby establishing a bidirectional feedback loop that amplifies neuroinflamm"
42125088,10.2147/IJN.S574711,Synergistic Neuroprotection of Fe(3)O(4) Nanoparticles Combined with Intermittent Theta Burst Stimulation in Ischemic Stroke via Nrf2-Mediated Ferroptosis Regulation.,International journal of nanomedicine,2026,"Huang, Ying-Ying","Animals; *NF-E2-Related Factor 2/metabolism; *Ferroptosis/drug effects; *Ischemic Stroke/therapy/metabolism; *Neuroprotective Agents/pharmacology/chemistry/pharmacokinetics; *Transcranial Magnetic Stimulation/methods; Rats; Male; *Magnetite Nanoparticles/chemistry; Rats, Sprague-Dawley; Blood-Brain Barrier/metabolism/drug effects; *Magnetic Iron Oxide Nanoparticles/chemistry; ferroptosis; ischemic stroke; nanoparticles; polarization of microglia; transcranial magnetic stimulation","BACKGROUND: Ischemic stroke (IS) accompanied by reperfusion injury results from a cascade of events, including oxidative stress, inflammation, and neuronal apoptosis. Current therapies are limited by poor blood-brain barrier (BBB) penetration and insufficient targeting efficiency. OBJECTIVE: This study developed an iTBS-Fe(3)O(4) nanoparticle system to enhance magnetic targeting and explore its potential multi-pathway neuroprotective effects. METHODS: We constructed a therapeutic platform integr"
42101824,10.1002/smll.202514883,A Monocyte-Targeted Nanoplatform for Phagocytosis Activation and Ferroptosis Inhibition in Intracerebral Hemorrhage.,"Small (Weinheim an der Bergstrasse, Germany)",2026,"Li, Qingnian","Animals; *Phagocytosis; *Cerebral Hemorrhage/pathology/metabolism; *Ferroptosis/drug effects; *Monocytes/metabolism/drug effects; *Nanoparticles/chemistry; Mice; Mice, Inbred C57BL; Macrophages/metabolism; Humans; Microglia/metabolism; Male; TLR9 agonist; aptamer; intracerebral hemorrhage; iron chelation; monocyte-derived macrophages; nanoparticle drug delivery","Intracerebral hemorrhage (ICH) is a highly fatal subtype of stroke characterized by vascular rupture and hematoma formation, leading to both primary mechanical damage and secondary neuroinflammatory injury. While both microglia and infiltrating monocytes contribute to hematoma clearance, their distinct roles and therapeutic potential remain unclear. Moreover, the erythrophagocytic process is tightly constrained by the CD47-SIRPalpha signaling axis, which impairs effective resolution. Through int"
42099628,10.3389/fimmu.2026.1807395,The role of remote ischemic conditioning in ischemic stroke: neuroprotective mechanisms and future directions.,Frontiers in immunology,2026,"Yu, Tianrui",Humans; *Ischemic Preconditioning/methods; Animals; *Ischemic Stroke/therapy/metabolism; *Neuroprotection; Brain Ischemia; combination therapy; ischemic stroke; neuroinflammation; neuroprotection; remote ischemic conditioning,"Despite advances in vessel recanalization, ischemic stroke remains a leading cause of mortality, highlighting the need for comprehensive neuroprotective strategies such as remote ischemic conditioning (RIC). This review evaluates the multitargeted mechanisms of RIC, its progress in clinical translation, and the key factors determining its efficacy. In preclinical models, RIC exerts neuroprotection by modulating neuroinflammation, preserving the blood-brain barrier, and promoting angiogenesis and"
42097314,10.1016/j.bcp.2026.118033,"Ginsenoside Rd: molecular mechanisms, pharmacological activities, and therapeutic potential.",Biochemical pharmacology,2026,"Tan, Xiaoqin",*Ginsenosides/pharmacology/therapeutic use/chemistry; Humans; Animals; Oxidative Stress/drug effects/physiology; Ginsenoside Rd; Ischemic stroke; Mitochondrial dysfunction; Neuroinflammation; Neuroprotection; Oxidative stress,"Ginsenoside Rd (Rd), a major protopanaxadiol saponin from Panax species, is a pleiotropic candidate with potential relevance for treating ischemic, inflammatory, metabolic, and degenerative diseases. Over the past two decades, evidence from cellular systems, animal models, and early clinical studies indicates that Rd provides multi-level protection by modulating oxidative stress, inflammatory signaling, calcium dysregulation, mitochondrial dysfunction, and regulated cell death. Mechanistic studi"
42086778,10.1038/s41598-026-51280-w,Hesperetin alleviates cerebral ischemia-reperfusion injury by suppressing neuronal ferroptosis.,Scientific reports,2026,"Xue, Yuhao",*Hesperidin/pharmacology; Animals; *Ferroptosis/drug effects; *Reperfusion Injury/drug therapy/metabolism/pathology; *Neurons/drug effects/metabolism/pathology; Reactive Oxygen Species/metabolism; Glutathione/metabolism; Lipid Peroxidation/drug effects; *Brain Ischemia/drug therapy/metabolism/pathology; Mice; Phospholipid Hydroperoxide Glutathione Peroxidase/metabolism; Iron/metabolism; *Neuroprotective Agents/pharmacology; Male; Apoptosis; Ferroptosis; Hesperetin; Ischemia-reperfusion injury,"Hesperetin (HSP), a natural flavonoid, demonstrates significant therapeutic effects on cardiovascular and cerebrovascular diseases and displays a strong application potential in the aspects of anti-inflammation and anti-oxidation. Cerebral ischemia-reperfusion is accompanied by the generation of inflammatory storms and the accumulation of reactive oxygen species (ROS), ultimately resulting in neuronal damage. While Hesperetin has been widely studied in the treatment of cardiovascular diseases, i"
42072145,10.3390/antiox15040502,Ferroptosis in Vascular Diseases: A Mechanistic and Immunological Perspective on Therapeutic Targeting.,"Antioxidants (Basel, Switzerland)",2026,"Cui, Yiyang",cell death; ferroptosis; inflammation; mechanisms; vascular diseases,"Vascular diseases impose a heavy global burden, yet existing therapies have limitations, necessitating novel drug targets. Ferroptosis, an iron-dependent, lipid peroxidation-driven form of cell death, acts not only as an initiator of metabolic collapse but also as a sterile inflammatory trigger by releasing damage-associated molecular patterns (DAMPs) and activating pro-inflammatory pathways. In this paper, we propose the ""ferroptosis-inflammation circuit"" as a self-amplifying loop where ferropt"
42057848,10.3389/fphar.2026.1768692,"APMCG-1: a mountain-cultivated ginseng-derived glycopeptide alleviates cerebral ischemic injury by resisting oxidative stress, ferroptosis and inflammation via the Nrf2 signaling pathway.",Frontiers in pharmacology,2026,"Wu, Yuci",Nrf2; ferroptosis; ginseng; inflammation; ischemic stroke; oxidative stress,"BACKGROUND: APMCG-1 is a glycopeptide derived from the mountain-cultivated ginseng C. A. Mey (APMCG-1), and recent studies have demonstrated its neuroprotective effects. Concurrently, ferroptosis plays an indispensable role in the pathogenesis of ischemic stroke. Investigate the neuroprotective effects of APMCG-1 in mitigating cortical brain injury and neurological dysfunction by suppressing oxidative stress, ferroptosis, and inflammation via the Nrf2 pathway. METHODS: Rats underwent middle cere"
42053094,10.1002/kjm2.70212,ZFP36L1 Enhances Microglial Ferroptosis in Ischemic Stroke by Reducing FTO-Mediated N6-Methyladenosine Demethylation of ACSL1 mRNA.,The Kaohsiung journal of medical sciences,2026,"Song, Ai-Xia",ACSL1; FTO; ZFP36L1; ferroptosis; ischemic stroke,"Microglia play an important role in ischemic stroke (IS). However, the molecular regulatory mechanisms underlying microglial ferroptosis in IS remain incompletely understood. In this study, blood samples were collected from 20 IS patients and 15 healthy volunteers. Microglia BV-2 subjected to oxygen-glucose deprivation/reoxygenation (OGD/R) and mice undergoing middle cerebral artery occlusion-reperfusion (MCAO/R) surgery were used to establish IS models. Our results revealed that in blood sample"
42039294,10.1016/j.apsb.2026.01.014,A spatiotemporal selective bioinspired hybrid system engineered for preventing post-thrombolysis recurrence by inhibiting the ferroptosis pathway and reprogramming macrophages.,Acta pharmaceutica Sinica. B,2026,"Hao, Tianjiao",Biomimetic hybrid nanocarriers; Efficient thrombolysis; Ferroptosis; Macrophages regulation; Multiple covalent targeting system; Post-thrombolysis recurrence; Thrombus; Thrombus microenvironment improvement,"Cardiovascular diseases induced by arterial thrombosis, such as myocardial infarction and ischemic stroke, have gradually emerged as critical threats to human life and health. Sequentially targeted delivery systems are highly desired to be developed to improve the delivery of thrombolytics and anti-inflammatory medications to the site of the thrombus, respectively, to pursue a maximized combinational effect. Herein, we developed a probiotic-platelet hybrid vesicle-targeted drug delivery system ("
42033589,10.1007/s12013-026-02078-0,Sugiol Alleviates Cerebral Ischemia/Reperfusion Injury in the Early Phase Involving the LRRK2/NF-kappaB Pathway.,Cell biochemistry and biophysics,2026,"Yang, Junli",Cerebral ischemia/reperfusion injury; Ferroptosis; Inflammation; Sugiol,"The objective was to investigate the therapeutic effects and possible mechanism of sugiol on cerebral ischemia/reperfusion injury (CIRI). The middle cerebral artery occlusion (MCAO) model of rats and oxygen-glucose deprivation (OGD) model were established. To investigate the effects of sugiol on CIRI, neurological score assessment, H&E staining, Nissl staining, TUNEL staining, western blot, RT-qPCR, DCFH-DA staining, CCK-8, and flow cytometry were performed. Network pharmacology analysis was per"
42027668,10.1016/j.jpha.2025.101431,Distinct types of regulated cell death in atherosclerosis.,Journal of pharmaceutical analysis,2026,"Cao, Danyi",Atherosclerosis; Macrophages; Regulated cell death; Vascular endothelial cells; Vascular smooth muscle cells,"Atherosclerosis (AS) is a chronic inflammatory disorder with high morbidity and mortality, leading to serious complications like myocardial infarction and strokes. Key cell types involved in atherosclerotic lesions include vascular endothelial cells (VEC), vascular smooth muscle cells (VSMC) and macrophages. Types of regulated cell death (RCD) are significant in the development and progression of AS, including apoptosis, autophagy, necroptosis, efferocytosis, ferroptosis, pyroptosis, parthanatos"
42003910,10.7150/ijbs.114815,TIM-4(+) skeletal muscle Resident Tissue Macrophages Ferroptosis mediated Rhabdomyolysis in Exertional Heatstroke.,International journal of biological sciences,2026,"Tang, Youyong","Animals; *Ferroptosis/physiology/genetics; *Macrophages/metabolism; Mice; *Heat Stroke/metabolism; *Muscle, Skeletal/metabolism; *Rhabdomyolysis/metabolism; NLR Family, Pyrin Domain-Containing 3 Protein/metabolism; *Membrane Proteins/metabolism/genetics; Inflammasomes/metabolism; Mice, Inbred C57BL; Heme Oxygenase-1/metabolism/genetics; Lipid Peroxidation; Ferroptosis; NOD-like receptor family pyrin domain containing 3; Rhabdomyolysis.; T cell membrane protein 4-positive skeletal muscle resident tissue macrophages; olfactory receptor 2","Skeletal muscle resident tissue macrophages (smRTMs) are strategically positioned to sense myofiber injury and coordinate inflammatory responses, but their mechanistic contribution to exertional heatstroke (EHS)-associated rhabdomyolysis (RM) remains poorly defined. Here, we delineate a ferroptosis-dependent pathway in smRTMs that drives RM during EHS. Using mouse model of EHS, in combination with single-cell RNA sequencing, smRTM-targeted Hmox1 deletion and pharmacological modulation of ferropt"
41971383,10.3389/fnut.2026.1778396,From diet to brain repair: natural bioactive compounds in post-ischemic stroke recovery.,Frontiers in nutrition,2026,"Bu, Fan",food-derived compounds; ischemic stroke; molecular mechanisms; natural bioactive compounds; therapeutic interventions,"Stroke represents the leading cause of disability and mortality worldwide, often resulting in long-term neurological deficits, extensive neuronal damage and inflammatory cascades. Ischemic stroke, which accounts for about 80% of stroke cases, is characterized by the sudden loss of blood circulation to an area of the brain, resulting in a corresponding loss of neurologic function. The blood supply interruption induced oxidative stress, mitochondrial dysfunction, neuroinflammation, and gut dysbios"
41964701,10.1007/s11064-026-04751-5,Targeting Ferroptosis and Necroptosis to Treat Stroke.,Neurochemical research,2026,"Sandra Monserrat, Bautista-Perez",*Necroptosis/drug effects/physiology; *Ferroptosis/drug effects/physiology; *Ischemic Stroke/drug therapy/metabolism; Humans; Oxidative Stress/drug effects/physiology; *Neuroprotective Agents/therapeutic use; Ferroptosis; Ischemic stroke; Necroptosis; Oxidative stress,"Ischemic stroke is a leading cause of death and long-term disability worldwide. It results from cerebral blood flow obstruction (ischemia) and, in some cases, the restoration of cerebral blood flow (reperfusion), triggering a cascade of pathophysiological events collectively known as the ischemic cascade and reperfusion injury, which leads to the activation of different regulated cell death types, and this review focuses on necroptosis and ferroptosis. Both pathways are closely linked to oxidati"
41938173,10.1002/mco2.70704,"Cerebral Infarction: Epidemiology, Classification, Mechanisms, Diagnosis, and Management.",MedComm,2026,"Zhang, Meibiao",biomarkers; ischemic stroke; multiomics; neuroimaging; pathophysiology; precision medicine,"Cerebral infarction, the pathological basis of ischemic stroke, remains a leading cause of mortality and long-term disability worldwide. Its clinical heterogeneity reflects the complex interplay among vascular pathology, metabolic failure, immune responses, and genetic susceptibility, posing persistent challenges to effective risk stratification and individualized therapy. This review provides an integrative overview of cerebral infarction from a precision medicine perspective, synthesizing adva"
41922046,10.1016/bs.acc.2025.11.004,RNA biomarkers in hemorrhagic stroke.,Advances in clinical chemistry,2026,"Khavandegar, Armin",Humans; Biomarkers/metabolism/analysis; *Hemorrhagic Stroke/diagnosis/genetics/metabolism; *RNA/genetics/analysis/metabolism; Animals; MicroRNAs/genetics; Diagnosis; Hemorrhagic stroke; Pathways; Prognosis; RNA; Treatment,"Hemorrhagic stroke (HS), characterized by the rupture of cerebral blood vessels and bleeding into brain tissue, leads to high mortality and morbidity, necessitating improved methods for diagnosis, prognosis, and treatment. This chapter explores the pivotal role of ribonucleic acids (RNAs), particularly non-coding RNAs (ncRNAs) like microRNAs (miRNAs), long non-coding RNAs (lncRNAs), and circular RNAs (circRNAs), in the molecular pathology of HS and their potential as biomarkers and therapeutic t"
41903061,10.1007/s12035-026-05814-y,Glycine Alleviates H(2)O(2)-Induced Ferroptosis in Mouse Hippocampal Neuron HT22 Cells via the GlyRa1/USP35/FPN1 Signaling Pathway.,Molecular neurobiology,2026,"Cai, Yinglu","Animals; *Ferroptosis/drug effects; *Signal Transduction/drug effects; *Hydrogen Peroxide/toxicity; *Neurons/drug effects/metabolism; Mice; *Glycine/pharmacology; Cell Line; *Hippocampus/metabolism/pathology/cytology; Ferroportin; *Receptors, Glycine/metabolism; *Cation Transport Proteins/metabolism; Reactive Oxygen Species/metabolism; *Endopeptidases/metabolism; Neuroprotective Agents/pharmacology; Cell Survival/drug effects; Oxidative Stress/drug effects; Glutathione/metabolism; Ferroportin; Ferroptosis; Glycine; Ischemic stroke; Neuroprotection; Oxidative stress; Ubiquitin-specific peptidase 35","Ferroptosis is a novel form of programmed cell death driven by iron-dependent lipid peroxidation, which is present in many cerebrovascular diseases that include ischemic stroke. Glycine, one of the primary components of glutathione (GSH), plays an important role in anti-oxidation, against ischemic damage, immunity improvement, and so on. However, the molecular mechanism by which glycine alleviates ferroptosis is not yet clear, especially in neurons. In the current study, we demonstrated the cyto"
41889892,10.64898/2026.03.12.711396,Multifunctional nanozyme therapy accelerates hematoma clearance and attenuates genome damage and senescence after intracerebral hemorrhage.,bioRxiv : the preprint server for biology,2026,"Malojirao, Vikas H",,"Intracerebral hemorrhage (ICH) is a devastating form of stroke characterized by rapid hematoma formation in the brain, resulting in multiple pathological events due to mass effect and toxicity of extravasated blood and its blood products. ICH leads to poor long-term outcomes despite advances in hematoma management, largely due to secondary injury mechanisms. Hemin and iron released in the peri-hematomal environment trigger genome damage, transient senescence, and inflammatory signaling that may "
41869397,10.2147/IJN.S590652,A Self-Assembling Nanomodulator for Synergistic Therapy of Intracerebral Hemorrhage.,International journal of nanomedicine,2026,"Yun, Tian","Animals; *Cerebral Hemorrhage/drug therapy/metabolism; Mice; *Tumor Necrosis Factor-alpha/chemistry/pharmacology; Male; Disease Models, Animal; Microglia/drug effects; Reactive Oxygen Species/metabolism; Hippocampus/cytology; Oxidative Stress/drug effects; Mice, Inbred C57BL; Humans; Drug Delivery Systems; DNA nanotechnology; ICH synergistic therapy; biomaterials; nanomedicine","INTRODUCTION: Intracerebral hemorrhage (ICH) has high mortality and morbidity due to a complex secondary injury phase driven by oxidative stress and excessive inflammation. Given the limited efficacy of singularly-targeted therapies, there is a pressing need for novel therapeutic strategies capable of simultaneously modulating multiple aspects of this pathophysiological network. METHODS: We developed a self-assembled nanomodulator, namely TNF@Gin: Targeted Nano Flower loaded with Ginkgetin (TNF@"
41828509,10.3390/ijms27052279,Molecular Mechanisms and Targeted Intervention Strategies of Calcium Overload in Ischemic Stroke.,International journal of molecular sciences,2026,"Jiang, Yuwei",Humans; *Ischemic Stroke/metabolism/drug therapy/pathology; Animals; *Calcium/metabolism; Calcium Signaling/drug effects; Neurons/metabolism; *Brain Ischemia/metabolism; Mitochondria/metabolism; calcium overload; excitotoxicity; ischemic stroke; neuroprotection,"Ischemic stroke is a leading cause of global neurological mortality and disability, characterized by a complex pathogenesis wherein calcium overload constitutes a pivotal mechanism in neuronal and glial cell death. Following ischemia and reperfusion, excitotoxicity triggered by excessive glutamate release activates NMDA receptors and voltage-dependent calcium channels, leading to a large accumulation of intracellular Ca(2+). This calcium dyshomeostasis subsequently initiates a cascade of detrime"
41792176,10.1038/s41598-026-38642-0,Huperzine A improves neurological function in mice with intracerebral hemorrhage by alleviating neuroinflammation and ferroptosis.,Scientific reports,2026,"Wang, Shanjun","Animals; *Ferroptosis/drug effects; *Alkaloids/pharmacology/therapeutic use; *Cerebral Hemorrhage/drug therapy/metabolism/pathology; *Sesquiterpenes/pharmacology/therapeutic use; Mice; *Neuroprotective Agents/pharmacology; Male; *Neuroinflammatory Diseases/drug therapy/metabolism/pathology; Disease Models, Animal; Phospholipid Hydroperoxide Glutathione Peroxidase/metabolism; Mice, Inbred C57BL; Neurons/drug effects/metabolism; Ferroptosis; Huperzine A; Intracerebral hemorrhage; Neuroinflammation; Neurological function","Intracerebral hemorrhage (ICH) is a devastating neurological condition that is characterized by high morbidity and long-term disability, which frequently results in severe neurological deficits. Given the limited therapeutic options, pharmacological neuroprotection has emerged as a crucial area of research. This study explored the neuroprotective potential of huperzine A (HupA) in a murine model of collagenase-induced ICH in the caudate nucleus. Three experimental groups-Sham, ICH, and ICH + Hup"
40726475,10.1177/23969873251329993,"11th European Stroke Organisation Conference Abstracts - 21-23 May 2025, Helsinki, Finland.",,2025,,,
37874422,10.1186/s40635-023-00546-y,ESICM LIVES 2023.,,2023,,,
39368755,10.1016/j.ygcen.2024.114617,Low-temperature-induced disruption of reproductive axis and sperm vitality via stress axis in Monopterus albus.,General and comparative endocrinology,2024,"Gao, Xiaowen","Animals; Male; *Spermatozoa/metabolism/physiology; Cold Temperature; Testis/metabolism; Stress, Physiological/physiology; Reproduction/physiology; Eels/physiology/metabolism; Spermatogenesis/physiology; Low temperature; Metabolomics analysis; Ricefield eel; Sperm vitality; Transcriptome analysis",The ricefield eel (Monopterus albus) is inherently timid and highly sensitive to stress. Our previous studies have shown that low-temperature weather could significantly affect the sperm vitality of ricefield eels. This study aims to investigate the regulatory mechanism of low-temperature effects on testicular function and sperm vitality in ricefield eels. The ricefield eels were initially reared at low (10  degrees C) and normal (25  degrees C) temperatures for 24 h. Low temperatures were found
33318075,10.1523/ENEURO.0254-20.2020,TLR4 Signaling Selectively and Directly Promotes CGRP Release from Vagal Afferents in the Mouse.,eNeuro,2021,"Jia, Lin","Animals; Calcitonin; *Calcitonin Gene-Related Peptide; Lipopolysaccharides; Mice; Mice, Knockout; Neurons, Afferent; *Toll-Like Receptor 4/genetics; Cre-loxP; innate immunity; neuropeptide; vagus nerve","There has been a long-standing debate regarding the role of peripheral afferents in mediating rapid-onset anorexia among other responses elicited by peripheral inflammatory insults. Thus, the current study assessed the sufficiency of peripheral afferents expressing toll-like receptor 4 (TLR4) to the initiation of the anorexia caused by peripheral bacterial lipopolysaccharide (LPS). We generated a Tlr4 null (Tlr4(LoxTB)) mouse in which Tlr4 expression is globally disrupted by a loxP-flanked trans"
31442544,10.1016/j.mce.2019.110559,"Cre/lox generation of a novel whole-body Kiss1r KO mouse line recapitulates a hypogonadal, obese, and metabolically-impaired phenotype.",Molecular and cellular endocrinology,2019,"Tolson, Kristen P","Adiposity; Animals; Body Weight; Energy Metabolism; Female; Glucose Intolerance/etiology/metabolism/*pathology; Hypogonadism/etiology/metabolism/*pathology; Integrases/genetics/*metabolism; Male; Metabolic Diseases/etiology/metabolism/*pathology; Mice; Mice, Knockout; Obesity/etiology/metabolism/*pathology; Phenotype; Receptors, Kisspeptin-1/*physiology; *Reproduction; Signal Transduction; Adipose; Energy expenditure; Fat; GPR54; Kiss1; Kiss1r; Kisspeptin; Metabolism; Obesity","Kisspeptin and its receptor, Kiss1r, act centrally to stimulate reproduction. Recent evidence indicates that kisspeptin is also important for body weight and metabolism, as whole-body Kiss1r KO mice, developed with gene trap technology, display obesity and reduced metabolism. Kiss1r is expressed in brain and multiple peripheral tissues, but it is unknown which is responsible for the metabolic phenotype. Here, we sought to confirm that 1) the metabolic phenotype of the gene trap Kiss1r KOs is due"
42569353,10.1016/j.ijpx.2026.100621,Nanozyme-based therapeutic strategies for traumatic brain injury.,International journal of pharmaceutics: X,2026,"Ma, Yi",Catalytic nanomedicine; Ferroptosis; Nanozyme; Neuroinflammation; Oxidative stress; Traumatic brain injury,"Traumatic brain injury (TBI) is a leading cause of mortality and long-term neurological disability worldwide. Secondary injury, characterized by oxidative stress, neuroinflammation, blood brain barrier dysfunction, and lipid peroxidation, plays a crucial role in the progression of neurological damage following the initial mechanical insult. Despite substantial advances in clinical management, current therapeutic strategies remain largely supportive and have shown limited efficacy in preventing t"
42565534,10.1002/advs.77025,Intranasal Delivery of Gallium-Quercetin Nanoparticles for Multi-Target Ferroptosis Inhibition in Parkinson's Disease.,"Advanced science (Weinheim, Baden-Wurttemberg, Germany)",2026,"Xu, Keyang",Parkinson's disease therapy; ferroptosis inhibition; gallium quercetin nanoparticles; intranasal drug delivery; iron metabolism regulation,"Ferroptosis contributes to Parkinson's disease (PD) through interconnected processes including iron dysregulation, oxidative stress, and mitochondrial dysfunction, yet current therapies targeting single pathways remain insufficient. Herein, we developed gallium-quercetin nanoparticles (GQNPs) as an intranasally deliverable nanoplatform for multi-target ferroptosis inhibition. In vitro, GQNPs suppressed ferroptosis by coordinating iron regulation and antioxidation. Ga(3) (+) interfered with trans"
42564294,10.3389/fnagi.2026.1857642,Ferroptosis-related biomarkers for diagnosis and mechanistic insights into Alzheimer's disease.,Frontiers in aging neuroscience,2026,"Zhao, Mingchen",ATP6V1E1; Alzheimer's disease; NFKBIA; SUB1; bioinformatics analysis; ferroptosis,"BACKGROUND: Alzheimer's disease (AD) lacks reliable early diagnostic biomarkers and effective disease-modifying therapies. Ferroptosis has been increasingly implicated in AD pathogenesis; however, ferroptosis-related genes with diagnostic and mechanistic relevance remain insufficiently characterized. METHODS: Transcriptomic datasets were obtained from the GEO database and analyzed using differential expression analysis and WGCNA, followed by integration with ferroptosis-related gene sets. Key ta"
42560543,10.1007/s11064-026-04823-6,Carboxypeptidase E Alleviates Depressive-Like Behaviors in Mice by Regulating BDNF/Nrf2 Axis-Mediated Ferroptosis.,Neurochemical research,2026,"Li, Wenjie","Animals; *NF-E2-Related Factor 2/metabolism; *Brain-Derived Neurotrophic Factor/metabolism; Mice; *Ferroptosis/physiology/drug effects; Male; *Depression/metabolism; *Carboxypeptidase H/metabolism/genetics; Hippocampus/metabolism/pathology; Oxidative Stress/physiology; Signal Transduction/physiology; Mice, Inbred C57BL; Brain-derived neurotrophic factor; Carboxypeptidase E; Depression; Ferroptosis; Nuclear factor erythroid 2-related factor 2","Carboxypeptidase E (CPE) may be a therapeutic target for depression. This study investigated the mechanistic insights into the possible regulatory role of CPE in ferroptosis in a mouse model of chronic unpredictable mild stress (CUMS)-induced depression. One week before CUMS exposure, mice received injections of adeno-associated virus-CPE. One week after CUMS induction, the Nrf2 inhibitor ML385 was administered. Behavioral tests were performed 3 weeks after CUMS induction. Ionized calcium-bindin"
42550338,10.1007/s11033-026-12520-4,Recent insights in pathogenesis of endometriosis with focus on gut microbiota.,Molecular biology reports,2026,"Kardan, Romina",Humans; *Endometriosis/microbiology/metabolism/immunology; Female; *Gastrointestinal Microbiome/physiology; Animals; Dysbiosis/microbiology; Fecal Microbiota Transplantation; Estrogens/metabolism; Bacterial metabolite; Dysbiosis; Endometriosis; Estrogen; Gut Microbiota; Immune regulation,"EMs is a chronic, estrogen-dependent systemic inflammatory disorder defined by the ectopic implantation of endometrial glands and stroma and is frequently associated with dysmenorrhea, chronic pelvic pain, infertility, and substantial impairment in quality of life. Despite its high prevalence and socioeconomic burden, the etiopathogenesis of EMs remains incompletely elucidated and appears to involve intricate interactions among endocrine dysregulation, immune dysfunction, epigenetic reprogrammin"
42548587,10.3389/fstro.2026.1769395,"Autophagy in ischemic stroke: pathophysiology, therapeutics, and challenges ahead.",Frontiers in stroke,2026,"Tshimbombu, Tshibambe N",autophagy; ischemia-reperfusion injury; ischemic stroke; neuroprotection; therapeutic targets,"Autophagy is a fundamental cellular homeostatic process that exerts a dual, context-dependent influence on the pathophysiology of ischemic stroke. Functioning as both a neuroprotective survival mechanism and a neurotoxic pathway, autophagy presents a complex therapeutic challenge as well as a potential target for molecular intervention. This narrative review synthesizes preclinical and emerging clinical evidence to summarize key mechanisms regulating autophagy in ischemic injury, evaluate therap"
42545731,10.4103/mgr.MEDGASRES-D-26-00073,"Oxidative stress, aging, metabolism, SIRT1, and the gut microbiota: the neurocardiac basis of cognitive loss.",Medical gas research,2026,"Maiese, Kenneth",APOE; Alzheimer's disease; GLP-1; cardiac disease; cell senescence; dementia; diabetes mellitus; gut microbiota; mechanistic target of rapamycin (mTOR); mitochondria; multiple sclerosis; oxidative stress; programmed cell death; silent mating type information regulation 2 homolog 1 (SIRT1),"FactsCardiovascular disease, Alzheimer's disease, and multiple sclerosis share a neurocardiac basis linked by cellular metabolism and diabetes, indicating the presence of common pathological pathways.Current care remains symptomatic and prevention focused, and interventions targeting shared pathways such as oxidative stress, senescence, and autophagy are lacking.Apolipoprotein E (APOE), glucagon-like peptide-1 (GLP-1) agonism, silent mating type information regulation 2 homolog 1 (Saccharomyces "
42545622,10.1007/s13760-026-03150-5,Dysregulation of ferroptosis-related plasma biomarkers in treatment-free patients with relapsing-remitting multiple sclerosis in clinical remission: a case-control study.,Acta neurologica Belgica,2026,"Nazari-Robati, Mahdieh",Ferritin; GPX4; GSH; Iron; MDA; Multiple sclerosis,"BACKGROUND: Ferroptosis, an iron-dependent form of programmed cell death characterized by lipid peroxidation, has emerged as a key mechanism associated with neuroinflammation. This process is particularly relevant in relapsing-remitting multiple sclerosis (RRMS), where neuroinflammatory pathways contribute significantly to disease pathology. METHODS: This study included 38 patients with RRMS and 38 healthy controls. Plasma levels of key ferroptosis-related biomarkers, including malondialdehyde ("
42544873,10.1002/advs.76989,Targeting Hippocampal PTEN Suppresses Ferroptosis and Rescues Cognitive Decline in Alzheimer's Disease via Dual AKT/GSK3beta/Nrf2 and AKT/STAT3 Axes.,"Advanced science (Weinheim, Baden-Wurttemberg, Germany)",2026,"Wang, Da-Wei",alzheimer's disease; ferroptosis; glutathione peroxidase 4; nuclear factor erythroid 2-related factor 2; phosphatase and tensin homolog; signal transducer and activator of transcription 3,"Elevated phosphatase and tensin homolog (PTEN) expression is observed in Alzheimer's disease (AD) brain, yet the precise mechanism through which PTEN contributes to AD progression remains undefined. This study provides the direct evidence that PTEN promotes neurodegeneration by driving neuronal ferroptosis. Using APP/PS1 transgenic mice with hippocampal-specific PTEN knockdown mediated by adeno-associated virus (AAV), we demonstrated that downregulation of PTEN substantially ameliorates cognitiv"
42543885,10.1096/fj.202503867R,Ferroptosis-Based Peripheral Immune Dysregulation and Diagnostic Signatures in Parkinson's Disease: An RNA Transcriptomic and Single-Cell Immune Sequencing Analysis.,FASEB journal : official publication of the Federation of American Societies for,2026,"Cheng, Lei",Humans; *Ferroptosis/genetics/immunology; *Parkinson Disease/immunology/genetics/diagnosis; *Transcriptome; Single-Cell Analysis/methods; Single-Cell Gene Expression Analysis; Female; Gene Expression Profiling; Male; Parkinson's disease; diagnostic model; ferroptosis; immune infiltration; immune microenvironment,"Parkinson's disease (PD) is a common neurodegenerative disorder in which ferroptosis and immune dysregulation have been implicated. However, the crosstalk between ferroptosis-related transcriptional signatures and peripheral immune alterations in PD remain unclear. Herein, we integrated bulk transcriptomic datasets and a peripheral blood single-cell dataset to identify ferroptosis-related genes associated with PD and to evaluate their diagnostic potential. Initially, we identified 16 abnormally "
42536137,10.1007/s11010-026-05666-z,UCHL1-mediated deubiquitination of PARK7 suppresses ferroptosis and enhances tumor progression in triple-negative breast cancer.,Molecular and cellular biochemistry,2026,"Chen, Shaojun",Deubiquitination; Ferroptosis; PARK7; Triple-negative breast cancer; UCHL1,"Triple-negative breast cancer (TNBC) has a poor prognosis due to the lack of targeted treatment. Previous studies have shown that the deubiquitinase UCHL1 is significantly upregulated in TNBC tissues and positively correlated with shorter overall survival in patients, suggesting that UCHL1 may drive TNBC progression. The latest research suggests that ferroptosis deficiency can promote tumor metastasis, but it is still unclear whether UCHL1 affects TNBC by regulating ferroptosis. Based on the pot"
42532345,10.1016/j.neuint.2026.106232,BACH1/HO-1 axis dysregulation links Down syndrome to Alzheimer-like neurodegeneration.,Neurochemistry international,2026,"Di Domenico, Fabio",Alzheimer's disease; BACH1; Down syndrome; HO-1; NRF2,"Down syndrome (DS), caused by trisomy of chromosome 21, is characterized by early-onset oxidative stress, impaired neuronal development, and an increased risk of Alzheimer's disease (AD)-like neuropathology. Among chromosome 21 genes, the transcription factor BTB and CNC homology 1 (BACH1) has emerged as a critical regulator of redox homeostasis. Under physiological conditions, the balance between BACH1 and nuclear factor erythroid 2-related factor 2 (NRF2) warrants tight control of antioxidant "
42528342,10.9758/cpn.26.1403,Neurovascular Actions of Dipeptidyl Peptidase-4 Inhibitors and Their Implications for Cognitive Dysfunction in Type 2 Diabetes Mellitus.,Clinical psychopharmacology and neuroscience : the official scientific journal of,2026,"Mohammad, Aseel H",Cognitive dysfunction; Diabetes mellitus; Dipeptidyl-peptidase IV inhibitors; Glucagon-like peptide 1; Incretins; Nervous system,"Type 2 diabetes mellitus is a major contributor to cognitive dysfunction and neurodegeneration, driven by complex metabolic, vascular, and inflammatory disturbances. Although conventional antidiabetic therapies primarily focus on glycemic control, few effectively preserve the integrity of the neurovascular unit (NVU), a critical determinant of brain health. This review examines the neuroprotective potential of dipeptidyl peptidase-4 (DPP-4) inhibitors, highlighting their unique ability to link m"
42523149,10.1177/13872877261470430,Novel blood lncRNA biomarkers associated with clinical severity and specific cognitive dimensions in Alzheimer's disease.,Journal of Alzheimer's disease : JAD,2026,"Mosquera-Heredia, Maria I",Alzheimer's disease; biomarkers; exosomes; long non-coding RNA; neuropsychological tests; predictive power score,"BackgroundDifferential expression of long non-coding RNAs (lncRNAs) in brain, serum, and blood show strong potential to distinguish Alzheimer's disease (AD) from healthy controls.ObjectiveTo explore whether lncRNA signatures delineate AD pathology and map to distinct, multidimensional cognitive domains, enhancing specificity in assessing AD severity and progression.MethodsWe profiled 29,603 lncRNAs transcripts in blood samples from 15 AD patients and 15 healthy controls, alongside comprehensive "
42521052,10.1016/j.neubiorev.2026.106893,Exploring ferroptosis: Unraveling its potential role in autistic spectrum disorder.,Neuroscience and biobehavioral reviews,2026,"Abaszadeh, Yasaman",Autism spectrum disorder; Ferroptosis; Immune dysregulation; Iron metabolism; Lipid peroxidation,"Autism spectrum disorder (ASD) is a diverse neurodevelopmental disorder characterized by ambiguous etiological mechanisms and the absence of recognized disease-modifying pharmacotherapies. Ferroptosis, an iron-dependent and lipid peroxidation-driven mechanism of regulated cell death, has been associated with neurodevelopment and neurodegeneration, prompting interest in its potential role in ASD. This narrative review consolidates from molecular and clinical studies, animal models, and in vitro s"
42517390,10.2174/011570159X479697260707073238,Targeting Ferroptosis-associated Histone Acylation for Amelioration of Neurological Disease.,Current neuropharmacology,2026,"Guo, Xin",Histone acylation; ferroptosis; hallmark; neurological disease; post-translational modifications; therapeutic strategy,"Ferroptosis is an iron-dependent, lipid peroxidation-driven form of programmed cell death. There is substantial evidence supporting the critical role of ferroptosis in multiple neurological diseases, including stroke, Alzheimer's disease, Parkinson's disease, epilepsy, and traumatic brain injury. Histone acylation, an important epigenetic mechanism, effectively regulates ferroptosis. To date, the regulation of ferroptosis by histone acylation in neurological diseases has rarely been summarized. "
42517186,10.1111/jcmm.71252,"Mitochondrial Dysfunction at the Crossroads of Necroptosis: Mechanisms, Molecular Mediators, and Therapeutic Opportunities.",Journal of cellular and molecular medicine,2026,"Wang, Fengxin",Humans; *Necroptosis; *Mitochondria/metabolism/pathology; Animals; Signal Transduction; Neoplasms/metabolism/pathology; Apoptosis; Neurodegenerative Diseases/metabolism/pathology; Autophagy; Necrosis; Cardiovascular Diseases/metabolism/pathology; cancer therapy; cardiovascular disease; inflammatory pathways; mitochondrial dysfunction; necroptosis; neurodegeneration,"The conceptual landscape of cell death has evolved beyond the traditional dichotomy of apoptosis and necrosis to encompass diverse regulated pathways including necroptosis, autophagy, ferroptosis, and pyroptosis. Necroptosis, a caspase-independent inflammatory form of programmed cell death, has emerged as a critical driver of the pathogenesis of cardiovascular disorders, neurodegenerative diseases, and cancer. Concurrently, our understanding of mitochondrial biology has undergone a paradigm shif"
42514879,10.3390/pharmaceutics18070798,Dual Targeting of AChE Inhibition and GPX4 Binding by Plant-Derived Compounds for the Treatment of Alzheimer's Disease: Insights from Molecular Docking and Molecular Dynamics Simulations.,Pharmaceutics,2026,"Osmanlioglu Dag, Suheda Rumeysa",AChE; Alzheimer's disease; GPX4; ferroptosis; in silico; molecular docking; molecular dynamics simulation,"Background/Objectives: Alzheimer's disease (AD) is primarily characterized by cholinergic dysfunction, for which acetylcholinesterase (AChE) inhibition remains the mainstay of symptomatic treatment. However, additional hypotheses such as ferroptosis-an iron-dependent form of regulated cell death-have gained prominence in explaining disease progression. Glutathione peroxidase 4 (GPX4), a critical antioxidant enzyme, plays a protective role by suppressing ferroptotic pathways. In this context, ide"
42510609,10.3390/antiox15070878,"Plant-Derived Natural Compounds and Nrf2-Centered Redox Signaling in Intracerebral Hemorrhage: Evidence Grading, Mechanistic Boundaries, and Translational Challenges.","Antioxidants (Basel, Switzerland)",2026,"Gao, Xu",Nrf2; evidence grading; ferroptosis; intracerebral hemorrhage; plant-derived natural compounds,"Intracerebral hemorrhage (ICH) is a devastating stroke subtype in which secondary brain injury is driven by oxidative stress, iron overload, ferroptosis, neuroinflammation, blood-brain barrier disruption, and defective hematoma clearance. Nrf2 is a redox-sensitive transcription factor that coordinates antioxidant defense, iron handling, inflammatory regulation, and neurovascular unit protection through downstream effectors such as HO-1, NQO1, GPX4, and SLC7A11. Plant-derived natural compounds ha"
42510529,10.3390/antiox15070798,Metabolic Reprogramming Associated with Ferroptosis Protection by an Indole-Based Antioxidant in Abeta(25-35)-Treated SH-SY5Y Cells.,"Antioxidants (Basel, Switzerland)",2026,"Vietri, Mariapia",Alzheimer; amyloid-beta (Abeta); ferroptosis; indole nucleus; metabolic reprogramming; oxidative stress,"Ferroptosis has emerged as a critical mechanism linking iron dysregulation, oxidative stress, and neurodegeneration in amyloid-associated pathologies. Building on our previous work, which identified compound 20 as a promising antioxidant and neuroprotective agent, the present study investigates the molecular mechanisms underlying its protective activity against amyloid-induced ferroptosis in human neuroblastoma SH-SY5Y cells exposed to Abeta(25-35). Compound 20 (3-(((4-hydroxybenzyl)(methyl)amin"
42505382,10.3390/cells15141272,"Lipid Droplets as Metabolic-Epigenetic Signaling Hubs: Interplay Between Phase Separation, Cellular Adaptation, and Disease.",Cells,2026,"Ai, Bin","Humans; Phase Separation; *Epigenesis, Genetic; *Signal Transduction; *Lipid Droplets/metabolism; Animals; Metabolic Reprogramming; *Adaptation, Physiological; cancer metabolism; cellular adaptation; epigenetics; ferroptosis; lipid droplets; metabolic reprogramming; phase separation","Lipid droplets (LDs) were long thought to be passive organelles merely for neutral lipid storage. Mounting evidence redefines LDs as dynamic metabolic signaling hubs orchestrating cellular stress adaptation, with multifaceted roles in organelle crosstalk, metabolic reprogramming, redox balance and immune signaling. LD function is tightly intertwined with liquid-liquid phase separation (LLPS) and epigenetic remodeling, bridging cellular metabolism to gene expression and cell fate control. LD biog"
42496936,10.1007/s10792-026-04179-4,Neurotoxic effects of dietary glutamate in glaucoma and potential nutritional and pharmacological therapies: a scoping review.,International ophthalmology,2026,"de Castro, Larysse Maria Santiago",Humans; *Glutamic Acid/toxicity/adverse effects/metabolism; *Glaucoma/metabolism/drug therapy; Neuroprotective Agents/therapeutic use; Animals; Oxidative Stress; Retinal Ganglion Cells/pathology; Antioxidants/therapeutic use; *Diet; Excitotoxicity; Glaucoma; Glutamate; Glutamine; Neuroprotection,"PURPOSE: To synthesize the available evidence on the relationship between dietary glutamate or glutamatergic metabolism and glaucomatous neurodegeneration, with emphasis on biomarkers, retinal injury mechanisms, and nutritional, antioxidant, or pharmacological strategies with neuroprotective potential. METHODS: This study was conducted as a systematic and bibliometric literature review following the PRISMA 2020 logic of identification, screening, eligibility, and inclusion. Searches were perform"
42492708,10.1016/j.ijbiomac.2026.153649,"Retraction notice to ""Role of miRNA regulation in IGFBP-2 overexpression and neuronal ferroptosis: Insights into the Nrf2/SLC7A11/GPX4 pathway in Alzheimer's disease"" [Int. J. Biol. Macromol. 287 (2025) 138537].",International journal of biological macromolecules,2026,"Luo, Chenliang",,
42491041,10.3389/fnmol.2026.1820758,Histone lactylation-mediated glycolysis-ferroptosis axis in neurological diseases.,Frontiers in molecular neuroscience,2026,"Wei, Zengrong",epigenetics; ferroptosis; glycolysis; histone lactylation; neurological diseases,"Histone lactylation is an emerging epigenetic modification that covalently links the glycolytic metabolite lactate to histones, thereby establishing a direct link between cellular metabolic status and gene transcription programs. Recent studies have shown that this modification plays a key role in regulating cellular sensitivity to ferroptosis, forming a novel regulatory axis of ""glycolysis-lactylation-ferroptosis."" This article systematically reviews the biological functions of histone lactylat"
42480533,10.1016/j.chembiol.2026.06.010,Dual-function PROTAC suppresses ferroptosis and restores neuronal function via brain-targeted delivery.,Cell chemical biology,2026,"Ma, Tianyu",Delivery; PROTAC; dual-function PROTAC; ferroptosis; lipid nanoparticles; neurodegeneration; targeted protein degradation,"Targeted protein degradation (TPD) via proteolysis-targeting chimeras (PROTACs) offers a promising strategy for modulating disease-associated proteins, yet effective brain-preferred protein degradation remains challenging. Herein, we report a dual-function PROTAC, dACSL4, and its nose-to-brain delivery for brain-preferred protein degradation and therapeutic suppression of ferroptosis in neurodegeneration. dACSL4 selectively degrades acyl-CoA synthetase long-chain family member 4 (ACSL4) while co"
42480356,10.1016/j.ejmech.2026.119169,Dual-acting molecular hybrid strategy: A dopamine D2 receptor agonist with synergistic anti-ferroptosis activity for the treatment of Parkinson's disease.,European journal of medicinal chemistry,2026,"Zhu, Qi",,"Parkinson's disease (PD) is a progressive neurodegenerative disorder. Accumulating evidence suggests iron homeostasis in the substantia nigra pars compacta and the subsequent induction of ferroptosis play pivotal roles in PD pathogenesis. In this study, we proposed a dual-acting molecular hybrid strategy and identified a promising lead compound 27e. 27e exhibited potent agonistic activity on dopamine D2 receptor (EC(50) = 0.0325 nM), demonstrating 10-fold superior to clinical dopamine D2 agonist"
42479245,10.1007/s11011-026-01941-6,Seipin modulates Alzheimer's disease pathogenesis by regulating ferroptosis through a glycine-mediated metabolic pathway.,Metabolic brain disease,2026,"An, Xiaoqiong","Animals; *Alzheimer Disease/metabolism/genetics/pathology; *Ferroptosis/physiology; *GTP-Binding Protein gamma Subunits/metabolism/genetics; *Glycine/metabolism; Mice; Mice, Transgenic; Microglia/metabolism; *Metabolic Networks and Pathways/physiology; *Heterotrimeric GTP-Binding Proteins/metabolism/genetics; Humans; Hippocampus/metabolism; Alzheimer's disease; EQTL; Ferroptosis; Mendelian randomization (MR); Seipin","Alzheimer's disease (AD) remains an incurable neurodegenerative disorder with an elusive pathogenesis, where emerging evidence implicates metabolic dysregulation and ferroptosis in neuronal loss. Although the BSCL2 gene, which encodes Seipin, is crucial for lipid metabolism, its specific role in the progression of AD remains undefined. This study employed Mendelian randomization (MR) analysis, in vivo APP/PS1 mouse models, and in vitro BV2 microglial assays to elucidate the mechanistic axis link"
42474555,10.1007/s11011-026-01939-0,Neural network-enhanced investigation of ferroptosis and druggability in early-onset alzheimer's disease.,Metabolic brain disease,2026,"Singh, Pratibha","*Ferroptosis/physiology/genetics/drug effects; *Alzheimer Disease/metabolism/drug therapy/genetics; Humans; Biomarkers/metabolism; MicroRNAs/genetics/metabolism; Oxidative Stress/physiology; *Neural Networks, Computer; Machine Learning; Alzheimer's disease (AD); Biomarkers; Ferroptosis; MiRNA; Neurodegeneration; Neuroinflammation","Alzheimer's disease (AD) is a complex neurodegenerative disorder which is multifactorial in nature. Some of its characteristics are slow cognitive decline, memory problems and behavioral changes. AD patient brains show a progressive synaptic toxicity, autophagy, neuroinflammation, excess generation of reactive oxygen species (ROS), neuronal death and oxidative stress, which occurs due to disrupted metal homeostasis along with tau and amyloid-beta protein deposition. Notably, lipid peroxidation, "
42474538,10.1007/s10571-026-01775-x,Monomethyl Fumarate Modulates Iron Metabolism and Mitochondrial Function in Microglia with Implications for Multiple Sclerosis Progression.,Cellular and molecular neurobiology,2026,"Dann, Justus","Animals; *Microglia/metabolism/drug effects/pathology; *Mitochondria/drug effects/metabolism; *Fumarates/pharmacology; *Iron/metabolism; *Multiple Sclerosis/metabolism/pathology/drug therapy; Mice; *Maleates/pharmacology; *Disease Progression; Mice, Inbred C57BL; Cells, Cultured; Dimethyl Fumarate/pharmacology; NF-E2-Related Factor 2/metabolism; Microglia; Mitochondria; Neuroinflammation; Neuroprotection; Progressive multiple sclerosis","Fumaric acid esters have proven to be effective medications in relapsing-remitting multiple sclerosis with neuroprotective effects. In this study, we investigated the impact of fumaric acid esters on primary murine microglia in vitro compared to DMSO vehicle control. Monomethyl fumarate (MMF) increased MTT reduction in a dose-dependent manner, whereas dimethyl fumarate (DMF) exhibited a biphasic response with low concentrations enhancing MTT reduction and higher concentrations inducing toxicity."
42468577,10.1016/j.arr.2026.103263,Targeting neuroinflammation and neurodegeneration in Parkinson's disease: Emerging natural and synthetic therapeutic strategies.,Ageing research reviews,2026,"Arbab, Safia",Biotechnology; Gene therapy; Neuroprotection; Oxidative stress; Parkinson's disease; Targeted drug delivery; Therapeutic plants; alpha-synuclein,"Parkinson's disease (PD) is the second most prevalent neurodegenerative disorder worldwide. It is associated with the ongoing degeneration of dopaminergic neurons in the substantia nigra and the formation of Lewy bodies that contain alpha-synuclein. These pathological changes lead to abnormalities of motor symptoms (tremor, rigidity, bradykinesia) and non-motor symptoms (cognitive decline, sleep abnormalities, psychiatric abnormalities). The pathogenesis of PD is complex and multifactorial, invo"
42464547,10.7507/1002-1892.202602018,[Mechanisms of Piezo1-mediated microglial ferroptosis in inhibiting spinal cord injury repair].,Zhongguo xiu fu chong jian wai ke za zhi = Zhongguo xiufu chongjian waike zazhi =,2026,"Wang, Zesen","Animals; *Microglia/metabolism; *Spinal Cord Injuries/metabolism/pathology/physiopathology; *Ferroptosis/physiology; Female; *Ion Channels/metabolism/genetics/antagonists & inhibitors; Mice, Inbred C57BL; Mice; Reactive Oxygen Species/metabolism; Cells, Cultured; Membrane Potential, Mitochondrial; Disease Models, Animal; Recovery of Function; Mitochondria/metabolism; Piezo1; Spinal cord injury; ferroptosis; mice; microglia; neuroinflammation","OBJECTIVE: To investigate the mechanism of the mechanosensitive ion channel Piezo1 in microglial ferroptosis following spinal cord injury (SCI), and to assess the effects of Piezo1 inhibition on ameliorating the injury microenvironment and promoting neurological functional recovery. METHODS: Primary microglia cells were extracted from neonatal 1-2 days C57BL/6 mice and divided into control group, Yoda1 (Piezo1 agonist) group, and Yoda1+GsMTx4 (Piezo1 inhibitor) group. Live/dead cell staining, re"
42451124,10.3390/nu18132121,Neuroprotective Effects of Sorghum Polyphenol in Alzheimer's Disease: In Vitro and In Silico Analyses.,Nutrients,2026,"Abdulraheem, Rasheed A",*Polyphenols/pharmacology/isolation & purification; *Alzheimer Disease/drug therapy/metabolism; *Sorghum/chemistry/genetics; *Neuroprotective Agents/pharmacology; Amyloid beta-Peptides/metabolism; Oxidative Stress/drug effects; Humans; Cell Survival/drug effects; *Plant Extracts/pharmacology; Animals; Computer Simulation; Peptide Fragments/metabolism; Mitochondria/drug effects/metabolism; Mice; Cell Line; Signal Transduction/drug effects; Alzheimer's disease; Sorghum bicolor; amyloid beta; polyphenols; signalling pathways,"BACKGROUND/OBJECTIVE: Accumulation of amyloid-beta (Abeta) senile plaques in the human brain is a major hallmark of Alzheimer's disease (AD), which manifests as progressive decline in memory and cognitive functions and currently lacks effective disease-modifying therapies. Emerging evidence demonstrates that polyphenol-rich plant foods are potential complementary therapies for AD. METHODS: In this study, we investigated crude polyphenol extracts (CPEs) and purified polyphenol extracts (PPEs) fro"
42451075,10.3390/nu18132071,"Maltol Protects Neuronal Cells by Alleviating Chronic Neuroinflammation, Pyroptosis, and Ferroptosis via HSP70 Upregulation in Microglia.",Nutrients,2026,"Wang, Jian-Qiang",*Microglia/drug effects/metabolism; Animals; *HSP70 Heat-Shock Proteins/metabolism/genetics; *Pyroptosis/drug effects; *Neurons/drug effects/metabolism; Mice; Up-Regulation/drug effects; Humans; Toll-Like Receptor 4/metabolism; *Neuroinflammatory Diseases/drug therapy/metabolism; Oxidative Stress/drug effects; Signal Transduction/drug effects; *Neuroprotective Agents/pharmacology; Myeloid Differentiation Factor 88/metabolism; Cell Line; *Pyrones/pharmacology; Male; HMC3 cells; HSP70; ginseng; maltol; microglial pyroptosis; neuroinflammation,"Objectives: Neuroinflammation is recognized as a significant characteristic of Alzheimer's disease (AD). Currently, there is a notable absence of effective pharmacological agents to prevent or treat neuroinflammatory processes associated with AD. Heat shock protein 70 (HSP70) is pivotal in the progression of neuroinflammation. In this study, we explored the potential of maltol, a Maillard reaction product derived from red ginseng, as a therapeutic agent for neuroinflammation. Methods: In vitro, "
42443164,10.1038/s41419-026-09047-8,Lineage-specific Nrf2 signaling orchestrates distinct neuroprotective mechanisms in acute ischemic stroke.,Cell death & disease,2026,"Li, Xiaoxiao",,"Nuclear factor erythroid 2-related factor 2 (Nrf2), a key antioxidant transcription factor, shows neuroprotective potential in ischemic stroke (IS); however, its cell type-specific functions across different neural lineages remain partially understood. This study innovatively employs a comparative knockout paradigm, utilizing neural lineage knockout (Nrf2(flox/flox); Nestin-Cre, targeting neural progenitor cells and their derived lineages) and astrocyte-biased knockout (Nrf2(flox/flox); GFAP-Cre"
42439630,10.3390/cells15131153,Redox-Mitochondria-Immune Network Dysregulation in Schizophrenia: From Selective Cellular Vulnerability to Circuit Dysfunction.,Cells,2026,"He, Tingyan",Humans; *Schizophrenia/immunology/metabolism/pathology; Oxidation-Reduction; *Mitochondria/metabolism/immunology; Oxidative Stress; Animals; biomarker stratification; mitochondrial dysfunction; neuroinflammation; parvalbumin interneurons; redox dysregulation; schizophrenia,"Oxidative stress has been recognized as a repeatedly validated pathophysiological factor in schizophrenia, but its mechanistic role and translational relevance remain incompletely defined. Prior work has advanced redox dysregulation, neuroinflammation, and NMDA receptor hypofunction as a putative central hub in schizophrenia. This narrative review proposes an evidence-weighted redox-mitochondria-immune framework that integrates peripheral biomarkers, magnetic resonance spectroscopy, postmortem f"
42437012,10.1016/j.ibneur.2026.05.015,Taurochenodeoxycholic acid alleviates MPP(+)/MPTP-induced neurotoxicity in vitro and in vivo by suppressing ferroptosis via TGR5/cGAS/STING signaling pathway.,IBRO neuroscience reports,2026,"Wang, Lupeng",Ferroptosis; Parkinson's disease; TGR5; Taurochenodeoxycholic acid; cGAS-STING,"Parkinson's disease (PD) is characterized by progressive loss of dopaminergic neurons in the substantia nigra, with ferroptosis emerging as critical pathogenic mechanisms. Recent evidence suggests that STING activation can induce neuronal ferroptosis through autophagic degradation of GPX4. Taurochenodeoxycholic acid (TCDCA), a naturally occurring bile acid, has demonstrated neuroprotective properties through activation of Takeda G protein-coupled receptor 5 (TGR5). However, whether TCDCA can imp"
42424179,10.1021/acs.est.6c04716,From Screening-Level Profiling of Novel Brominated Flame Retardants to a Putative AOP-Informed Framework for DBDPE-Induced Cognitive Impairment in Zebrafish.,Environmental science & technology,2026,"Hu, Kaiwen",adverse outcome pathway (AOP); decabromodiphenyl ethane (DBDPE); ferroptosis; neurodegeneration-related cognitive impairment; novel brominated flame retardants (NBFRs),"The rapidly expanding use of novel brominated flame retardants (NBFRs), combined with limited knowledge of their effects, raises concerns regarding their potential hazards. To address this gap, screening-level toxicokinetic and toxicity profiling was first conducted for 27 environmentally prevalent NBFRs, followed by zebrafish verification using decabromodiphenyl ethane (DBDPE) as a representative compound. The study further integrated transcriptomic analysis and ferrostatin-1 (Fer-1) interventi"
42421041,10.1186/s13020-026-01466-1,Advances in electroacupuncture for perioperative neurocognitive disorders: mechanisms and clinical evidence.,Chinese medicine,2026,"Wei, Shirong",Electroacupuncture; Perioperative neurocognitive disorders; Postoperative cognitive dysfunction; Postoperative delirium,"Perioperative neurocognitive disorders (PND), including postoperative delirium, delayed neurocognitive recovery, and postoperative cognitive dysfunction, are common complications in older surgical patients and are associated with impaired recovery, reduced quality of life, and increased postoperative morbidity. Current management remains largely supportive and preventive, and effective targeted therapies are still lacking. Electroacupuncture (EA), as a minimally invasive neuromodulatory interven"
42406251,10.1007/s10787-026-02326-y,"Neuropathic pain in traumatic brain injury: consequences, mechanisms, and therapeutic avenues.",Inflammopharmacology,2026,"Fazal, Faaizah",Central sensitization; Glial activation; Neuroinflammation; Neuropathic pain; Post-traumatic headache; Traumatic brain injury,"Traumatic brain injury (TBI) is a global health crisis affecting approximately 27 million individuals annually. Nearly half of TBI survivors develop chronic neuropathic pain, with post-traumatic headache representing the most prevalent pain syndrome. Despite substantial advances in understanding TBI pathophysiology, no unified mechanistic framework links acute neuroinflammation to the chronification of post-TBI pain, and no FDA-approved treatment currently targets TBI-specific neuropathic pain. "
42403480,10.3389/fnins.2026.1855414,The ferroptosis-mediated domino effect: metabolic crosstalk from intervertebral disc degeneration to spinal deformity and cord injury: a mini review.,Frontiers in neuroscience,2026,"Zhang, ZhiYu",blood-spinal cord barrier; ferroptosis; intervertebral disc degeneration; mechanobiology; spinal cord injury; targeted delivery systems,"Spinal degeneration, spinal deformity, and spinal cord injury (SCI) are classically managed as discrete biomechanical or neurological entities. However, emerging evidence reveals them as an interconnected pathological continuum. This mini-review introduces the ""ferroptosis-mediated domino effect"" as the core metabolic driver linking these conditions. The cascade initiates within the avascular intervertebral disc, where aberrant mechanotransduction (e.g., via Piezo1) provokes severe oxidative str"
42400752,10.1007/s12035-026-06039-9,Exerkine-Mediated Regulation of the NLRP3 Inflammasome in Neuroprotection: Mechanistic Insights and the Role of Exercise.,Molecular neurobiology,2026,"Tang, Shaokai","Humans; *NLR Family, Pyrin Domain-Containing 3 Protein/metabolism; Animals; *Inflammasomes/metabolism; *Neuroprotection/physiology; Myokines; *Exercise/physiology; Exercise; Exerkines; Exosomal miRNA; Ferroptosis; Lactylation; NLRP3 inflammasome","Neurodegeneration is a leading cause of long-term disability and cognitive impairment, and the aberrant activation of the NOD-like receptor protein 3 (NLRP3) inflammasome is closely implicated in its pathogenesis. The NLRP3 inflammasome, as a central mediator of inflammatory cascades, can, when excessively activated, promote neuroinflammation and glial polarization, induce neuronal death, disrupt the blood-brain barrier, suppress angiogenesis and neurogenesis, impair synaptic plasticity, and ind"
42398881,10.1016/j.exer.2026.111157,Mitochondrial Dysfunction and Diabetic Retinopathy: Research Progress from Pathogenic Mechanisms to Therapeutic Targets.,Experimental eye research,2026,"Zhu, Xiaoyan",diabetic retinopathy; epigenetic modification; mitochondrial DNA; mitochondrial biogenesis; mitochondrial dynamics; mitochondrial dysfunction; mitophagy; neurovascular unit; oxidative stress; therapeutic targets,"Diabetic retinopathy (DR) is one of the most common microvascular complications of diabetes mellitus (DM) and remains a major cause of visual impairment and blindness in adults. Accumulating evidence indicates that DR is not merely a microvascular disorder, but a complex neurovascular disease driven by long-standing hyperglycemia, metabolic dysregulation, oxidative stress, chronic inflammation, neurodegeneration, and impaired neurovascular coupling. Mitochondria are central regulators of cellula"
42393750,10.1186/s12974-026-03924-x,Microglial checkpoint collapse in Alzheimer's disease: a tri-axial framework for biomarker-informed neuroimmune therapy.,Journal of neuroinflammation,2026,"Zhang, Jiahao",APOE epsilon4; Alzheimer's disease; Biomarker-informed therapy; Complement; Ferroptosis; Lipid-droplet-accumulating microglia; Microglia; NLRP3 inflammasome; TREM2; cGAS-STING,"BACKGROUND: Anti-amyloid antibodies have validated amyloid-beta (Abeta) as a disease-relevant target in Alzheimer's disease (AD), but their modest clinical effect, efficacy largely restricted to early disease, and amyloid-related imaging abnormalities (ARIA) indicate that Abeta removal alone does not resolve the glial, lipid, and inflammatory programmes that sustain neurodegeneration. Microglia sit at the centre of this therapeutic gap. Single-nucleus and spatial profiling has resolved several A"
42391944,10.1016/j.jhazmat.2026.142781,6PPD-quinone induces systemic and transgenerational effects in Caenorhabditis elegans.,Journal of hazardous materials,2026,"Yang, Jijingru",Animals; *Caenorhabditis elegans/drug effects/metabolism; Oxidative Stress/drug effects; Phenylenediamines; Benzoquinones; 6PPD; Epigenetics; Mitochondrial Dysfunction; Model Organism; TRWPs,"N-(1,3-dimethylbutyl)-N'-phenyl-p-phenylenediamine quinone (6PPD-Q), a redox-active transformation product of the tire antioxidant 6PPD, has emerged as a pervasive urban contaminant. Although acute lethality (LC(50) >/= 100 mug/L) occurs above most environmental concentrations, growing evidence indicates that environmentally relevant levels (0.1-10 mug/L), which overlap with measured biological effect thresholds and can reach up to 19 mug/L in urban storm runoff, induce substantial sublethal tox"
42391929,10.1016/j.ejmech.2026.119093,Development of potent BChE/Nrf2 modulators for Alzheimer's disease treatment via dual suppression of ferroptosis.,European journal of medicinal chemistry,2026,"Wang, Yuanyuan",Alzheimer's disease; BChE inhibitors; Ferroptosis inhibition; Multitarget-directed ligands; Nrf2 activators,"Targeting multiple pathological mechanisms holds significant potential for Alzheimer's disease (AD) therapy. Here, we designed 50 hybrids combining the benzimidazole-aminofurazan scaffold of a BChE inhibitor (S06-1064) with the 1,2,4-oxadiazole moiety of an Nrf2 activator (6). After four optimization rounds, S27-1046 and S27-1047 emerged as potent, selective BChE inhibitors and Nrf2 activators (S27-1046: eqBChE IC(50) = 2.51 +/- 1.51 nM, hBChE IC(50) = 128.30 +/- 16.89 nM, FP IC(50) = 188.20 +/-"
42386088,10.1016/j.jep.2026.122146,Trifluoro-icaritin mitigates spared nerve injury-induced neuropathic pain by upregulating spinal alpha7nAChR through suppressing ferroptosis.,Journal of ethnopharmacology,2026,"Luo, Fangting",Ferroptosis; Neuropathic pain; Trifluoro-icaritin; alpha7nAChR,"ETHNOPHARMACOLOGICAL RELEVANCE: Epimedium spp. Has served as a traditional analgesic herbal medicine in Chinese medicine for over two thousand years. Its active metabolite, icariin (ICT), along with its fluorinated derivative, trifluoro-icaritin (ICTF), has been shown in our previous research to alleviate neuropathic pain induced by spared nerve injury (SNI) through an alpha7 nicotinic acetylcholine receptor (alpha7nAChR)-dependent pathway. AIM OF THE STUDY: Neuropathic pain remains a significan"
42385643,10.1016/j.intimp.2026.117098,Vagus nerve stimulation alleviates anxiety by inhibiting ferroptosis-related neuronal damage through alpha7nAChR.,International immunopharmacology,2026,"Sun, Jixiang","Animals; *alpha7 Nicotinic Acetylcholine Receptor/metabolism/agonists/antagonists &; *Vagus Nerve Stimulation; Mice; *Neurons/metabolism/pathology/drug effects; Male; *Anxiety/therapy/metabolism; *Ferroptosis/drug effects; Disease Models, Animal; Mice, Inbred C57BL; Hippocampus/metabolism; Anxiety; Chronic restraint stress; Ferroptosis; Neuroinflammation; Vagus nerve stimulation; alpha7nAChR","BACKGROUND: Anxiety disorder is a highly prevalent mental health issue globally; however, existing therapeutic approaches have limitations such as significant side effects and poor compliance. Vagus nerve stimulation (VNS) has been used to treat emotional distress, while the underlying mechanisms remain elusive. METHODS: A chronic restraint stress (CRS)-induced mouse anxiety model in vivo and a corticosterone (CORT)-induced neuronal cell death model in vitro were employed, followed by treatment "
42382985,10.3389/fncel.2026.1813951,Ferroptosis in intracerebral hemorrhage: a bibliometric overview of mechanisms and future directions.,Frontiers in cellular neuroscience,2026,"Yang, Hanbing",bibliometrics; ferroptosis; intracerebral hemorrhage; molecular mechanisms; research fronts,"INTRODUCTION: Research on ferroptosis in intracerebral hemorrhage (ICH) has expanded rapidly in recent years, but the overall knowledge structure and research trends of this field remain unclear. METHODS: A total of 254 publications related to ferroptosis in ICH from the Web of Science Core Collection and Scopus databases (2014-2025) were analyzed using Bibliometrix, VOSviewer, and CiteSpace. Bibliometric analyses were performed to evaluate publication trends, research hotspots, collaboration ne"
42377703,10.1007/s10787-026-02303-5,Clemastine ameliorates ulcerative colitis-induced cognitive impairment by restoring PI3K/Akt/GSK-3beta signaling and suppressing ferroptosis.,Inflammopharmacology,2026,"Didamoony, Manar A",Autophagy; Clemastine; Ferroptosis; Neuroinflammation; Ulcerative colitis,"Ulcerative colitis (UC) is a refractory inflammatory bowel disease with ongoing colonic inflammation and extra-intestinal manifestations, including cognitive impairment. In this study, we evaluated the peripheral and central effects of clemastine on cognitive impairment induced by UC using an acetic acid (1 ml, 4% v/v) model with emphasis on the role of PI3K/Akt/GSK-3beta signaling, ferroptosis, and autophagy in its possible mediated neuroprotection. Clemastine revealed a dose-dependent improvem"
40424201,10.1080/17582024.2025.2510175,The silent saboteur: oxidative stress and the path to cognitive dysfunction.,,2025,,,
33634751,10.1080/15548627.2020.1797280,Guidelines for the use and interpretation of assays for monitoring autophagy (4th edition)&lt;sup&gt;1&lt;/sup&gt;.,,2021,,,
34585268,10.1007/s00259-021-05356-6,"The false myth of ""iodine allergy"" also in nuclear medicine.",,2021,,,
30561866,10.1111/cas.13904,"""Abstracts of the 77th Annual Meeting of the Japanese Cancer Association; 2018 Sept 27-29; Osaka, Japan"" as Cancer Science, Supplement 2, Vol 109 (2018).",,2018,,,
